0.2235197275876999,0.8081627488136292,0.2292143702507019,0.6699788570404053,0.2577032744884491,0.5561075210571289,0.30026090145111084,0.48548826575279236,0.3406873643398285,0.4454381465911865,0.20310845971107483,0.4803815186023712,0.29764291644096375,0.4207780659198761,0.3072795867919922,0.4748212397098541,0.2954177260398865,0.5017247200012207,0.2140369862318039,0.5179824829101562,0.3179730474948883,0.4873119294643402,0.3131272792816162,0.5497888922691345,0.29035064578056335,0.5650795698165894,0.2336406409740448,0.5684683322906494,0.3314865827560425,0.5406516194343567,0.3194314241409302,0.593685507774353,0.29313400387763977,0.6062060594558716,0.2582436800003052,0.6218097805976868,0.33136630058288574,0.5977239608764648,0.3194926679134369,0.6407939195632935,0.2940969169139862,0.6546141505241394,Fist
0.2790840268135071,0.8704207539558411,0.31043872237205505,0.7491441965103149,0.3425962030887604,0.6393393874168396,0.3868350088596344,0.5714455246925354,0.4255131483078003,0.5262017250061035,0.29704129695892334,0.5187984108924866,0.39130231738090515,0.4873044788837433,0.3909864127635956,0.5462766885757446,0.37231239676475525,0.5720418095588684,0.2957465350627899,0.5625886917114258,0.4054255783557892,0.5597567558288574,0.39668190479278564,0.619500458240509,0.37525445222854614,0.6271392107009888,0.3045332729816437,0.623533308506012,0.4055784344673157,0.6258419156074524,0.3917635977268219,0.6736929416656494,0.36689385771751404,0.679401159286499,0.3190710246562958,0.6894084215164185,0.3985346555709839,0.6846975684165955,0.3861151337623596,0.7191728949546814,0.3605971038341522,0.7245813012123108,Fist
0.30294352769851685,0.9122387170791626,0.36885038018226624,0.8039922714233398,0.417778879404068,0.7041928172111511,0.46174806356430054,0.6511282324790955,0.4969611167907715,0.6350992321968079,0.379913866519928,0.5483278036117554,0.48031336069107056,0.5757979154586792,0.47338196635246277,0.6343501806259155,0.45310407876968384,0.6519955396652222,0.37115341424942017,0.5875285863876343,0.4775093197822571,0.6598026156425476,0.45939770340919495,0.7118300795555115,0.4363020062446594,0.7117732167243958,0.36925092339515686,0.6503957509994507,0.46553680300712585,0.7269051671028137,0.4435432553291321,0.7665957808494568,0.4184996485710144,0.7605536580085754,0.3717370331287384,0.7224704027175903,0.44633615016937256,0.7796905040740967,0.42922836542129517,0.8124830722808838,0.40612131357192993,0.8088385462760925,Fist
0.3178119957447052,0.9052318930625916,0.3933057188987732,0.8126681447029114,0.45176881551742554,0.7340876460075378,0.496978223323822,0.6900776624679565,0.5124810338020325,0.6825745105743408,0.40941494703292847,0.5622236728668213,0.4989831745624542,0.5983702540397644,0.49597933888435364,0.6609382033348083,0.47989019751548767,0.6791102886199951,0.39558279514312744,0.599006175994873,0.4949173927307129,0.6945587992668152,0.4785066246986389,0.7493659853935242,0.4583878815174103,0.7383562922477722,0.3877982199192047,0.6626173853874207,0.4805915653705597,0.7640416026115417,0.46114060282707214,0.8024843335151672,0.44026994705200195,0.7857013940811157,0.386895090341568,0.7372543811798096,0.45972150564193726,0.8209575414657593,0.443645715713501,0.8501878380775452,0.4222889542579651,0.8379423022270203,Fist
0.3175715208053589,0.890630841255188,0.3836824893951416,0.8055548071861267,0.4425196051597595,0.7323350310325623,0.49236926436424255,0.6967178583145142,0.5087080001831055,0.6874436140060425,0.4118841886520386,0.5652440786361694,0.49478641152381897,0.6028110384941101,0.4843332767486572,0.6621644496917725,0.4664865732192993,0.6741935610771179,0.3953458368778229,0.5983951687812805,0.48788154125213623,0.6946079730987549,0.4659009873867035,0.7458168268203735,0.4452640414237976,0.7298582196235657,0.38351622223854065,0.6566751599311829,0.4718444049358368,0.7605778574943542,0.44825899600982666,0.7925140261650085,0.4273153841495514,0.7689622044563293,0.376923143863678,0.7267377376556396,0.44764766097068787,0.8112422823905945,0.42923516035079956,0.8365705013275146,0.40912553668022156,0.8212085366249084,Fist
0.3094881772994995,0.8908218145370483,0.38494881987571716,0.8168221712112427,0.4390266537666321,0.7452337741851807,0.48224344849586487,0.7040018439292908,0.4954548180103302,0.686840832233429,0.4035252034664154,0.5633655190467834,0.4872116446495056,0.6117110848426819,0.47652333974838257,0.6767734289169312,0.4577126204967499,0.6885961890220642,0.38336411118507385,0.5955633521080017,0.476773202419281,0.6950877904891968,0.45622026920318604,0.7544984817504883,0.4363190829753876,0.7403010129928589,0.36899781227111816,0.6523730158805847,0.45942336320877075,0.7596272826194763,0.43624648451805115,0.8000922799110413,0.4136289954185486,0.7781094312667847,0.36031731963157654,0.7213707566261292,0.4313908815383911,0.8088316917419434,0.4156278669834137,0.8428785800933838,0.396854430437088,0.8276554942131042,Fist
0.3163089156150818,0.8888399600982666,0.39221224188804626,0.8147585988044739,0.45022034645080566,0.7485159635543823,0.4940725266933441,0.7114845514297485,0.5054587721824646,0.6999297142028809,0.4135166108608246,0.5628976225852966,0.4970059096813202,0.6200628876686096,0.48638108372688293,0.6779617667198181,0.4679739773273468,0.6850440502166748,0.3938981890678406,0.5962077379226685,0.4875582158565521,0.7073653340339661,0.4666641056537628,0.7581163644790649,0.4474370777606964,0.7424628734588623,0.37974536418914795,0.6556644439697266,0.46778643131256104,0.77227783203125,0.4439912736415863,0.8037100434303284,0.4230358600616455,0.780982494354248,0.3718254566192627,0.7262713313102722,0.4399460256099701,0.8188915848731995,0.42087313532829285,0.8439473509788513,0.3997749388217926,0.8263186812400818,Fist
0.3218453824520111,0.8904317617416382,0.38175952434539795,0.8073416948318481,0.4409134089946747,0.7411614656448364,0.49174368381500244,0.715512216091156,0.5208808779716492,0.7152266502380371,0.4232403337955475,0.5779277682304382,0.5103451609611511,0.6343655586242676,0.4971578121185303,0.6911718249320984,0.4762193262577057,0.6965186595916748,0.4097164273262024,0.611311674118042,0.5031774640083313,0.7162477374076843,0.4831359088420868,0.762973427772522,0.46306148171424866,0.7542039752006531,0.4001980125904083,0.6716744899749756,0.4855577349662781,0.7812846899032593,0.4624183773994446,0.8126717209815979,0.44041502475738525,0.7958437204360962,0.3956490755081177,0.7421633005142212,0.4622546136379242,0.8293132781982422,0.44172224402427673,0.853874146938324,0.41938260197639465,0.8386073112487793,Fist
0.33201250433921814,0.8721516728401184,0.36946049332618713,0.7617145776748657,0.4263745844364166,0.69270920753479,0.48587650060653687,0.667162299156189,0.5237504243850708,0.6704911589622498,0.4180243909358978,0.5758655667304993,0.502505362033844,0.6034563183784485,0.4891144633293152,0.6594238877296448,0.46511998772621155,0.6723785996437073,0.4162990152835846,0.6199826002120972,0.49894335865974426,0.6878722906112671,0.48147839307785034,0.7321005463600159,0.45996224880218506,0.7305408716201782,0.4182775318622589,0.6843251585960388,0.4924349784851074,0.7560895681381226,0.4703466594219208,0.7889143228530884,0.447109580039978,0.7814865112304688,0.4240017533302307,0.7546359300613403,0.4834854006767273,0.8128931522369385,0.46193474531173706,0.8385310769081116,0.4398639500141144,0.8299038410186768,Fist
0.33107760548591614,0.8719536662101746,0.3618357479572296,0.7562190294265747,0.41697877645492554,0.6821415424346924,0.47732654213905334,0.6559382677078247,0.5182619094848633,0.6546228528022766,0.4040241837501526,0.5677016377449036,0.4939686357975006,0.5839552283287048,0.48338502645492554,0.6434881091117859,0.4613873362541199,0.6602111458778381,0.4065508544445038,0.608370840549469,0.4935447573661804,0.6642251014709473,0.47841349244117737,0.7157835364341736,0.4583233892917633,0.7212584018707275,0.4131074845790863,0.6708654165267944,0.4907519519329071,0.7373169660568237,0.4679337739944458,0.7759079933166504,0.4434676468372345,0.7711731791496277,0.4239064157009125,0.7430427670478821,0.4854659140110016,0.7978522181510925,0.46345317363739014,0.829178512096405,0.44011828303337097,0.8248839378356934,Fist
0.32743772864341736,0.8774160146713257,0.35532692074775696,0.7571186423301697,0.40856435894966125,0.6767005324363708,0.46879804134368896,0.6452561616897583,0.5099847912788391,0.6397032141685486,0.39316508173942566,0.5634890198707581,0.48474565148353577,0.5727916359901428,0.4762232005596161,0.635405421257019,0.45460379123687744,0.6556273102760315,0.39793384075164795,0.6045522093772888,0.48716676235198975,0.6566480398178101,0.4732193648815155,0.7105689644813538,0.45315757393836975,0.7168505787849426,0.4064144194126129,0.6682469844818115,0.48681461811065674,0.728310763835907,0.4653339087963104,0.7702659368515015,0.4407348036766052,0.7682231068611145,0.4185774326324463,0.7406346201896667,0.4832706153392792,0.7878785729408264,0.4630889594554901,0.8207809925079346,0.43987271189689636,0.8193876147270203,Fist
0.32466551661491394,0.8819427490234375,0.34916049242019653,0.7604665160179138,0.40173980593681335,0.6722059845924377,0.46293288469314575,0.6345385909080505,0.5060113072395325,0.6261792778968811,0.386190801858902,0.5603593587875366,0.4781947731971741,0.5619508028030396,0.47040659189224243,0.6243228912353516,0.44829055666923523,0.6454390287399292,0.3911358118057251,0.6001671552658081,0.48363059759140015,0.6442356109619141,0.4700029492378235,0.6985819339752197,0.4484441578388214,0.7049499154090881,0.40063756704330444,0.6616042852401733,0.48377692699432373,0.7155912518501282,0.4619060456752777,0.7583068013191223,0.4360133111476898,0.7563604712486267,0.41415005922317505,0.7322515845298767,0.48230403661727905,0.7735159397125244,0.46154648065567017,0.8083247542381287,0.4368637800216675,0.8077321648597717,Fist
0.3265129327774048,0.8771479725837708,0.34898385405540466,0.7540345191955566,0.39804622530937195,0.6638567447662354,0.45586612820625305,0.6179872751235962,0.4992731809616089,0.6081358790397644,0.37462592124938965,0.5551561713218689,0.4660192131996155,0.5407906174659729,0.4611767828464508,0.6014860272407532,0.4409930109977722,0.625120997428894,0.38085418939590454,0.5930141806602478,0.4739794433116913,0.6179816126823425,0.46131500601768494,0.6735563278198242,0.43940579891204834,0.6844380497932434,0.3922678828239441,0.6512593030929565,0.47712674736976624,0.6882118582725525,0.4568363428115845,0.7330350875854492,0.4311423897743225,0.7354918718338013,0.40851590037345886,0.7190026640892029,0.4732692539691925,0.7495880722999573,0.4520694315433502,0.7866564393043518,0.42744797468185425,0.7880116701126099,Fist
0.32921743392944336,0.8816587328910828,0.3666338324546814,0.766176700592041,0.4071018695831299,0.6774588227272034,0.45064589381217957,0.6167969107627869,0.4834407567977905,0.5814476013183594,0.3596685230731964,0.5496158599853516,0.44879350066185,0.5242589712142944,0.4440559446811676,0.585609495639801,0.4245336651802063,0.6091224551200867,0.3623752295970917,0.5757569074630737,0.4603595733642578,0.5886892676353455,0.4489823579788208,0.6474419832229614,0.4266699552536011,0.6617681980133057,0.373879075050354,0.6250339150428772,0.465425580739975,0.6573367714881897,0.4476737082004547,0.7072529792785645,0.422279417514801,0.7125549912452698,0.3937048614025116,0.6872765421867371,0.46213969588279724,0.7241593599319458,0.44309619069099426,0.7640422582626343,0.4190921187400818,0.7633866667747498,Fist
0.33435824513435364,0.8896871209144592,0.4093339145183563,0.7804992198944092,0.4345943331718445,0.6932514309883118,0.4553524851799011,0.630442202091217,0.472385436296463,0.5727644562721252,0.36114463210105896,0.543893575668335,0.4480000138282776,0.5335190296173096,0.4439341425895691,0.6036189794540405,0.426683247089386,0.6288463473320007,0.3501737117767334,0.5614461302757263,0.4586341977119446,0.5823819041252136,0.4456237554550171,0.6555847525596619,0.42284971475601196,0.6689228415489197,0.3498747944831848,0.6017675995826721,0.4543936252593994,0.6407783627510071,0.4380354583263397,0.7024686932563782,0.4127289056777954,0.7092641592025757,0.35757192969322205,0.6559774875640869,0.4381120204925537,0.6955341696739197,0.42578205466270447,0.7435619235038757,0.40311023592948914,0.7462349534034729,Fist
0.34551575779914856,0.8945424556732178,0.42146897315979004,0.8133875727653503,0.46334272623062134,0.7337946891784668,0.48923105001449585,0.6704217195510864,0.48167774081230164,0.6151427030563354,0.402459055185318,0.5639905333518982,0.4717549979686737,0.563824474811554,0.46788546442985535,0.6467369794845581,0.448497474193573,0.666175901889801,0.37541744112968445,0.5697286128997803,0.46016794443130493,0.6132422089576721,0.4482053220272064,0.7034794688224792,0.42487218976020813,0.6997585892677307,0.35665377974510193,0.6024097204208374,0.4380931854248047,0.6585932970046997,0.4243585467338562,0.734346866607666,0.39940860867500305,0.7268233895301819,0.34523674845695496,0.6518246531486511,0.4068049490451813,0.6942456960678101,0.39857593178749084,0.7491545677185059,0.3764902353286743,0.7485300898551941,Fist
0.3674858808517456,0.9018612504005432,0.4366145431995392,0.8360744714736938,0.484097421169281,0.7614173293113708,0.5055174231529236,0.6937400102615356,0.48019614815711975,0.6558935046195984,0.43201252818107605,0.5788796544075012,0.48555657267570496,0.5889101624488831,0.47919249534606934,0.6743001937866211,0.4602120816707611,0.691446840763092,0.3978484272956848,0.5799305438995361,0.459835022687912,0.6378725171089172,0.45089414715766907,0.7294065356254578,0.4300593137741089,0.7239139080047607,0.36936119198799133,0.6102868318557739,0.42964789271354675,0.6774168014526367,0.4231819212436676,0.7531723380088806,0.40215006470680237,0.7456336617469788,0.3462989032268524,0.6572833061218262,0.3957284986972809,0.7043986320495605,0.3953365981578827,0.7585973739624023,0.37713146209716797,0.7592640519142151,Fist
0.38222455978393555,0.9003486633300781,0.44159188866615295,0.8547319769859314,0.48855528235435486,0.7724960446357727,0.5036181807518005,0.6931204795837402,0.47462090849876404,0.6457819938659668,0.45242321491241455,0.6065651178359985,0.48601189255714417,0.5979411602020264,0.47906774282455444,0.6860889196395874,0.4609591066837311,0.7029944062232971,0.41536298394203186,0.5959980487823486,0.4523414075374603,0.6359835267066956,0.4453015625476837,0.736656904220581,0.4283298850059509,0.7184955477714539,0.38131117820739746,0.6164573431015015,0.41624927520751953,0.6673324108123779,0.4147375226020813,0.7501997947692871,0.3982962369918823,0.7328970432281494,0.3508150577545166,0.6494411826133728,0.38293445110321045,0.6912604570388794,0.3867228925228119,0.7485641837120056,0.3718075454235077,0.743834376335144,Fist
0.38584357500076294,0.8999387621879578,0.4386327862739563,0.8564849495887756,0.48203614354133606,0.7603670954704285,0.49456897377967834,0.6727925539016724,0.4693288803100586,0.6137221455574036,0.4618896245956421,0.6230648756027222,0.4885125458240509,0.5948227643966675,0.47934284806251526,0.6766147017478943,0.46101126074790955,0.682493269443512,0.42359697818756104,0.6140557527542114,0.44895002245903015,0.6107044219970703,0.4435271918773651,0.7139569520950317,0.4293980896472931,0.6880154013633728,0.3874169886112213,0.6285855174064636,0.41074785590171814,0.6359177231788635,0.41431427001953125,0.7206698060035706,0.40034669637680054,0.7008874416351318,0.35414236783981323,0.649507462978363,0.37819692492485046,0.6573701500892639,0.38445180654525757,0.715093731880188,0.3699604570865631,0.7122176289558411,Fist
0.38657334446907043,0.8862863183021545,0.43854019045829773,0.8442885279655457,0.4822089672088623,0.751800537109375,0.49434003233909607,0.655254602432251,0.47015219926834106,0.5896140933036804,0.4695449471473694,0.644834578037262,0.489869624376297,0.58160400390625,0.4823199212551117,0.6641250252723694,0.46931028366088867,0.6828904747962952,0.4348566234111786,0.6379751563072205,0.45369401574134827,0.593462347984314,0.4476248621940613,0.701882004737854,0.4375682771205902,0.6888414621353149,0.40089917182922363,0.6432715654373169,0.4173717498779297,0.6076991558074951,0.4190175235271454,0.7038687467575073,0.4096440374851227,0.6987720727920532,0.3644719123840332,0.6507877707481384,0.384999543428421,0.6264483332633972,0.38929036259651184,0.6931893825531006,0.3794700503349304,0.70210200548172,Fist
0.3885327875614166,0.8814074993133545,0.4349822700023651,0.8411538004875183,0.4761389493942261,0.7501053214073181,0.48450443148612976,0.6575934290885925,0.461965948343277,0.5927156805992126,0.4725781977176666,0.6477763056755066,0.4918099641799927,0.5895386338233948,0.477934330701828,0.6700465083122253,0.46497729420661926,0.683502733707428,0.43872541189193726,0.637736439704895,0.4530841112136841,0.5958443284034729,0.4441479444503784,0.6987596154212952,0.43795716762542725,0.685509204864502,0.4054068326950073,0.6419951319694519,0.4168566167354584,0.6092560887336731,0.41604605317115784,0.7036786675453186,0.41029199957847595,0.6975197792053223,0.36985519528388977,0.6487596035003662,0.3836357891559601,0.6254744529724121,0.387034147977829,0.689390242099762,0.3801400065422058,0.6960713863372803,Fist
0.3877406120300293,0.8972498774528503,0.42649972438812256,0.8518319129943848,0.459159791469574,0.7584853768348694,0.4629746675491333,0.6715724468231201,0.43603837490081787,0.6135661602020264,0.4580339193344116,0.6483673453330994,0.46763551235198975,0.5838320851325989,0.4607354700565338,0.6602791547775269,0.45121708512306213,0.6832841634750366,0.42195940017700195,0.6429123282432556,0.4284362494945526,0.6022627353668213,0.42761552333831787,0.7062399387359619,0.4248810410499573,0.6907199025154114,0.38814520835876465,0.6533976197242737,0.390776664018631,0.6212329268455505,0.39900413155555725,0.7095536589622498,0.3970302939414978,0.7040714025497437,0.3538384735584259,0.6689080595970154,0.36005234718322754,0.6477125287055969,0.36930498480796814,0.7043955326080322,0.36613428592681885,0.711757242679596,Fist
0.38183560967445374,0.8967621922492981,0.42058488726615906,0.8532683849334717,0.4543490409851074,0.7602077126502991,0.4586210250854492,0.6697844862937927,0.42814987897872925,0.6117541790008545,0.4501134157180786,0.6435413360595703,0.46123620867729187,0.579919159412384,0.4549359679222107,0.6598238945007324,0.4436376690864563,0.6825217604637146,0.4152678847312927,0.6387859582901001,0.42212918400764465,0.5935098528862,0.4231250286102295,0.695738673210144,0.4187105596065521,0.6842488646507263,0.3820101320743561,0.6493027806282043,0.3852534890174866,0.6164370775222778,0.3938193619251251,0.7042208313941956,0.3906603157520294,0.7014841437339783,0.347312331199646,0.6636296510696411,0.355098694562912,0.6397321224212646,0.364275187253952,0.6951606273651123,0.36077481508255005,0.7032912969589233,Fist
0.3742578327655792,0.8932636976242065,0.41598591208457947,0.8496459126472473,0.45183858275413513,0.7607235908508301,0.45728588104248047,0.6712878942489624,0.4265805780887604,0.6135557293891907,0.4466957449913025,0.6385542750358582,0.45888108015060425,0.5865680575370789,0.45160526037216187,0.6670093536376953,0.43925362825393677,0.6860240697860718,0.4113963544368744,0.6291062235832214,0.41689226031303406,0.5953771471977234,0.41773372888565063,0.6969845294952393,0.41300657391548157,0.6865748167037964,0.3767547607421875,0.6389097571372986,0.3792406916618347,0.6175819039344788,0.3881741464138031,0.7051746249198914,0.38498082756996155,0.701793372631073,0.3413190245628357,0.6552079319953918,0.3493778109550476,0.6453221440315247,0.35851675271987915,0.7010369300842285,0.3548995852470398,0.7052516937255859,Fist
0.3723660111427307,0.8910636901855469,0.4112527072429657,0.8488894104957581,0.44646361470222473,0.7598650455474854,0.4487389326095581,0.6700819134712219,0.41594749689102173,0.6140187382698059,0.43801358342170715,0.623730480670929,0.44790494441986084,0.5803389549255371,0.4421662390232086,0.6618330478668213,0.43148428201675415,0.6825991272926331,0.4018153250217438,0.6125755906105042,0.405354768037796,0.6002919673919678,0.4073081910610199,0.7022050619125366,0.4040536880493164,0.6852834224700928,0.3672195374965668,0.6253896951675415,0.3682311475276947,0.6256838440895081,0.37939536571502686,0.7109735608100891,0.37741929292678833,0.7028281092643738,0.33352771401405334,0.6469904184341431,0.339322030544281,0.6538278460502625,0.3502744138240814,0.7074894905090332,0.34745439887046814,0.7075334787368774,Fist
0.36706623435020447,0.8788764476776123,0.41173049807548523,0.8360272645950317,0.4509667158126831,0.739253580570221,0.455655962228775,0.648036539554596,0.42548397183418274,0.5925970077514648,0.4305715560913086,0.6007041931152344,0.449853777885437,0.5678479075431824,0.44544681906700134,0.6524891257286072,0.42891886830329895,0.6672753095626831,0.3929639756679535,0.5903826951980591,0.40660297870635986,0.5880552530288696,0.40916281938552856,0.689711332321167,0.3980353772640228,0.6717750430107117,0.357601135969162,0.6082350611686707,0.37145066261291504,0.6197068691253662,0.3815128207206726,0.7047385573387146,0.37162691354751587,0.6919273138046265,0.32423505187034607,0.636268138885498,0.34023234248161316,0.6521307229995728,0.35104572772979736,0.7063856720924377,0.3417093753814697,0.7028518915176392,Fist
0.3627277612686157,0.8517345786094666,0.41764137148857117,0.7909668684005737,0.46033820509910583,0.7102275490760803,0.4795564115047455,0.6369315981864929,0.45534923672676086,0.5907639861106873,0.40961578488349915,0.5475665330886841,0.45884808897972107,0.5434203743934631,0.45266324281692505,0.631516695022583,0.43212032318115234,0.6496153473854065,0.3762648105621338,0.5460418462753296,0.43220406770706177,0.5845291018486023,0.4245906174182892,0.6835504770278931,0.40459561347961426,0.6769095063209534,0.34745389223098755,0.5742100477218628,0.40192580223083496,0.6203094124794006,0.39740338921546936,0.7043554782867432,0.3773631453514099,0.6979119777679443,0.32337331771850586,0.6168110370635986,0.36761674284935,0.653273344039917,0.3687012493610382,0.7082611918449402,0.3515550494194031,0.7073534727096558,Fist
0.33075886964797974,0.8209174275398254,0.40181562304496765,0.7545097470283508,0.4413723349571228,0.6849755644798279,0.466949462890625,0.6330195069313049,0.47098666429519653,0.571986973285675,0.3817887306213379,0.5167861580848694,0.4529673159122467,0.5208967924118042,0.44675856828689575,0.5994256138801575,0.42487454414367676,0.6181656718254089,0.35857757925987244,0.5205886960029602,0.4443356394767761,0.5606652498245239,0.43027007579803467,0.6458767652511597,0.4061088562011719,0.6468549966812134,0.3435348868370056,0.5534445643424988,0.4244154095649719,0.6056477427482605,0.411152720451355,0.6799678206443787,0.3872547447681427,0.6767563819885254,0.336236834526062,0.6023831367492676,0.3969872295856476,0.6416767835617065,0.3890593945980072,0.6928696036338806,0.3676905930042267,0.6918925046920776,Fist
0.3207331597805023,0.8020274043083191,0.37696805596351624,0.7160544991493225,0.41029465198516846,0.6404257416725159,0.4446246325969696,0.5915235877037048,0.4679602384567261,0.5477228164672852,0.3587397634983063,0.49547845125198364,0.44068318605422974,0.49159330129623413,0.4347236156463623,0.558148205280304,0.41582998633384705,0.5828709006309509,0.35255199670791626,0.510271430015564,0.4515296518802643,0.5439893007278442,0.4360067546367645,0.6095318794250488,0.41180935502052307,0.6211755871772766,0.3528762757778168,0.548672616481781,0.44650837779045105,0.5980105996131897,0.42663949728012085,0.6555906534194946,0.40085771679878235,0.6614574790000916,0.35892122983932495,0.5976353287696838,0.430620014667511,0.6415399312973022,0.4161835312843323,0.6849350333213806,0.3935750424861908,0.686809778213501,Fist
0.31795379519462585,0.7875581979751587,0.33224838972091675,0.6698737740516663,0.37497201561927795,0.5890126824378967,0.42692169547080994,0.5522083044052124,0.46811944246292114,0.5451184511184692,0.3567270040512085,0.4961266815662384,0.4335295259952545,0.4808909296989441,0.43025457859039307,0.5342862010002136,0.414669007062912,0.5544241070747375,0.36603519320487976,0.5291350483894348,0.44909581542015076,0.5504316091537476,0.4364989399909973,0.5973588824272156,0.41642722487449646,0.6056815981864929,0.38013485074043274,0.5807317495346069,0.4535662829875946,0.6126685738563538,0.43471667170524597,0.6490612626075745,0.4110710620880127,0.6497172117233276,0.39656323194503784,0.6374200582504272,0.4515652358531952,0.6609249114990234,0.4316461384296417,0.69228196144104,0.4078384041786194,0.6922144889831543,Fist
0.31660398840904236,0.7806544899940491,0.31939592957496643,0.6552890539169312,0.3591598570346832,0.5770232081413269,0.4086199104785919,0.5374259948730469,0.4469977915287018,0.5275088548660278,0.35860177874565125,0.5089306831359863,0.42976507544517517,0.4747941493988037,0.42745086550712585,0.5222205519676208,0.4100508391857147,0.5434293150901794,0.3820180594921112,0.5572330951690674,0.44622519612312317,0.5458924770355225,0.4372529983520508,0.5851088166236877,0.41923588514328003,0.6023204922676086,0.40461501479148865,0.6194618344306946,0.45272740721702576,0.6102114319801331,0.4387698769569397,0.641442596912384,0.41906651854515076,0.6570959687232971,0.42280909419059753,0.681980311870575,0.4576444923877716,0.6607687473297119,0.44265276193618774,0.6859973669052124,0.4247177243232727,0.7005375027656555,Fist
0.308245986700058,0.7735340595245361,0.3042435944080353,0.6433276534080505,0.34289318323135376,0.5604501962661743,0.3926931619644165,0.5140314698219299,0.42953255772590637,0.5095511674880981,0.3614170551300049,0.5167310833930969,0.4218560457229614,0.46878713369369507,0.41294997930526733,0.5014026761054993,0.3971116840839386,0.5213060975074768,0.38881978392601013,0.5745783448219299,0.4377599358558655,0.5341583490371704,0.425648033618927,0.5554355382919312,0.40790411829948425,0.5751115679740906,0.41065695881843567,0.6380605697631836,0.4417126476764679,0.5990206599235535,0.42845362424850464,0.6142064929008484,0.4122787117958069,0.6325039267539978,0.42494821548461914,0.6969006657600403,0.44499853253364563,0.6507374048233032,0.4314221143722534,0.6643342971801758,0.41938987374305725,0.6844545602798462,Fist
0.30523616075515747,0.779731273651123,0.2891760468482971,0.6481729745864868,0.32060423493385315,0.5574585795402527,0.3672585189342499,0.5072639584541321,0.4022502303123474,0.5040119290351868,0.3554393947124481,0.52365642786026,0.4091351330280304,0.46056094765663147,0.39712202548980713,0.48835742473602295,0.38330718874931335,0.5132002830505371,0.3875071108341217,0.5738146305084229,0.4242076575756073,0.5173013806343079,0.408435195684433,0.5354539155960083,0.39169779419898987,0.5586110353469849,0.4102250039577484,0.628616213798523,0.4267948567867279,0.5773478150367737,0.4135998487472534,0.5904868841171265,0.39904090762138367,0.6126821041107178,0.42461931705474854,0.6793854832649231,0.43001052737236023,0.6308947205543518,0.41692912578582764,0.6442331671714783,0.40666845440864563,0.6648933291435242,Fist
0.3061632513999939,0.7803739905357361,0.2844180166721344,0.6450360417366028,0.3068206310272217,0.5505834221839905,0.34691932797431946,0.5146909356117249,0.37850990891456604,0.5238426923751831,0.3478568494319916,0.5083420872688293,0.38981449604034424,0.4459357261657715,0.38233864307403564,0.4688723385334015,0.37066155672073364,0.4960968792438507,0.38160014152526855,0.5433616042137146,0.40669581294059753,0.49047696590423584,0.3936813175678253,0.5096968412399292,0.37915942072868347,0.5339381694793701,0.40623390674591064,0.5893619060516357,0.413234680891037,0.5444745421409607,0.4011300802230835,0.5649810433387756,0.3877369165420532,0.5910049080848694,0.4220820963382721,0.6365795135498047,0.41977691650390625,0.5960579514503479,0.4081419110298157,0.6141473054885864,0.3977302014827728,0.6378471851348877,Fist
0.305097371339798,0.7901356816291809,0.2799918055534363,0.65889573097229,0.2928561568260193,0.5619336366653442,0.3274950683116913,0.5206139087677002,0.3615880310535431,0.5224244594573975,0.3173657953739166,0.4991818070411682,0.3518475592136383,0.4405711889266968,0.3519167900085449,0.476825088262558,0.34418174624443054,0.5097136497497559,0.35261270403862,0.5155358910560608,0.37743303179740906,0.4741896688938141,0.37023404240608215,0.5093567967414856,0.35795485973358154,0.5376750826835632,0.38353222608566284,0.5505210161209106,0.3939261734485626,0.5248468518257141,0.3853272497653961,0.5589208602905273,0.3731532394886017,0.5886673331260681,0.4077952206134796,0.5951911807060242,0.4082554578781128,0.5771872401237488,0.39931437373161316,0.6043393611907959,0.3892328441143036,0.6306164860725403,Fist
0.31210196018218994,0.7867313027381897,0.27859216928482056,0.6698498725891113,0.2803376317024231,0.5678768157958984,0.3110058009624481,0.5198299288749695,0.3470253646373749,0.520537257194519,0.300095796585083,0.5006915926933289,0.32602810859680176,0.44282370805740356,0.33371877670288086,0.4753490686416626,0.33176177740097046,0.509967565536499,0.33606183528900146,0.5070008635520935,0.3568404018878937,0.4924994707107544,0.35353854298591614,0.5318160057067871,0.3432656526565552,0.5605441927909851,0.36923131346702576,0.5348010063171387,0.37674880027770996,0.5333535075187683,0.3710040748119354,0.5671892762184143,0.3609783947467804,0.5934171080589294,0.3964444398880005,0.5718407034873962,0.3948599398136139,0.5736188292503357,0.3877229690551758,0.6024961471557617,0.3790833353996277,0.625877857208252,Fist
0.3281674385070801,0.7942824363708496,0.27524372935295105,0.698432445526123,0.26443272829055786,0.596750795841217,0.28135186433792114,0.5358864068984985,0.30557793378829956,0.5175713896751404,0.2997637689113617,0.5078885555267334,0.3055787980556488,0.46645215153694153,0.3110986649990082,0.5012974143028259,0.3131866455078125,0.5321757197380066,0.33242836594581604,0.5196648240089417,0.33626067638397217,0.4956539273262024,0.3319090008735657,0.5288317799568176,0.3250579237937927,0.5618271827697754,0.35942885279655457,0.5544478893280029,0.3563823997974396,0.5367411375045776,0.3475729823112488,0.5610520839691162,0.34041598439216614,0.5941899418830872,0.38424643874168396,0.5929766297340393,0.3745622932910919,0.5769557356834412,0.364495187997818,0.5978228449821472,0.3569900691509247,0.6245248913764954,Fist
0.337884783744812,0.7852505445480347,0.274861603975296,0.7104462385177612,0.254464715719223,0.6151050925254822,0.26827314496040344,0.5448898673057556,0.2937907576560974,0.5256158709526062,0.3215557038784027,0.5077655911445618,0.2966376841068268,0.4871247112751007,0.28890660405158997,0.5294137597084045,0.29182034730911255,0.55702143907547,0.35652241110801697,0.522661566734314,0.3264791965484619,0.5103095173835754,0.31245094537734985,0.5390961170196533,0.31074467301368713,0.5717160105705261,0.3777712285518646,0.5620005130767822,0.3480711877346039,0.5534510016441345,0.3324621915817261,0.5705435872077942,0.3290436267852783,0.6034061312675476,0.3910563290119171,0.5997414588928223,0.36322256922721863,0.5896328687667847,0.3508025109767914,0.6094925403594971,0.348273903131485,0.6396898627281189,Fist
0.33534178137779236,0.7737932205200195,0.31758666038513184,0.6907334327697754,0.30427828431129456,0.5971216559410095,0.30308330059051514,0.537686824798584,0.30718284845352173,0.5172502398490906,0.3320888876914978,0.5021156072616577,0.30130961537361145,0.48716917634010315,0.29951804876327515,0.5240644812583923,0.3082207143306732,0.5513932108879089,0.3336114287376404,0.5317314863204956,0.3073781430721283,0.5153957605361938,0.30327150225639343,0.5387782454490662,0.3077687919139862,0.5713111758232117,0.3295033872127533,0.5807381272315979,0.30867958068847656,0.5623373985290527,0.3042926490306854,0.5733267068862915,0.30841922760009766,0.6039304137229919,0.3267469108104706,0.6264367699623108,0.3086206316947937,0.6029771566390991,0.30713194608688354,0.6158963441848755,0.31127113103866577,0.6414253115653992,Fist
0.32482588291168213,0.7529574036598206,0.2848307490348816,0.6704468727111816,0.2834306061267853,0.583625853061676,0.2989060878753662,0.5405508279800415,0.3187201917171478,0.5343741774559021,0.30911803245544434,0.5029709339141846,0.3145410716533661,0.47714313864707947,0.31420040130615234,0.5050894021987915,0.3112749457359314,0.5279020071029663,0.3453018069267273,0.5152946710586548,0.3475669324398041,0.5044252872467041,0.34137946367263794,0.5356369018554688,0.33484727144241333,0.5603730082511902,0.37208840250968933,0.5494544506072998,0.36917975544929504,0.5439768433570862,0.3568832576274872,0.5667423605918884,0.35152941942214966,0.5907915234565735,0.3953448534011841,0.5839321613311768,0.3821881413459778,0.5785583257675171,0.37041202187538147,0.5959842205047607,0.36468666791915894,0.6138915419578552,Fist
0.3157739043235779,0.7490273714065552,0.30371418595314026,0.6449523568153381,0.32156187295913696,0.5629298090934753,0.35944777727127075,0.5340961813926697,0.38902923464775085,0.5451131463050842,0.2999870777130127,0.503800094127655,0.35857823491096497,0.48772993683815,0.36096498370170593,0.5299012064933777,0.3475138545036316,0.5533738732337952,0.32627707719802856,0.5140712857246399,0.3812776505947113,0.5115455985069275,0.37845444679260254,0.5509150624275208,0.3636084496974945,0.5711908340454102,0.3564930558204651,0.5381273627281189,0.40337133407592773,0.543133020401001,0.39667579531669617,0.5816816687583923,0.3804420232772827,0.5970528721809387,0.3873002529144287,0.5731937289237976,0.416930615901947,0.5882371068000793,0.40785303711891174,0.6230717897415161,0.394135981798172,0.6347900032997131,Fist
0.3238506317138672,0.7591593861579895,0.3205351233482361,0.6667039394378662,0.3483174443244934,0.5828232169151306,0.3927372992038727,0.5420300960540771,0.42519283294677734,0.5306242108345032,0.32018566131591797,0.511807382106781,0.38814476132392883,0.4880008101463318,0.38867321610450745,0.5365523099899292,0.3753909766674042,0.5604220628738403,0.3348759114742279,0.5219123363494873,0.4071120023727417,0.5264139175415039,0.39949533343315125,0.5720645785331726,0.38131892681121826,0.5860666036605835,0.3555135726928711,0.5471380352973938,0.42361927032470703,0.5634233951568604,0.41188251972198486,0.6092051267623901,0.3915966749191284,0.6174489259719849,0.3806815445423126,0.5814451575279236,0.430388867855072,0.6066823601722717,0.4177624583244324,0.6475889086723328,0.399566113948822,0.6541697978973389,Fist
0.32188084721565247,0.7784466743469238,0.35609006881713867,0.7002449631690979,0.38635700941085815,0.6231086254119873,0.4202212989330292,0.5742515921592712,0.4428141713142395,0.5376185774803162,0.3366193175315857,0.509252667427063,0.41451242566108704,0.5046373605728149,0.4108648896217346,0.5588567852973938,0.3923681378364563,0.5724989771842957,0.337352454662323,0.5160211324691772,0.42615628242492676,0.5464274287223816,0.4142151176929474,0.5988773703575134,0.39329564571380615,0.6019370555877686,0.3465610444545746,0.544146716594696,0.4308519959449768,0.5857707262039185,0.4149637520313263,0.6357101798057556,0.39217817783355713,0.637703537940979,0.3627418577671051,0.5838728547096252,0.4275207817554474,0.6245849132537842,0.41328996419906616,0.6640111804008484,0.39118456840515137,0.6654840111732483,Fist
0.32032063603401184,0.7862723469734192,0.38311636447906494,0.7052633166313171,0.4096243977546692,0.6378968358039856,0.43219998478889465,0.5903907418251038,0.44101056456565857,0.5435234308242798,0.34573137760162354,0.5111947655677795,0.4167834520339966,0.507691502571106,0.41411298513412476,0.5715287327766418,0.3977679908275604,0.5858469605445862,0.3377843201160431,0.5185707211494446,0.4256013035774231,0.5473541021347046,0.41458234190940857,0.6131914258003235,0.39269784092903137,0.6154101490974426,0.33777695894241333,0.5487697124481201,0.422170490026474,0.5964328646659851,0.40657562017440796,0.6545250415802002,0.38119417428970337,0.6505939364433289,0.34502846002578735,0.5910310745239258,0.41000521183013916,0.6385406255722046,0.39949965476989746,0.6828476190567017,0.37783902883529663,0.6793119311332703,Fist
0.3234345018863678,0.7988857626914978,0.3813879191875458,0.7317215800285339,0.413686603307724,0.6642582416534424,0.43406662344932556,0.6098021864891052,0.4262492060661316,0.5653010010719299,0.35528433322906494,0.5246522426605225,0.4128675162792206,0.513786256313324,0.4123317301273346,0.5855811238288879,0.3967079818248749,0.604750394821167,0.33470651507377625,0.5334072113037109,0.4067687690258026,0.5563281178474426,0.4001837968826294,0.6332433223724365,0.381314218044281,0.6392726898193359,0.32314223051071167,0.5661177635192871,0.39431461691856384,0.6090913414955139,0.38584980368614197,0.6711816191673279,0.3661702871322632,0.6703373193740845,0.3192504942417145,0.6125044822692871,0.3749389052391052,0.652025043964386,0.36834174394607544,0.6957358121871948,0.3494419455528259,0.6959009170532227,Fist
0.326092928647995,0.8148566484451294,0.3770647943019867,0.7587186098098755,0.41636762022972107,0.6895128488540649,0.43537336587905884,0.6308578252792358,0.41190770268440247,0.6106168031692505,0.36724692583084106,0.5352271795272827,0.4101746678352356,0.5438314080238342,0.40956759452819824,0.614440381526947,0.39486175775527954,0.6282631754875183,0.33776184916496277,0.5437625646591187,0.3893619477748871,0.5931491851806641,0.3905963897705078,0.6636337041854858,0.37537845969200134,0.6602768898010254,0.31685084104537964,0.5802960395812988,0.36930209398269653,0.6404410600662231,0.37175247073173523,0.6951762437820435,0.3553130626678467,0.6874024271965027,0.3037237226963043,0.6309840083122253,0.3486460745334625,0.6906124353408813,0.3496648371219635,0.7264143228530884,0.33391356468200684,0.7177397012710571,Fist
0.32041963934898376,0.8122018575668335,0.3724704682826996,0.7625772953033447,0.4133569896221161,0.70316082239151,0.4295716881752014,0.6495954990386963,0.4005829095840454,0.6389610767364502,0.363101601600647,0.542762279510498,0.40348052978515625,0.568885087966919,0.40195730328559875,0.6348065137863159,0.3875584006309509,0.6401863694190979,0.3311291038990021,0.5555382370948792,0.380685031414032,0.6179516315460205,0.3828706741333008,0.6826867461204529,0.3687472343444824,0.6775628924369812,0.3077637255191803,0.5960035920143127,0.3580869436264038,0.6669307351112366,0.36281970143318176,0.7172425389289856,0.3475126028060913,0.7078819870948792,0.2924748361110687,0.650595486164093,0.3364621102809906,0.7160792946815491,0.34169280529022217,0.7477724552154541,0.32880473136901855,0.7374541163444519,Fist
0.30537211894989014,0.8108206987380981,0.3591114580631256,0.7632825374603271,0.40002143383026123,0.7117803692817688,0.41703882813453674,0.6660679578781128,0.38920164108276367,0.6574807167053223,0.3494510352611542,0.5431281328201294,0.3896612524986267,0.5883967876434326,0.38772696256637573,0.6466649770736694,0.37418264150619507,0.6492263078689575,0.31680819392204285,0.5605275630950928,0.3662908971309662,0.6388857960700989,0.36802008748054504,0.6926407814025879,0.3558928072452545,0.6841158866882324,0.2937494218349457,0.605023205280304,0.34353411197662354,0.6866849660873413,0.3466566503047943,0.7267077565193176,0.3327774107456207,0.7137436270713806,0.27954068779945374,0.6627585291862488,0.3224917948246002,0.735933780670166,0.3252330422401428,0.75954270362854,0.3125215470790863,0.7427171468734741,Fist
0.27880895137786865,0.8044149279594421,0.33781659603118896,0.7648547291755676,0.38348060846328735,0.7213425040245056,0.4055973291397095,0.6825010180473328,0.38246506452560425,0.6771552562713623,0.3425651788711548,0.5490778088569641,0.38404613733291626,0.6116318106651306,0.3772510588169098,0.6664583683013916,0.36348432302474976,0.6614397168159485,0.3097396194934845,0.5666313171386719,0.3597005307674408,0.6595656275749207,0.35654348134994507,0.7067142724990845,0.3447355329990387,0.69197016954422,0.28452757000923157,0.6117406487464905,0.33427003026008606,0.7052806615829468,0.33358240127563477,0.7394726276397705,0.3204193711280823,0.7210973501205444,0.2676140367984772,0.6699454188346863,0.3107847273349762,0.7512640357017517,0.31326791644096375,0.7715191841125488,0.3032633662223816,0.751850426197052,Fist
0.25708773732185364,0.7999236583709717,0.3197598159313202,0.7730443477630615,0.3703540861606598,0.742080807685852,0.4006095826625824,0.717391848564148,0.37970250844955444,0.7172424793243408,0.3399837613105774,0.5645865797996521,0.38500094413757324,0.6508285403251648,0.3727695941925049,0.693416953086853,0.35885941982269287,0.6804788112640381,0.30752861499786377,0.5837419033050537,0.36020728945732117,0.6988423466682434,0.34880349040031433,0.7280471324920654,0.3382496237754822,0.7051547765731812,0.28067368268966675,0.6308885216712952,0.33167898654937744,0.7419191598892212,0.3232158124446869,0.7583034634590149,0.31291601061820984,0.7309420704841614,0.26180073618888855,0.6889638900756836,0.30557388067245483,0.7802048921585083,0.30219364166259766,0.7866231203079224,0.29253920912742615,0.7587756514549255,Fist
0.23582005500793457,0.7814680933952332,0.2962227761745453,0.7545126676559448,0.35390985012054443,0.731174886226654,0.39320772886276245,0.7319358587265015,0.4003910720348358,0.7460702657699585,0.3537932336330414,0.5789400935173035,0.4034081995487213,0.6785114407539368,0.3824307322502136,0.7063619494438171,0.3669804334640503,0.6908943057060242,0.32879549264907837,0.600020170211792,0.3830963969230652,0.7326676249504089,0.3558718264102936,0.7449564933776855,0.3419337570667267,0.7188633680343628,0.30486124753952026,0.6450367569923401,0.357230007648468,0.7785841822624207,0.3328520655632019,0.7765259742736816,0.321147084236145,0.7427204847335815,0.2838822901248932,0.7004581689834595,0.3297892212867737,0.8023461699485779,0.3106403946876526,0.7970981597900391,0.29499679803848267,0.7674374580383301,Fist
0.2331029623746872,0.7490783929824829,0.27926886081695557,0.6982991695404053,0.3401196002960205,0.685058057308197,0.39071378111839294,0.7140962481498718,0.41725754737854004,0.7500479221343994,0.36249491572380066,0.5751633048057556,0.41657429933547974,0.6831411123275757,0.3956265449523926,0.7106748819351196,0.3797309696674347,0.6946741938591003,0.3490511476993561,0.6105901598930359,0.3982379734516144,0.7429917454719543,0.3720672130584717,0.7545374035835266,0.36015963554382324,0.7300896048545837,0.3339393138885498,0.6612222790718079,0.3756750822067261,0.7829205393791199,0.352127343416214,0.7831313610076904,0.34039202332496643,0.755959153175354,0.31886059045791626,0.7161160111427307,0.35223817825317383,0.8059661388397217,0.33294981718063354,0.80315762758255,0.3194163739681244,0.7770081758499146,Fist
0.24377743899822235,0.7486188411712646,0.2843448221683502,0.6829113960266113,0.3454475700855255,0.670412003993988,0.39713796973228455,0.7054280638694763,0.42832693457603455,0.7407089471817017,0.3733322322368622,0.5750532150268555,0.42553895711898804,0.670758843421936,0.4016742706298828,0.7004408240318298,0.3833048939704895,0.6924265623092651,0.36700868606567383,0.6120379567146301,0.40465864539146423,0.7387596964836121,0.3778913617134094,0.7497947216033936,0.3636053204536438,0.727663516998291,0.35730668902397156,0.6659326553344727,0.3869663178920746,0.7832220792770386,0.36093631386756897,0.7837627530097961,0.3474634289741516,0.7575367093086243,0.34599432349205017,0.7217265963554382,0.36871734261512756,0.809226393699646,0.3470980226993561,0.8070478439331055,0.3347490727901459,0.7820801138877869,Fist
0.25580117106437683,0.7473872303962708,0.2953265607357025,0.6688238382339478,0.35567331314086914,0.6532807946205139,0.40778839588165283,0.6831016540527344,0.43773263692855835,0.7167652249336243,0.3855504095554352,0.5715651512145996,0.43557026982307434,0.6562752723693848,0.4116722047328949,0.6863876581192017,0.39336657524108887,0.6801381707191467,0.38346678018569946,0.6152152419090271,0.41938236355781555,0.7230828404426575,0.3939874470233917,0.7358464598655701,0.3790806531906128,0.7151909470558167,0.377510666847229,0.6732383966445923,0.4029042720794678,0.7697868347167969,0.37714719772338867,0.7729327082633972,0.3621692359447479,0.7489435076713562,0.36890918016433716,0.7310301065444946,0.3842601478099823,0.7991455793380737,0.36193060874938965,0.8008362054824829,0.3504539430141449,0.780704915523529,Fist
0.26440954208374023,0.7393311858177185,0.3051002323627472,0.6504509449005127,0.36412474513053894,0.6283664703369141,0.41077712178230286,0.6605279445648193,0.4364631772041321,0.7057885527610779,0.39424094557762146,0.5587274432182312,0.4422610402107239,0.6399239897727966,0.4210659861564636,0.6692348718643188,0.40357866883277893,0.6648650169372559,0.3975314795970917,0.6035834550857544,0.43194088339805603,0.7044969201087952,0.40902793407440186,0.719196081161499,0.39295297861099243,0.7040465474128723,0.3947358727455139,0.6629216074943542,0.41461071372032166,0.7521328926086426,0.3897026777267456,0.7590170502662659,0.37358444929122925,0.7402639389038086,0.38835418224334717,0.725365400314331,0.39441239833831787,0.7899980545043945,0.3722034692764282,0.7940939664840698,0.36010807752609253,0.7778967618942261,Fist
0.279415100812912,0.7203553915023804,0.3106103837490082,0.6155269742012024,0.3615936040878296,0.5801659822463989,0.4003926217556,0.6002863049507141,0.4217454195022583,0.643021821975708,0.4058285355567932,0.5430108308792114,0.4500174820423126,0.5997282862663269,0.4360935389995575,0.6295430064201355,0.4203047752380371,0.6319045424461365,0.41337525844573975,0.6003117561340332,0.4408662021160126,0.6690431237220764,0.42193734645843506,0.6849511861801147,0.40502437949180603,0.6772562265396118,0.4115074872970581,0.6660056114196777,0.42527341842651367,0.7140402793884277,0.4061829447746277,0.722383439540863,0.3881261348724365,0.7130824327468872,0.4043751060962677,0.726335346698761,0.4051479399204254,0.7531319260597229,0.38713574409484863,0.7573085427284241,0.37207186222076416,0.7500379085540771,Fist
0.29154106974601746,0.6956443786621094,0.3169451355934143,0.581291675567627,0.36376523971557617,0.5433470010757446,0.3998107612133026,0.5527244210243225,0.421051561832428,0.5904829502105713,0.4130849838256836,0.5221640467643738,0.45592212677001953,0.5553693771362305,0.4428499937057495,0.5784367918968201,0.4260327219963074,0.5791704654693604,0.423173189163208,0.5852110981941223,0.4478180408477783,0.6170305609703064,0.4319729506969452,0.6282637715339661,0.41424113512039185,0.6252833604812622,0.42051008343696594,0.6526927947998047,0.4316325783729553,0.6637178063392639,0.4171285629272461,0.6700625419616699,0.3986506164073944,0.667794406414032,0.4130055010318756,0.7103689908981323,0.41224420070648193,0.7070104479789734,0.3984810709953308,0.7093912363052368,0.38343873620033264,0.7081463932991028,Fist
0.3043777048587799,0.6860270500183105,0.3235051929950714,0.5650609135627747,0.3671804368495941,0.521013081073761,0.40224534273147583,0.5274704694747925,0.42235440015792847,0.5616552829742432,0.41901111602783203,0.5034813284873962,0.4594532549381256,0.5151206851005554,0.4475175738334656,0.5320345163345337,0.43046534061431885,0.5366408824920654,0.430580198764801,0.562819242477417,0.45299163460731506,0.5726341009140015,0.4373645782470703,0.5812305808067322,0.4196471571922302,0.5832923054695129,0.4301920533180237,0.6264984011650085,0.4383758008480072,0.6231600046157837,0.4237078130245209,0.6290639638900757,0.405585378408432,0.6316713690757751,0.42541807889938354,0.6799650192260742,0.42449697852134705,0.6664932370185852,0.4101138114929199,0.6693887114524841,0.39495396614074707,0.6724886298179626,Fist
0.3208010792732239,0.6922271847724915,0.3233658969402313,0.5640003085136414,0.35555821657180786,0.49503853917121887,0.39328041672706604,0.47327733039855957,0.417430579662323,0.4876103103160858,0.4018441438674927,0.47938740253448486,0.44807544350624084,0.4571562707424164,0.4331928789615631,0.4699947237968445,0.4154615104198456,0.4827635586261749,0.42256960272789,0.5318780541419983,0.4480409026145935,0.5079442858695984,0.43057262897491455,0.515224814414978,0.4139935374259949,0.5269742012023926,0.4317435920238495,0.588100254535675,0.44170045852661133,0.555176854133606,0.42741042375564575,0.5631467700004578,0.41168859601020813,0.5769562721252441,0.43484723567962646,0.6353616118431091,0.4389507472515106,0.5985003709793091,0.4253627061843872,0.6040663719177246,0.41151800751686096,0.6172187924385071,Fist
0.33644264936447144,0.6995982527732849,0.31977859139442444,0.5784885883331299,0.3320181369781494,0.487406462430954,0.3663596212863922,0.43203580379486084,0.39394813776016235,0.4258078336715698,0.3782571256160736,0.47925078868865967,0.4202086627483368,0.41885003447532654,0.40185731649398804,0.43254953622817993,0.38627105951309204,0.4542747735977173,0.40656986832618713,0.5200411677360535,0.4293381869792938,0.4586018919944763,0.41248923540115356,0.46717122197151184,0.39943739771842957,0.4872004985809326,0.4254094362258911,0.5628469586372375,0.4332786500453949,0.503368079662323,0.41971588134765625,0.5126262307167053,0.40692368149757385,0.5335018038749695,0.4366987347602844,0.6012252569198608,0.4368746876716614,0.5482960939407349,0.4245350658893585,0.5556638836860657,0.41394945979118347,0.5747601389884949,Fist
0.34355857968330383,0.7057938575744629,0.3120405972003937,0.601046621799469,0.310337632894516,0.5086726546287537,0.3335924744606018,0.436400830745697,0.36009132862091064,0.4166356921195984,0.35109227895736694,0.4848344027996063,0.388405978679657,0.4087927043437958,0.37454259395599365,0.42641642689704895,0.3631955683231354,0.4507211148738861,0.385254830121994,0.5124820470809937,0.4058670103549957,0.43819135427474976,0.3914947509765625,0.45178359746932983,0.381663054227829,0.4749967157840729,0.4116394817829132,0.5434138178825378,0.41625285148620605,0.47737836837768555,0.40525510907173157,0.48998767137527466,0.3961547017097473,0.512723445892334,0.43008387088775635,0.5733015537261963,0.42452800273895264,0.5183541774749756,0.4145362377166748,0.5300320386886597,0.40805619955062866,0.5501842498779297,Fist
0.35084429383277893,0.7096553444862366,0.3128608465194702,0.6208305954933167,0.30472636222839355,0.5290907621383667,0.31962624192237854,0.4509734809398651,0.3354109227657318,0.4170687198638916,0.3515908122062683,0.5044026374816895,0.3708735704421997,0.40222179889678955,0.35467278957366943,0.4160865545272827,0.3451455235481262,0.44513511657714844,0.38433292508125305,0.5224344730377197,0.3877374231815338,0.42760956287384033,0.3689075708389282,0.44077926874160767,0.3601418137550354,0.46827957034111023,0.4079829156398773,0.5443832874298096,0.40073516964912415,0.46240687370300293,0.3851375877857208,0.47488802671432495,0.37697356939315796,0.5024946331977844,0.4239831268787384,0.5654199719429016,0.41181325912475586,0.5012667775154114,0.3984559178352356,0.5115996599197388,0.3929313123226166,0.5347217917442322,Fist
0.3511825501918793,0.716052770614624,0.30360209941864014,0.6327398419380188,0.2900106608867645,0.5419528484344482,0.30335789918899536,0.45766791701316833,0.32082369923591614,0.418454647064209,0.3335667848587036,0.5083775520324707,0.34670934081077576,0.3999115824699402,0.3343353569507599,0.42212602496147156,0.3282168209552765,0.4508720934391022,0.3693622350692749,0.5168700814247131,0.36878105998039246,0.42318201065063477,0.3538491427898407,0.443043977022171,0.3471345901489258,0.4707612991333008,0.3962646424770355,0.5318151712417603,0.38387569785118103,0.45720618963241577,0.37222546339035034,0.47488686442375183,0.3665487766265869,0.5017796158790588,0.4153561294078827,0.5508550405502319,0.3982488811016083,0.494411826133728,0.38830167055130005,0.5088483095169067,0.3848416805267334,0.5308536887168884,Fist
0.3533146381378174,0.7131326198577881,0.30468735098838806,0.6306447386741638,0.29005205631256104,0.5380653142929077,0.30284377932548523,0.45001021027565,0.3255036175251007,0.40993499755859375,0.3221331238746643,0.5078718066215515,0.3371654748916626,0.4020562171936035,0.32751941680908203,0.4359799325466156,0.3237231969833374,0.470709890127182,0.35993635654449463,0.5165265798568726,0.3603362441062927,0.42475083470344543,0.34856680035591125,0.45231467485427856,0.3448171615600586,0.4845162630081177,0.39130061864852905,0.5295295119285583,0.37903937697410583,0.4604070484638214,0.3703848719596863,0.48511770367622375,0.36819949746131897,0.5136275291442871,0.41524916887283325,0.5459240078926086,0.3957436680793762,0.4917137622833252,0.38809922337532043,0.5139872431755066,0.3886081576347351,0.5387579798698425,Fist
0.33781805634498596,0.7236008644104004,0.3033551871776581,0.6312195062637329,0.3042009770870209,0.5442836880683899,0.33088022470474243,0.47467419505119324,0.361106276512146,0.4443792402744293,0.2803317606449127,0.49758028984069824,0.32569652795791626,0.41343235969543457,0.33846229314804077,0.4520658552646637,0.3329721987247467,0.48444244265556335,0.3125460147857666,0.4982409179210663,0.3555436134338379,0.43902167677879333,0.36310750246047974,0.47940877079963684,0.35503923892974854,0.5054590106010437,0.3486389219760895,0.5113346576690674,0.3791584372520447,0.47561272978782654,0.3823333978652954,0.5143954753875732,0.37423768639564514,0.5392317175865173,0.383804589509964,0.5326299667358398,0.3986707627773285,0.5085298418998718,0.39629194140434265,0.5427451729774475,0.3897298276424408,0.5635448694229126,Fist
0.3291650414466858,0.7236809134483337,0.30679890513420105,0.6319712400436401,0.3101576566696167,0.5361348986625671,0.33868563175201416,0.4657467007637024,0.36367854475975037,0.4337792992591858,0.2760232388973236,0.49862542748451233,0.33213672041893005,0.4299936294555664,0.34594660997390747,0.4728151559829712,0.34283795952796936,0.5046061873435974,0.2934911847114563,0.5024863481521606,0.3630794286727905,0.4629782736301422,0.36779293417930603,0.5111340880393982,0.35464391112327576,0.5354755520820618,0.3191627562046051,0.5148773789405823,0.386202871799469,0.4919361174106598,0.3839505612850189,0.537333607673645,0.36689311265945435,0.5541137456893921,0.349956750869751,0.5322110056877136,0.4000551104545593,0.5268862247467041,0.3948662281036377,0.5686889290809631,0.3791208863258362,0.5822458267211914,Fist
0.32184791564941406,0.7279812097549438,0.3312695026397705,0.6377285122871399,0.3424397110939026,0.5531114935874939,0.36811602115631104,0.49099183082580566,0.3872455656528473,0.45068368315696716,0.28495103120803833,0.48963993787765503,0.34836626052856445,0.4384393095970154,0.3589635491371155,0.4861554801464081,0.350612074136734,0.5189388990402222,0.2884478271007538,0.49166712164878845,0.3690049648284912,0.4664857089519501,0.3722410500049591,0.5219122767448425,0.3558081388473511,0.5451412200927734,0.302875816822052,0.5055283308029175,0.38209933042526245,0.4920809864997864,0.3800159692764282,0.5456641316413879,0.3607255220413208,0.565879762172699,0.32481086254119873,0.5264480113983154,0.38671785593032837,0.5245032906532288,0.38411006331443787,0.5697200894355774,0.36732128262519836,0.587704598903656,Fist
0.3342527747154236,0.7202388048171997,0.37877219915390015,0.6279086470603943,0.39379292726516724,0.5560933351516724,0.40383732318878174,0.4981510639190674,0.3924645781517029,0.4501320421695709,0.3173522651195526,0.46844035387039185,0.368024080991745,0.43710967898368835,0.37925612926483154,0.4911026954650879,0.3682977855205536,0.5147959589958191,0.3031676411628723,0.47287076711654663,0.3734147250652313,0.4557235836982727,0.380206823348999,0.5290294289588928,0.360400915145874,0.5413326025009155,0.29912009835243225,0.4903433918952942,0.36954957246780396,0.48620060086250305,0.37297239899635315,0.5554126501083374,0.3504032790660858,0.5651746392250061,0.3030363619327545,0.5163725018501282,0.360237717628479,0.5164399147033691,0.36184412240982056,0.5640007257461548,0.341878741979599,0.5747147798538208,Fist
0.34387850761413574,0.7122055888175964,0.386068731546402,0.6402592062950134,0.40891191363334656,0.5623654127120972,0.41644030809402466,0.48896121978759766,0.3921821713447571,0.4616026282310486,0.35693565011024475,0.4747468829154968,0.39015647768974304,0.4425559937953949,0.3930888772010803,0.5076261162757874,0.3762625753879547,0.5262067317962646,0.33313462138175964,0.4804686903953552,0.375459223985672,0.4562239348888397,0.3791866600513458,0.538978636264801,0.3590639531612396,0.5460962057113647,0.31400468945503235,0.4976195693016052,0.3582277297973633,0.48379623889923096,0.36251944303512573,0.5603091716766357,0.341023325920105,0.5678282976150513,0.29880058765411377,0.521888256072998,0.33812591433525085,0.5059082508087158,0.3418920338153839,0.5573588013648987,0.32307377457618713,0.5700476765632629,Fist
0.34188756346702576,0.7063885927200317,0.3875904083251953,0.6504487991333008,0.4151284098625183,0.5686445832252502,0.4189278185367584,0.4901692569255829,0.3939419388771057,0.45898765325546265,0.3752185106277466,0.4871161878108978,0.40071630477905273,0.4506780207157135,0.40024375915527344,0.5155518054962158,0.38411590456962585,0.5311316847801208,0.3476675748825073,0.4899219870567322,0.37758976221084595,0.4608718156814575,0.3803083598613739,0.5435585379600525,0.36265236139297485,0.5486983060836792,0.32350289821624756,0.5046788454055786,0.35535135865211487,0.4832850992679596,0.3607718348503113,0.559866189956665,0.3416823744773865,0.5661436915397644,0.30054721236228943,0.5258468389511108,0.3332120478153229,0.5037084817886353,0.33945339918136597,0.5573396682739258,0.3228710889816284,0.5697490572929382,Fist
0.3450448215007782,0.6988984942436218,0.38966456055641174,0.6530386805534363,0.4199180603027344,0.5714609622955322,0.42251336574554443,0.489139586687088,0.39653950929641724,0.45199501514434814,0.3867502510547638,0.497498095035553,0.40747204422950745,0.4580818712711334,0.4066021740436554,0.5198487043380737,0.392208069562912,0.5315353274345398,0.35877200961112976,0.4975641071796417,0.3816472589969635,0.46183711290359497,0.384191632270813,0.543299674987793,0.368966281414032,0.5470161437988281,0.33299896121025085,0.5085151791572571,0.3556484878063202,0.4772588908672333,0.36170756816864014,0.5541310906410217,0.345612496137619,0.5607914924621582,0.3059258759021759,0.5257704854011536,0.33201760053634644,0.49893659353256226,0.3388330340385437,0.5518753528594971,0.32508060336112976,0.5638419389724731,Fist
0.35128647089004517,0.6915068030357361,0.39438968896865845,0.6537323594093323,0.42771008610725403,0.5736207365989685,0.42858704924583435,0.4920501410961151,0.402513325214386,0.4518718123435974,0.4000791907310486,0.5046878457069397,0.4151279032230377,0.454917311668396,0.41391533613204956,0.5164618492126465,0.40234529972076416,0.5301702618598938,0.3711908757686615,0.5040856003761292,0.38734060525894165,0.46299025416374207,0.39005863666534424,0.5443141460418701,0.3782550096511841,0.5465307235717773,0.3438100814819336,0.5139984488487244,0.35875439643859863,0.4769539535045624,0.3661947250366211,0.5542535185813904,0.3547179400920868,0.5601638555526733,0.31463226675987244,0.5292944312095642,0.3342644274234772,0.4991114139556885,0.342119425535202,0.5513335466384888,0.33168771862983704,0.5628779530525208,Fist
0.350582480430603,0.686742901802063,0.3944871127605438,0.6618380546569824,0.4337717294692993,0.5853524208068848,0.43344393372535706,0.49834880232810974,0.4073226749897003,0.4554370045661926,0.4147801399230957,0.5127343535423279,0.4291193187236786,0.45674076676368713,0.42224881052970886,0.5202229619026184,0.41279706358909607,0.5341077446937561,0.38440585136413574,0.5060765147209167,0.397307425737381,0.4645175039768219,0.3945690393447876,0.5483382940292358,0.3871043622493744,0.5441468358039856,0.3563200533390045,0.5101901292800903,0.36583903431892395,0.4717705249786377,0.36885276436805725,0.5515814423561096,0.36237916350364685,0.553840160369873,0.3257811367511749,0.5182998180389404,0.33912748098373413,0.4867456257343292,0.3443901836872101,0.5425959229469299,0.338314026594162,0.553965151309967,Fist
0.3457269072532654,0.6961463689804077,0.39097121357917786,0.6705148816108704,0.43216872215270996,0.6040422320365906,0.431008905172348,0.5201564431190491,0.40230831503868103,0.4773528575897217,0.423198401927948,0.5249056220054626,0.4337196946144104,0.47079694271087646,0.4229743480682373,0.5316585302352905,0.4162651598453522,0.5480133891105652,0.3932187855243683,0.5123271942138672,0.40085145831108093,0.47139111161231995,0.39403459429740906,0.5516189932823181,0.390239417552948,0.549759566783905,0.36467230319976807,0.5097525119781494,0.36982032656669617,0.47079265117645264,0.3682417869567871,0.5479779243469238,0.3651543855667114,0.5557661652565002,0.33262956142425537,0.5089738965034485,0.34177166223526,0.47612571716308594,0.3444007635116577,0.5263465642929077,0.3420667052268982,0.5402839779853821,Fist
0.3361334204673767,0.6962882876396179,0.3841644525527954,0.6742366552352905,0.4270544648170471,0.6236780285835266,0.43070146441459656,0.5472089052200317,0.40257352590560913,0.4984300434589386,0.42965060472488403,0.5304394960403442,0.4381195306777954,0.4953356385231018,0.42183420062065125,0.55320143699646,0.41629406809806824,0.5633998513221741,0.4016912579536438,0.5061820149421692,0.4067189693450928,0.48068538308143616,0.3931852877140045,0.5575520396232605,0.39137178659439087,0.557104229927063,0.3731788992881775,0.49501124024391174,0.37401723861694336,0.47363942861557007,0.3666522800922394,0.5492581129074097,0.36653175950050354,0.5573471784591675,0.3416772186756134,0.4866912066936493,0.3474813997745514,0.46413007378578186,0.3450284004211426,0.5170762538909912,0.34433096647262573,0.5325412750244141,Fist
0.3290025591850281,0.6888821721076965,0.3781273663043976,0.6814176440238953,0.42773008346557617,0.6397954225540161,0.42822811007499695,0.5651943683624268,0.39561527967453003,0.5258197784423828,0.43474844098091125,0.5465808510780334,0.4384344220161438,0.507621705532074,0.4135119318962097,0.5592020750045776,0.4083125591278076,0.5769145488739014,0.4091825783252716,0.5118263959884644,0.40702152252197266,0.484979510307312,0.38562625646591187,0.551540732383728,0.38668662309646606,0.5617027878761292,0.38161394000053406,0.4917629063129425,0.3746826946735382,0.4693165719509125,0.3605417013168335,0.5402224063873291,0.36402079463005066,0.5591464638710022,0.35160303115844727,0.4760033190250397,0.3519684672355652,0.45112547278404236,0.34394916892051697,0.49782469868659973,0.34424224495887756,0.5179716944694519,Fist
0.32551541924476624,0.6919508576393127,0.3760085701942444,0.6945027709007263,0.42508170008659363,0.6571711301803589,0.41847461462020874,0.5820418000221252,0.38219916820526123,0.5506650805473328,0.4383716881275177,0.5572391152381897,0.43674686551094055,0.5227664709091187,0.41144388914108276,0.5723234415054321,0.40769630670547485,0.5958207845687866,0.4140825867652893,0.5174282789230347,0.40623652935028076,0.49390658736228943,0.3846530318260193,0.5554686188697815,0.386653870344162,0.5728972554206848,0.38696157932281494,0.49344542622566223,0.3761129379272461,0.4737035036087036,0.36033910512924194,0.5405387282371521,0.36306652426719666,0.5682281255722046,0.3579169809818268,0.47445234656333923,0.35748037695884705,0.44618502259254456,0.3473631739616394,0.49142518639564514,0.3459136486053467,0.5202618837356567,Fist
0.32015758752822876,0.677460789680481,0.3676047921180725,0.6934622526168823,0.4177854657173157,0.6820554137229919,0.4168454110622406,0.6150990128517151,0.38346344232559204,0.580543577671051,0.44700974225997925,0.5709894895553589,0.4415094256401062,0.548431932926178,0.4113430380821228,0.5877871513366699,0.40395820140838623,0.6082647442817688,0.42660537362098694,0.5218154788017273,0.4106086492538452,0.515600860118866,0.3844589591026306,0.5683296322822571,0.38685354590415955,0.5819104313850403,0.40119367837905884,0.4934968054294586,0.38215726613998413,0.4904381036758423,0.36209866404533386,0.550089418888092,0.3662722110748291,0.5734288096427917,0.3736947178840637,0.4730566740036011,0.36722153425216675,0.4569847583770752,0.35310694575309753,0.5013988614082336,0.3517146110534668,0.5284627676010132,Fist
0.319105863571167,0.6690347790718079,0.3624245524406433,0.6935135126113892,0.414230614900589,0.6910951733589172,0.4192340672016144,0.6240509152412415,0.3883984684944153,0.5771827101707458,0.4535508155822754,0.5861910581588745,0.44537967443466187,0.5705579519271851,0.4134610593318939,0.6072145104408264,0.40642622113227844,0.6213575005531311,0.43628135323524475,0.5326921343803406,0.4180312156677246,0.5293912291526794,0.3894246518611908,0.5777990221977234,0.39333707094192505,0.5825985074043274,0.41161075234413147,0.4989381432533264,0.3924991488456726,0.49765101075172424,0.36806973814964294,0.5529841184616089,0.37134501338005066,0.5662820339202881,0.3842114806175232,0.47306016087532043,0.3788788616657257,0.4679718613624573,0.3623659908771515,0.50652015209198,0.36133822798728943,0.5202684998512268,Fist
0.3195870816707611,0.6686596870422363,0.3611677289009094,0.6973276138305664,0.4146842360496521,0.6963455677032471,0.4234364628791809,0.6278128623962402,0.3920549750328064,0.5778593420982361,0.455430805683136,0.6028520464897156,0.45174115896224976,0.5797538161277771,0.4181879162788391,0.6136502623558044,0.4125976264476776,0.6262723207473755,0.43914175033569336,0.5485463738441467,0.42799413204193115,0.5328369140625,0.39634567499160767,0.5788384675979614,0.399929940700531,0.5853009819984436,0.41601258516311646,0.5096027851104736,0.40293845534324646,0.49636298418045044,0.3755911588668823,0.5499006509780884,0.3773042559623718,0.5663082003593445,0.3905099332332611,0.47590118646621704,0.39053693413734436,0.46588021516799927,0.37242600321769714,0.5003594160079956,0.37014615535736084,0.5129880309104919,Fist
0.318391352891922,0.6600266695022583,0.3611801266670227,0.6991524696350098,0.4184519052505493,0.7102450132369995,0.4341161847114563,0.6470999121665955,0.4077286422252655,0.5972508192062378,0.45391443371772766,0.6206494569778442,0.4643610119819641,0.6028598546981812,0.4293888509273529,0.6282012462615967,0.42033031582832336,0.6347135901451111,0.4408947229385376,0.5662782192230225,0.4454563856124878,0.553806483745575,0.4087681770324707,0.5909615755081177,0.40858593583106995,0.5913516283035278,0.4211812913417816,0.5246524810791016,0.41979753971099854,0.5145766735076904,0.3876006603240967,0.5597970485687256,0.3864256739616394,0.5684152245521545,0.39809486269950867,0.4864507019519806,0.4054631292819977,0.47532424330711365,0.38486427068710327,0.5104885697364807,0.3800027370452881,0.5233916640281677,Fist
0.32966694235801697,0.6586872935295105,0.3667149841785431,0.716480553150177,0.42670485377311707,0.7596877217292786,0.4569476544857025,0.7270564436912537,0.43953296542167664,0.6700733304023743,0.47651243209838867,0.6280020475387573,0.4829382002353668,0.6855395436286926,0.4412343204021454,0.6950517296791077,0.43466004729270935,0.667746901512146,0.46595945954322815,0.5740314722061157,0.4652482867240906,0.6398407816886902,0.42157796025276184,0.6590460538864136,0.42284074425697327,0.6296696662902832,0.4457091689109802,0.5351089239120483,0.44500869512557983,0.5850605964660645,0.4082202613353729,0.6139956116676331,0.40715038776397705,0.5913441777229309,0.4225899577140808,0.49920621514320374,0.4308142066001892,0.5340547561645508,0.40629228949546814,0.5643889307975769,0.39929094910621643,0.553697943687439,Fist
0.33918172121047974,0.6795544028282166,0.3772009015083313,0.7499086856842041,0.42988601326942444,0.802759051322937,0.45914381742477417,0.7839767336845398,0.4541745185852051,0.7288631200790405,0.4887450039386749,0.6811074614524841,0.49137258529663086,0.7494331002235413,0.4497562050819397,0.7479687333106995,0.4447970986366272,0.7180432677268982,0.4825766086578369,0.6242792010307312,0.47575992345809937,0.7001524567604065,0.4302162528038025,0.705325722694397,0.4334217607975006,0.6739940047264099,0.46530550718307495,0.579741358757019,0.4623579680919647,0.6418683528900146,0.4232232868671417,0.6552679538726807,0.4225675165653229,0.6271260380744934,0.4441462457180023,0.539047360420227,0.45141565799713135,0.5793817639350891,0.42667171359062195,0.6029444932937622,0.4211651384830475,0.5909321904182434,Fist
0.33932578563690186,0.6927207708358765,0.37186199426651,0.7759395837783813,0.42249512672424316,0.8414820432662964,0.4507521092891693,0.8252056241035461,0.4438389837741852,0.766760528087616,0.49461010098457336,0.7270734906196594,0.4932529032230377,0.7987148761749268,0.45120489597320557,0.788968563079834,0.4473607838153839,0.7562392354011536,0.49223631620407104,0.6689319014549255,0.4772931933403015,0.7507140636444092,0.4289904534816742,0.7435871362686157,0.43645599484443665,0.7096267342567444,0.4777454733848572,0.6222204566001892,0.4649413228034973,0.6909369826316833,0.42383673787117004,0.6920000910758972,0.42779406905174255,0.6605147123336792,0.45918983221054077,0.5805956125259399,0.460207998752594,0.6284289360046387,0.43300965428352356,0.640670120716095,0.42904144525527954,0.6224312782287598,Fist
0.3388867676258087,0.684535026550293,0.36729198694229126,0.7782759070396423,0.4160774052143097,0.8558338284492493,0.4450256824493408,0.8349932432174683,0.43363022804260254,0.7646428942680359,0.49413755536079407,0.750321090221405,0.4824475944042206,0.8202311992645264,0.43890663981437683,0.8023357391357422,0.43803542852401733,0.768168568611145,0.49499788880348206,0.6905994415283203,0.4755326509475708,0.7646884322166443,0.42869406938552856,0.7507745027542114,0.4371181130409241,0.7179380655288696,0.48249945044517517,0.6399822235107422,0.46436989307403564,0.7031695246696472,0.4251018166542053,0.7014451622962952,0.43150705099105835,0.6708000898361206,0.46522337198257446,0.595363199710846,0.4582916498184204,0.644963264465332,0.43232032656669617,0.6522963643074036,0.43275758624076843,0.6277755498886108,Fist
0.3402845859527588,0.6754217743873596,0.36303529143333435,0.7673271298408508,0.40821343660354614,0.8521327376365662,0.44017940759658813,0.8367852568626404,0.43448787927627563,0.7694649696350098,0.48840683698654175,0.7701109051704407,0.47873181104660034,0.825093686580658,0.43732497096061707,0.8030134439468384,0.43604815006256104,0.7759117484092712,0.4934588074684143,0.7123689651489258,0.4748605787754059,0.7693563103675842,0.4302115738391876,0.7506211400032043,0.4374833405017853,0.7235414385795593,0.4852486848831177,0.6600884199142456,0.46905747056007385,0.7062206268310547,0.42976051568984985,0.6997496485710144,0.43474021553993225,0.6757256984710693,0.47240281105041504,0.6105368733406067,0.4701870381832123,0.6462927460670471,0.44235166907310486,0.652784526348114,0.4400459825992584,0.6373019218444824,Fist
0.3449351489543915,0.6734950542449951,0.3636209964752197,0.7618784308433533,0.4028913676738739,0.85103839635849,0.4358510375022888,0.8371331691741943,0.43559521436691284,0.7660036087036133,0.48514077067375183,0.781673789024353,0.47901374101638794,0.8316887617111206,0.4394631087779999,0.8071162700653076,0.4375098645687103,0.7804204821586609,0.49154365062713623,0.725642740726471,0.47503313422203064,0.7731756567955017,0.4325166344642639,0.7550299167633057,0.4385295808315277,0.7295830249786377,0.4850294589996338,0.6726856827735901,0.4738636612892151,0.7100595235824585,0.43396973609924316,0.7051303386688232,0.4362025558948517,0.683753490447998,0.47419869899749756,0.6199049949645996,0.47811001539230347,0.6505377888679504,0.44867759943008423,0.6591635346412659,0.44303277134895325,0.647881805896759,Fist
0.34656858444213867,0.6533747911453247,0.36519402265548706,0.7304512858390808,0.40569210052490234,0.8140627145767212,0.4368303418159485,0.8009388446807861,0.4332500994205475,0.7298097610473633,0.4871003031730652,0.7387815713882446,0.4802756607532501,0.7819451093673706,0.4427523910999298,0.7610882520675659,0.4432891607284546,0.734805703163147,0.49184268712997437,0.6799512505531311,0.4783529043197632,0.7233489155769348,0.4361664056777954,0.7123557329177856,0.4444514214992523,0.6903203129768372,0.4832976758480072,0.6260856986045837,0.47090664505958557,0.6624347567558289,0.43354201316833496,0.6630504131317139,0.43986618518829346,0.6439610123634338,0.469959020614624,0.574496328830719,0.4699394106864929,0.6070055961608887,0.4436609447002411,0.6172704696655273,0.44189754128456116,0.6030203700065613,Fist
0.339334100484848,0.6162963509559631,0.3732178807258606,0.6895737648010254,0.4257550537586212,0.747920572757721,0.455539733171463,0.7123314142227173,0.44128021597862244,0.6414595246315002,0.48621198534965515,0.6520421504974365,0.4848124086856842,0.6735222339630127,0.4485848546028137,0.6750289797782898,0.4401106834411621,0.6603206396102905,0.4835307002067566,0.5903186202049255,0.47649455070495605,0.6119154691696167,0.4359707236289978,0.6261383891105652,0.4360799491405487,0.6132069230079651,0.46807533502578735,0.539775550365448,0.459394633769989,0.5562254190444946,0.4242626428604126,0.5808290839195251,0.4255932569503784,0.5738490223884583,0.4484820067882538,0.4935106635093689,0.44844797253608704,0.5093432664871216,0.4251922369003296,0.5307369828224182,0.4236851930618286,0.5276352763175964,Fist
0.33759063482284546,0.6013967394828796,0.3821902573108673,0.652580738067627,0.43608224391937256,0.6860259771347046,0.4558722972869873,0.6413845419883728,0.43498021364212036,0.5853543877601624,0.4813116490840912,0.5615830421447754,0.478030264377594,0.5724508166313171,0.4424772560596466,0.5955259203910828,0.4319801330566406,0.5920981168746948,0.4681772291660309,0.5035389065742493,0.45854082703590393,0.5232612490653992,0.4214586913585663,0.559608519077301,0.42137810587882996,0.5535779595375061,0.44512754678726196,0.4626550078392029,0.4311133325099945,0.4849824905395508,0.40227994322776794,0.5263615846633911,0.40561428666114807,0.5243958234786987,0.4190841317176819,0.43149444460868835,0.4124773144721985,0.4528607428073883,0.39398184418678284,0.4874938428401947,0.39541736245155334,0.489207923412323,Fist
0.33915120363235474,0.6225296258926392,0.3874070942401886,0.6477152705192566,0.4386337399482727,0.6441246271133423,0.4411363899707794,0.588149905204773,0.4035702645778656,0.550222635269165,0.4669256806373596,0.5003877878189087,0.4514646828174591,0.516334056854248,0.4247841238975525,0.5612670183181763,0.42002615332603455,0.5727177858352661,0.4409547448158264,0.4503746032714844,0.4172438979148865,0.48997631669044495,0.3965994417667389,0.5474872589111328,0.4034003019332886,0.5464656352996826,0.4096238911151886,0.4269309341907501,0.38301268219947815,0.4818430542945862,0.371536523103714,0.5353901386260986,0.38254883885383606,0.5306500792503357,0.37784716486930847,0.4196874499320984,0.35844236612319946,0.470343679189682,0.3508588671684265,0.5141735672950745,0.35851234197616577,0.5126520991325378,Fist
0.33129316568374634,0.6447782516479492,0.38083600997924805,0.6462745070457458,0.4256962537765503,0.6217619776725769,0.41267910599708557,0.5746551752090454,0.37056398391723633,0.5631988048553467,0.428718626499176,0.45979657769203186,0.40956372022628784,0.5042852759361267,0.3965070843696594,0.5573022365570068,0.3968449532985687,0.5636212825775146,0.3933470547199249,0.43166837096214294,0.37409481406211853,0.5002257823944092,0.3685205280780792,0.5631487965583801,0.3751008212566376,0.5600382685661316,0.3581545948982239,0.43018701672554016,0.33994024991989136,0.5103489756584167,0.3399316072463989,0.564132809638977,0.35016191005706787,0.5536667108535767,0.32573914527893066,0.4446053206920624,0.31588712334632874,0.5090552568435669,0.3174557387828827,0.5534675121307373,0.32481902837753296,0.5492029786109924,Fist
0.3170042634010315,0.6703927516937256,0.36282047629356384,0.6690667867660522,0.40706899762153625,0.6452949047088623,0.39445704221725464,0.6187942028045654,0.35539984703063965,0.6233705878257751,0.39880430698394775,0.4732063114643097,0.387862890958786,0.5496206283569336,0.3787856101989746,0.6037283539772034,0.37850821018218994,0.6038824319839478,0.3610383868217468,0.45294520258903503,0.35142749547958374,0.555772602558136,0.3516436517238617,0.61618971824646,0.35776790976524353,0.6085448265075684,0.32560664415359497,0.4637255370616913,0.3195917308330536,0.5776938199996948,0.32461416721343994,0.6248170137405396,0.3308790326118469,0.6046470403671265,0.2945897877216339,0.48913320899009705,0.2927446961402893,0.5827406048774719,0.2985090911388397,0.6209861040115356,0.3054586946964264,0.6035625338554382,Fist
0.3050048351287842,0.6792089343070984,0.35111576318740845,0.6858083009719849,0.39249327778816223,0.6726250052452087,0.39086848497390747,0.6708897948265076,0.3610537648200989,0.6773995757102966,0.387701153755188,0.5035042762756348,0.3781226873397827,0.6135321855545044,0.37074336409568787,0.6559444665908813,0.3708103895187378,0.6454296708106995,0.34710055589675903,0.49016013741493225,0.34062662720680237,0.6167398691177368,0.34223946928977966,0.6593223214149475,0.3477335572242737,0.6451385617256165,0.30969899892807007,0.5070397257804871,0.31005966663360596,0.6350698471069336,0.31611543893814087,0.6686609387397766,0.3208901882171631,0.6468684673309326,0.2783285677433014,0.5378259420394897,0.28313031792640686,0.6346228718757629,0.2891830503940582,0.6645979285240173,0.29392164945602417,0.6487653851509094,Fist
0.29047054052352905,0.658415675163269,0.3366903066635132,0.6750578880310059,0.3752109408378601,0.6929734945297241,0.38858309388160706,0.7166697978973389,0.37116900086402893,0.7287039160728455,0.3884963393211365,0.5416219234466553,0.3835071623325348,0.6688880324363708,0.3708683252334595,0.6885574460029602,0.36550888419151306,0.662926971912384,0.350740909576416,0.5325718522071838,0.34927332401275635,0.6807602047920227,0.3409399390220642,0.6908197402954102,0.3400004506111145,0.6499804854393005,0.3131597340106964,0.5512909889221191,0.3171721398830414,0.6824291944503784,0.3125704824924469,0.6853587031364441,0.3111710846424103,0.6450502872467041,0.27926352620124817,0.5816439986228943,0.2855059802532196,0.6822388768196106,0.28549399971961975,0.6831732392311096,0.28427964448928833,0.649782657623291,Fist
0.258358359336853,0.6601868867874146,0.31511190533638,0.6804516911506653,0.36379188299179077,0.6992962956428528,0.388528436422348,0.7277421355247498,0.37956440448760986,0.7467500567436218,0.3781571090221405,0.5532985329627991,0.39373326301574707,0.6799602508544922,0.3724801242351532,0.703133761882782,0.36140936613082886,0.6816824674606323,0.347944974899292,0.5474193096160889,0.3635479807853699,0.7015987634658813,0.3414987623691559,0.7067312002182007,0.3335665166378021,0.6715921759605408,0.31541839241981506,0.5643413066864014,0.3295497000217438,0.7094805836677551,0.31370750069618225,0.7069159746170044,0.309497594833374,0.6695356965065002,0.2838839292526245,0.5917708873748779,0.2972891330718994,0.7043189406394958,0.28766435384750366,0.7026371955871582,0.2815881073474884,0.6701280474662781,Fist
0.23910745978355408,0.6656208038330078,0.2990199327468872,0.6927046179771423,0.34736311435699463,0.7001945376396179,0.37714484333992004,0.7199222445487976,0.3817591071128845,0.7468823790550232,0.3731450140476227,0.5606627464294434,0.395783394575119,0.6756693720817566,0.3721412718296051,0.69977205991745,0.3594162166118622,0.6857457160949707,0.34931930899620056,0.5620720982551575,0.3708648383617401,0.7037796974182129,0.34344372153282166,0.7134078145027161,0.33558782935142517,0.687147855758667,0.3233868479728699,0.5834551453590393,0.3433573544025421,0.7203316688537598,0.3208303451538086,0.7194855213165283,0.31313690543174744,0.6903401017189026,0.29726442694664,0.6146072149276733,0.3177926242351532,0.7178123593330383,0.3023662269115448,0.7154927253723145,0.2935115098953247,0.6891611218452454,Fist
0.22805701196193695,0.6836627125740051,0.28994104266166687,0.7085684537887573,0.33261415362358093,0.7110962867736816,0.36255690455436707,0.7244918346405029,0.38314250111579895,0.7454699873924255,0.35964158177375793,0.5706446170806885,0.3903443217277527,0.6850998401641846,0.36201244592666626,0.7015263438224792,0.34828323125839233,0.680544376373291,0.34654703736305237,0.5746131539344788,0.3744043707847595,0.710709810256958,0.34521690011024475,0.7178567051887512,0.3338247835636139,0.6963891983032227,0.32899442315101624,0.597920835018158,0.35382288694381714,0.7261372208595276,0.3273085653781891,0.7291246056556702,0.3140483796596527,0.7034178376197815,0.31078484654426575,0.6318700313568115,0.33304470777511597,0.7278025150299072,0.3118436932563782,0.7296488285064697,0.2987704277038574,0.7042667865753174,Fist
0.21635158360004425,0.7006509304046631,0.2573601007461548,0.6711924076080322,0.3078763484954834,0.6695577502250671,0.3433995246887207,0.7097898125648499,0.3673999309539795,0.7496182322502136,0.3422708213329315,0.5770856738090515,0.37284937500953674,0.6923882961273193,0.3470612168312073,0.7077016234397888,0.32902663946151733,0.6842408180236816,0.3429420292377472,0.5842220783233643,0.369629830121994,0.7172130942344666,0.3418731093406677,0.7225118279457092,0.32483336329460144,0.6979920864105225,0.33817341923713684,0.6074163913726807,0.3599151372909546,0.7365454435348511,0.3318902850151062,0.738473653793335,0.31517332792282104,0.7118327021598816,0.33002662658691406,0.6425409317016602,0.3449353575706482,0.7423485517501831,0.3212089240550995,0.7469147443771362,0.30704039335250854,0.7262324094772339,Fist
0.2023097723722458,0.7270101308822632,0.2283976972103119,0.6583313941955566,0.26761144399642944,0.6292957067489624,0.2962687611579895,0.643638551235199,0.31447944045066833,0.66612309217453,0.29557934403419495,0.5700603127479553,0.32559624314308167,0.6402007937431335,0.31063205003738403,0.6746967434883118,0.29270175099372864,0.6844773888587952,0.3071221113204956,0.5830164551734924,0.3335135877132416,0.6660492420196533,0.3128841519355774,0.6945698261260986,0.2926546335220337,0.6968458294868469,0.3150796890258789,0.6115158200263977,0.3397216796875,0.6950509548187256,0.31736594438552856,0.7215176224708557,0.29944759607315063,0.7198895215988159,0.32088425755500793,0.6516152024269104,0.33970603346824646,0.7265098690986633,0.32145392894744873,0.7444828152656555,0.3053258955478668,0.7374836206436157,Fist
0.20139403641223907,0.7752793431282043,0.20397603511810303,0.6829735636711121,0.2293865978717804,0.6292975544929504,0.2573314905166626,0.6225853562355042,0.27620381116867065,0.6352022886276245,0.23496584594249725,0.574608564376831,0.26703107357025146,0.5964840054512024,0.2634841501712799,0.6268562078475952,0.2523735463619232,0.6390476822853088,0.2597160041332245,0.5872347950935364,0.28155606985092163,0.6193065643310547,0.27347880601882935,0.6478784084320068,0.2629927396774292,0.6577634811401367,0.28142985701560974,0.6190347671508789,0.2971435785293579,0.6532420516014099,0.2847570776939392,0.6785705089569092,0.27316585183143616,0.6867966055870056,0.3011400103569031,0.6581894755363464,0.3063102960586548,0.6948661804199219,0.2931320071220398,0.7163360714912415,0.2819697856903076,0.7218797206878662,Fist
0.2153439074754715,0.7708277702331543,0.18098407983779907,0.7155484557151794,0.18178410828113556,0.6602783203125,0.20219415426254272,0.6369483470916748,0.2200687676668167,0.6343376040458679,0.20365175604820251,0.5773915648460388,0.2110968977212906,0.5944206714630127,0.21037892997264862,0.6219090223312378,0.206577867269516,0.6396427750587463,0.23572368919849396,0.5785309076309204,0.23802973330020905,0.6022412776947021,0.2327081859111786,0.6299065351486206,0.2290523499250412,0.6471386551856995,0.26204627752304077,0.599982500076294,0.25996044278144836,0.6233111619949341,0.2513202130794525,0.6489549279212952,0.2469276636838913,0.665783703327179,0.2837055027484894,0.6289549469947815,0.2783403992652893,0.652179479598999,0.26924383640289307,0.6767396926879883,0.2636643052101135,0.6925580501556396,Fist
0.663856565952301,0.7550896406173706,0.6754317879676819,0.68171226978302,0.6625595688819885,0.6234079599380493,0.6343901753425598,0.5860833525657654,0.6111835837364197,0.5816182494163513,0.6642458438873291,0.5761770009994507,0.612190306186676,0.5304104685783386,0.5937103629112244,0.55652916431427,0.5932039618492126,0.5843214392662048,0.6476432681083679,0.5918546915054321,0.5878304243087769,0.5368356108665466,0.5746696591377258,0.570955753326416,0.5800000429153442,0.5988448262214661,0.6295469999313354,0.6176250576972961,0.5698710083961487,0.5657931566238403,0.5615651607513428,0.6055769920349121,0.5709470510482788,0.6348819136619568,0.6129979491233826,0.6586899757385254,0.5653823018074036,0.6226329803466797,0.5609049797058105,0.6501105427742004,0.573590099811554,0.6764736771583557,Fist
0.6661772727966309,0.7637509703636169,0.6760905385017395,0.6814148426055908,0.6652238368988037,0.6104543805122375,0.6392149329185486,0.564359724521637,0.6148714423179626,0.5585321187973022,0.6700617074966431,0.5493233799934387,0.6171810030937195,0.5098626017570496,0.6066312789916992,0.543307363986969,0.6128549575805664,0.5671808123588562,0.6511249542236328,0.5632575154304504,0.5927596092224121,0.5223634243011475,0.5881122350692749,0.5664253830909729,0.5998273491859436,0.5842976570129395,0.6300832033157349,0.5847765207290649,0.5760794878005981,0.5459691882133484,0.5756334066390991,0.5880942344665527,0.5882769227027893,0.6047845482826233,0.6066208481788635,0.6187031865119934,0.5674169063568115,0.5906813144683838,0.5716070532798767,0.6252201199531555,0.5861051678657532,0.6455937623977661,Fist
0.6818137168884277,0.7665985226631165,0.6940912008285522,0.6736537218093872,0.6835317015647888,0.5988258719444275,0.6546448469161987,0.558340847492218,0.6287139058113098,0.5579040050506592,0.6910006999969482,0.5427030324935913,0.6335363388061523,0.5067603588104248,0.6243091821670532,0.5455573797225952,0.6313831210136414,0.5656763911247253,0.671204686164856,0.55085688829422,0.6116172075271606,0.5183431506156921,0.6065369844436646,0.5602559447288513,0.6181923151016235,0.5816648602485657,0.6494678258895874,0.5698153376579285,0.5936868190765381,0.5432571768760681,0.5926758050918579,0.5854750871658325,0.6058398485183716,0.6017093062400818,0.6269594430923462,0.5990663766860962,0.5842399001121521,0.5785385966300964,0.5879262685775757,0.6136143207550049,0.6017124056816101,0.6299529671669006,Fist
0.6891172528266907,0.7567033767700195,0.7024473547935486,0.6627042293548584,0.6932843327522278,0.5883604288101196,0.6680238842964172,0.5430839657783508,0.642173171043396,0.5377432107925415,0.7048723101615906,0.5263525247573853,0.6440386772155762,0.4905373454093933,0.6333882808685303,0.5303500890731812,0.6382881999015808,0.5468363165855408,0.6873568296432495,0.5370225310325623,0.6230685114860535,0.5084115862846375,0.6159104108810425,0.5525062084197998,0.6264705657958984,0.5749840140342712,0.6659586429595947,0.557517945766449,0.6089509129524231,0.5338045358657837,0.6056659817695618,0.5764448642730713,0.617408037185669,0.5952881574630737,0.6430319547653198,0.5855399370193481,0.5997716188430786,0.5667852759361267,0.6012460589408875,0.601715087890625,0.6136724948883057,0.6208312511444092,Fist
0.6938686370849609,0.7419886589050293,0.709140956401825,0.6501597166061401,0.7037301063537598,0.5731173157691956,0.6816329956054688,0.5213475823402405,0.6560028791427612,0.5090161561965942,0.722621500492096,0.5125064849853516,0.6625822186470032,0.4716393053531647,0.6517087817192078,0.5115389823913574,0.6570950150489807,0.5318850874900818,0.704289436340332,0.5213468074798584,0.6407855153083801,0.4864591360092163,0.6340335011482239,0.5333617925643921,0.6453991532325745,0.5551575422286987,0.6814588308334351,0.5364750623703003,0.6261837482452393,0.5081955194473267,0.6243664026260376,0.554282546043396,0.6373464465141296,0.5725353956222534,0.6553552150726318,0.557102382183075,0.6133681535720825,0.5374504923820496,0.6162918210029602,0.5771295428276062,0.6299224495887756,0.5964915156364441,Fist
0.6980862021446228,0.7537612915039062,0.718076765537262,0.6605707406997681,0.7154372930526733,0.5769809484481812,0.6926783919334412,0.5238177180290222,0.6657403111457825,0.5115544199943542,0.7343420386314392,0.5270004272460938,0.6718220710754395,0.47632238268852234,0.6615068912506104,0.5177497863769531,0.6690003871917725,0.5381361246109009,0.7175830602645874,0.5341655611991882,0.6500844955444336,0.4922933876514435,0.6449087262153625,0.5390507578849792,0.657310426235199,0.5615800023078918,0.6946015954017639,0.5476778149604797,0.6340437531471252,0.5172775983810425,0.6338027119636536,0.5638315081596375,0.6480563282966614,0.5834662914276123,0.667812168598175,0.5664383769035339,0.6235885620117188,0.5474083423614502,0.6269310116767883,0.5861493945121765,0.6403310298919678,0.6053536534309387,Fist
0.7068637609481812,0.7556349039077759,0.7253260612487793,0.6623970866203308,0.7176426649093628,0.5758069157600403,0.6920894980430603,0.5239861011505127,0.6630913615226746,0.5131157040596008,0.7378007769584656,0.516478419303894,0.6702429056167603,0.4723016619682312,0.6620005965232849,0.5175075531005859,0.6735144257545471,0.5379016399383545,0.7228708267211914,0.5235065221786499,0.6475911140441895,0.4886486530303955,0.6453330516815186,0.5368942618370056,0.662041187286377,0.5583811402320862,0.7004838585853577,0.5406590700149536,0.6324089765548706,0.5139613151550293,0.6330551505088806,0.5620083212852478,0.6504589319229126,0.5789498686790466,0.6746907830238342,0.5653175711631775,0.626666247844696,0.5500229597091675,0.6292543411254883,0.5891887545585632,0.6442076563835144,0.6057022213935852,Fist
0.7149487137794495,0.754809558391571,0.7239530086517334,0.6590719223022461,0.7132803797721863,0.5764550566673279,0.6869810819625854,0.5261191725730896,0.6608280539512634,0.5115840435028076,0.7325071096420288,0.506688117980957,0.6592823266983032,0.47074782848358154,0.654185950756073,0.5208072662353516,0.6690496206283569,0.540463924407959,0.7239663600921631,0.5177807807922363,0.6380487084388733,0.49501729011535645,0.6410397291183472,0.5491592884063721,0.6612862348556519,0.5655019283294678,0.7073814272880554,0.5395632982254028,0.6287338733673096,0.5236789584159851,0.6337184309959412,0.5779182314872742,0.6540807485580444,0.5923677682876587,0.6870471835136414,0.5665494203567505,0.6274992227554321,0.5615286231040955,0.6322276592254639,0.6034729480743408,0.6500120162963867,0.6169058680534363,Fist
0.7118138670921326,0.7610530257225037,0.6577178239822388,0.6827695369720459,0.6405733823776245,0.6148828268051147,0.6234685778617859,0.5617789030075073,0.6127830743789673,0.516878604888916,0.7155961394309998,0.5047723650932312,0.639939546585083,0.4807932674884796,0.6360043883323669,0.537223756313324,0.652908444404602,0.5581457018852234,0.7199832201004028,0.511687159538269,0.6286966800689697,0.4993121027946472,0.629779577255249,0.5626651644706726,0.6530614495277405,0.5768361687660217,0.7137480974197388,0.5348013639450073,0.6278604865074158,0.528761088848114,0.6302324533462524,0.5891421437263489,0.6525008678436279,0.6008763909339905,0.6992805600166321,0.5669911503791809,0.6340543627738953,0.5714967846870422,0.6378920674324036,0.6143217086791992,0.6598684191703796,0.6248593330383301,Fist
0.6976644396781921,0.7577084302902222,0.6417331695556641,0.69087815284729,0.6148266792297363,0.6233380436897278,0.5959550738334656,0.5713036060333252,0.5985317826271057,0.5280706882476807,0.6839737296104431,0.49916425347328186,0.620786190032959,0.4856046736240387,0.6220727562904358,0.552291989326477,0.6402695775032043,0.5733428597450256,0.6989705562591553,0.5016835331916809,0.6189221143722534,0.4992607533931732,0.6241441965103149,0.5776442885398865,0.6492931842803955,0.5878192782402039,0.707162082195282,0.5228462815284729,0.6321197748184204,0.5319609642028809,0.6360171437263489,0.6028463244438171,0.6584650874137878,0.612621545791626,0.7070673704147339,0.5576524138450623,0.6510522961616516,0.5679373145103455,0.6533193588256836,0.6090467572212219,0.6732183694839478,0.6170116662979126,Fist
0.6715188026428223,0.7461175322532654,0.6221861839294434,0.6894615888595581,0.5875369310379028,0.6181856393814087,0.5766636729240417,0.5552104711532593,0.5994560122489929,0.5192779302597046,0.6333698630332947,0.4966086745262146,0.5884143114089966,0.4819464087486267,0.5939311981201172,0.5505414605140686,0.61147141456604,0.5599884390830994,0.6575537919998169,0.49698200821876526,0.6107565760612488,0.49619314074516296,0.6170415282249451,0.5821376442909241,0.6378584504127502,0.5796203017234802,0.6808950901031494,0.5125592350959778,0.6362497806549072,0.514758288860321,0.6368234753608704,0.5951966643333435,0.656694769859314,0.5952062010765076,0.7021825313568115,0.542904257774353,0.6665207743644714,0.5383253693580627,0.6609494090080261,0.5871552228927612,0.6753782033920288,0.5933598279953003,Fist
0.6580938100814819,0.7396109700202942,0.610089123249054,0.7029047608375549,0.5693700313568115,0.6338590383529663,0.562557578086853,0.5603019595146179,0.5912411212921143,0.525691568851471,0.5962886214256287,0.5221337080001831,0.5673591494560242,0.4887051582336426,0.5749879479408264,0.5604608058929443,0.5897818803787231,0.5703954100608826,0.6236838698387146,0.5172436237335205,0.5989025831222534,0.4897962510585785,0.60299152135849,0.5768882036209106,0.616208553314209,0.5778003931045532,0.6517386436462402,0.5246442556381226,0.6279159784317017,0.5049095749855042,0.6274927258491516,0.5885611772537231,0.641310453414917,0.5899972915649414,0.682025134563446,0.5417602062225342,0.6585860252380371,0.5243650674819946,0.6536078453063965,0.5779000520706177,0.6638933420181274,0.5838838815689087,Fist
0.648306667804718,0.7310754060745239,0.6040938496589661,0.7114746570587158,0.5589613914489746,0.6565119624137878,0.5509734749794006,0.5828168988227844,0.5778559446334839,0.5383575558662415,0.5687034130096436,0.5427315831184387,0.5464756488800049,0.5095661878585815,0.5587140321731567,0.5736449360847473,0.5725006461143494,0.5841851234436035,0.5977842807769775,0.525241494178772,0.5807360410690308,0.4959860146045685,0.5891814231872559,0.5780776143074036,0.5982940196990967,0.5786791443824768,0.6284728646278381,0.5222533941268921,0.613154411315918,0.5097100734710693,0.6165915727615356,0.5895962119102478,0.6245503425598145,0.588021457195282,0.6610912680625916,0.5290249586105347,0.6429855227470398,0.5207636952400208,0.6413183212280273,0.5751858949661255,0.6479484438896179,0.5779488682746887,Fist
0.6492868661880493,0.7202443480491638,0.6069163680076599,0.712350606918335,0.5587347745895386,0.6701984405517578,0.5483456254005432,0.5964608192443848,0.5759891867637634,0.5497431755065918,0.5528278946876526,0.5549899339675903,0.5346607565879822,0.5255531668663025,0.5501944422721863,0.5763700008392334,0.5645059943199158,0.5862663984298706,0.5810127258300781,0.5261843800544739,0.5693376064300537,0.4984029531478882,0.5824562311172485,0.5763589143753052,0.5891764163970947,0.5818706154823303,0.6119763851165771,0.5147525072097778,0.6052522659301758,0.5093568563461304,0.6122782230377197,0.5864059329032898,0.6155122518539429,0.5863668322563171,0.6460385918617249,0.5146335363388062,0.6362589597702026,0.514672577381134,0.6383703947067261,0.5667187571525574,0.640774130821228,0.5675013065338135,Fist
0.6511382460594177,0.7039608359336853,0.6092554330825806,0.7072783708572388,0.5612375736236572,0.6790305376052856,0.5542804598808289,0.61723792552948,0.5820617079734802,0.5653784871101379,0.5407689809799194,0.5395366549491882,0.5338479280471802,0.5418844223022461,0.5562764406204224,0.594491720199585,0.5671715140342712,0.5967797636985779,0.5675235986709595,0.5028557181358337,0.5696942806243896,0.5126117467880249,0.5866170525550842,0.584092378616333,0.5875930786132812,0.5846250653266907,0.5985584855079651,0.48994922637939453,0.6073683500289917,0.5160486102104187,0.6160744428634644,0.5850018858909607,0.6126292943954468,0.5801836848258972,0.6327760815620422,0.4891837537288666,0.6388440728187561,0.5143687129020691,0.6419260501861572,0.5648836493492126,0.6376041173934937,0.5654135346412659,Fist
0.6516000032424927,0.6913101673126221,0.613591730594635,0.7048866748809814,0.5661529302597046,0.6865325570106506,0.558636486530304,0.6345504522323608,0.5849360227584839,0.5820173621177673,0.5345527529716492,0.5324715375900269,0.5346803665161133,0.562910795211792,0.5603758692741394,0.6126547455787659,0.5694590210914612,0.6063976883888245,0.5603635907173157,0.4913976192474365,0.5718599557876587,0.5350841283798218,0.589771032333374,0.5985149145126343,0.5880888104438782,0.5888330340385437,0.5918861627578735,0.476975679397583,0.6102446913719177,0.5331233739852905,0.6186680197715759,0.5928205847740173,0.6120842695236206,0.5807512998580933,0.6267876625061035,0.47365808486938477,0.641304612159729,0.5206703543663025,0.643811047077179,0.5671654343605042,0.6358760595321655,0.5652037262916565,Fist
0.653290867805481,0.6805079579353333,0.6152218580245972,0.6986497044563293,0.567902147769928,0.6852304935455322,0.564118504524231,0.6336024403572083,0.5925313234329224,0.5834702849388123,0.5359064936637878,0.5369758605957031,0.5381343364715576,0.5561360120773315,0.5612043738365173,0.6003808379173279,0.5699395537376404,0.6002281308174133,0.5609501004219055,0.490935742855072,0.576383113861084,0.5307257175445557,0.5927755236625671,0.5913623571395874,0.591340184211731,0.5884849429130554,0.5919874906539917,0.47231340408325195,0.6155961751937866,0.5296372175216675,0.6229708790779114,0.5902146100997925,0.6147649884223938,0.5845873951911926,0.6258288025856018,0.46665719151496887,0.6460000276565552,0.5213180184364319,0.6475667357444763,0.570393979549408,0.6373144388198853,0.5712180137634277,Fist
0.6548920273780823,0.669963002204895,0.6157875061035156,0.6920261979103088,0.5695433020591736,0.683711588382721,0.5662285685539246,0.6369777321815491,0.596141517162323,0.5888199806213379,0.5365423560142517,0.5230655670166016,0.5400851964950562,0.5586939454078674,0.5652857422828674,0.6055731773376465,0.5736269950866699,0.6008418202400208,0.5626524090766907,0.4800976514816284,0.5771334171295166,0.5359669923782349,0.5944082140922546,0.5958033204078674,0.5923534631729126,0.5860034227371216,0.5942284464836121,0.4639984667301178,0.6156273484230042,0.5299738645553589,0.6235238313674927,0.5891417264938354,0.6155896782875061,0.5799472332000732,0.628494918346405,0.4605969786643982,0.6460430026054382,0.5204636454582214,0.648506760597229,0.5684167742729187,0.6396278142929077,0.5680556893348694,Fist
0.6595178246498108,0.6546146273612976,0.6198212504386902,0.6864708662033081,0.5776883363723755,0.7017409205436707,0.5646765232086182,0.6893981099128723,0.592434287071228,0.643687903881073,0.5330977439880371,0.5321708917617798,0.5419761538505554,0.6187627911567688,0.5671213865280151,0.6523762345314026,0.5744286775588989,0.6306673288345337,0.5620793700218201,0.49130529165267944,0.5761235952377319,0.5954042673110962,0.5959205031394958,0.6397842764854431,0.5963337421417236,0.6187314391136169,0.5965767502784729,0.47622886300086975,0.6105126142501831,0.5764989852905273,0.6233800649642944,0.6204583644866943,0.6223320960998535,0.603504478931427,0.6323608160018921,0.47698885202407837,0.6425467729568481,0.5593006610870361,0.6493538022041321,0.5946676731109619,0.6481155157089233,0.5826259851455688,Fist
0.6752456426620483,0.6235694289207458,0.6256386041641235,0.6771116256713867,0.5859280824661255,0.7100934982299805,0.5660907626152039,0.7375410199165344,0.573284924030304,0.7392858862876892,0.5299431681632996,0.5614154934883118,0.5296338796615601,0.6869309544563293,0.5572993159294128,0.7061662673950195,0.5683614015579224,0.6797289848327637,0.557608425617218,0.5321662425994873,0.5636885166168213,0.6821100115776062,0.5892468690872192,0.6965500116348267,0.5933873653411865,0.6638503074645996,0.5925123691558838,0.5250035524368286,0.5991628170013428,0.6683545112609863,0.6208702325820923,0.6834932565689087,0.624709963798523,0.6514455080032349,0.6288133859634399,0.5340657234191895,0.6306608319282532,0.6426193714141846,0.643275260925293,0.6563124656677246,0.6459758281707764,0.6297750473022461,Fist
0.6941331624984741,0.5819817185401917,0.6373081207275391,0.6453186273574829,0.5930198431015015,0.6977677345275879,0.5733125805854797,0.7591651678085327,0.582589328289032,0.7908786535263062,0.5356829762458801,0.592381477355957,0.5371894240379333,0.7383148074150085,0.5638822317123413,0.7401766777038574,0.5725495219230652,0.7056335806846619,0.5587573647499084,0.5800705552101135,0.5650272369384766,0.7468198537826538,0.5897518396377563,0.7347906827926636,0.5940221548080444,0.6970933079719543,0.5904170870780945,0.5809826850891113,0.5973206162452698,0.7363428473472595,0.6175916790962219,0.7161427736282349,0.6193179488182068,0.6745439767837524,0.6263616681098938,0.5917258858680725,0.6272143721580505,0.7054534554481506,0.6398016810417175,0.6904700398445129,0.6426964402198792,0.6528433561325073,Fist
0.6968497037887573,0.5667123794555664,0.6429525017738342,0.6084315776824951,0.5981140732765198,0.675918459892273,0.583339273929596,0.7622871398925781,0.5924105048179626,0.8140662908554077,0.5352828502655029,0.6128129363059998,0.5418963432312012,0.7653476595878601,0.5710575580596924,0.762978196144104,0.5792548060417175,0.7240601778030396,0.5583385825157166,0.6025134325027466,0.574350118637085,0.7767753005027771,0.600197434425354,0.7576730251312256,0.6023050546646118,0.7186267375946045,0.5906591415405273,0.6043117046356201,0.6054868102073669,0.7662323713302612,0.6274096369743347,0.7391143441200256,0.6270945072174072,0.697755753993988,0.6280398964881897,0.6104705333709717,0.6328614354133606,0.732481837272644,0.6470051407814026,0.7138887047767639,0.648463249206543,0.6758212447166443,Fist
0.6997768878936768,0.5718905329704285,0.643002450466156,0.5928935408592224,0.5973373055458069,0.6595487594604492,0.5801017880439758,0.7477059960365295,0.5846511721611023,0.8016603589057922,0.5411019325256348,0.6159476041793823,0.5475301146507263,0.7708518505096436,0.5745250582695007,0.7694625854492188,0.5796064138412476,0.7341203093528748,0.5666499733924866,0.6090078949928284,0.5821182727813721,0.7810596227645874,0.6057760119438171,0.7636721134185791,0.6068271994590759,0.7261883020401001,0.5995184779167175,0.6129645705223083,0.6114442944526672,0.7728164196014404,0.6314005851745605,0.7464146018028259,0.63127201795578,0.7056216597557068,0.6352241635322571,0.6189286112785339,0.6387290954589844,0.7411507368087769,0.6522864699363708,0.7222208380699158,0.6541672348976135,0.6841143369674683,Fist
0.6992295384407043,0.5766019225120544,0.641290009021759,0.5802453756332397,0.5941524505615234,0.6405094265937805,0.5724948048591614,0.7275094985961914,0.5716387629508972,0.785483717918396,0.5422167778015137,0.6182711124420166,0.545944094657898,0.7733674645423889,0.5718425512313843,0.7787072658538818,0.5784893035888672,0.7461528778076172,0.5662989616394043,0.6157405972480774,0.5750901103019714,0.7920352816581726,0.6005933880805969,0.7810841202735901,0.6048257350921631,0.7445243000984192,0.5980731844902039,0.6239795088768005,0.6071804761886597,0.7843713164329529,0.6278141140937805,0.7592742443084717,0.6293478012084961,0.7172993421554565,0.632614254951477,0.6336203813552856,0.6362473368644714,0.7521393299102783,0.6502153277397156,0.7322103381156921,0.6528018712997437,0.6937398910522461,Fist
0.6997156739234924,0.583117663860321,0.646823525428772,0.5880138874053955,0.5978060364723206,0.6566666960716248,0.5767837166786194,0.7555586099624634,0.5738577246665955,0.8209630846977234,0.5403075218200684,0.617010235786438,0.5386821031570435,0.7740887403488159,0.5661081671714783,0.7666382789611816,0.5714141130447388,0.7291661500930786,0.5592082142829895,0.6246457695960999,0.5591486692428589,0.8002311587333679,0.5847912430763245,0.7776931524276733,0.5902053117752075,0.7377868890762329,0.5867085456848145,0.6426472067832947,0.587296187877655,0.804501473903656,0.6099475026130676,0.7768672108650208,0.6127092838287354,0.7351276874542236,0.6189651489257812,0.6644895076751709,0.6169408559799194,0.7871741056442261,0.6331788897514343,0.7637553811073303,0.6373817920684814,0.7224434018135071,Fist
0.7040221691131592,0.6160756945610046,0.6483525037765503,0.5899584293365479,0.5900576114654541,0.6267107129096985,0.5585447549819946,0.6949302554130554,0.5520528554916382,0.7566792964935303,0.5402151346206665,0.6198180913925171,0.5365707874298096,0.7576360106468201,0.5579413771629333,0.7602899074554443,0.5631488561630249,0.7329107522964478,0.5510714650154114,0.6476836800575256,0.5467106699943542,0.7992161512374878,0.5712459683418274,0.7879940271377563,0.5796005129814148,0.7509843707084656,0.5714724063873291,0.6820939183235168,0.5680522322654724,0.8216779828071594,0.5926692485809326,0.8040651082992554,0.5976932644844055,0.7645449042320251,0.5982264876365662,0.7160686254501343,0.5970748662948608,0.8147510290145874,0.616387665271759,0.7970649003982544,0.6209313273429871,0.7618700265884399,Fist
0.7009044289588928,0.6721949577331543,0.6494377255439758,0.620978832244873,0.5944526791572571,0.6359732151031494,0.5610029697418213,0.689846396446228,0.5503841042518616,0.7480535507202148,0.5377063751220703,0.619728684425354,0.528761088848114,0.7375928163528442,0.5529479384422302,0.7408984899520874,0.5678645372390747,0.7167036533355713,0.537676215171814,0.6638376116752625,0.535499632358551,0.77811199426651,0.5599427223205566,0.773827075958252,0.5732940435409546,0.7437563538551331,0.549480676651001,0.7123259902000427,0.5473116636276245,0.8165388703346252,0.5734027624130249,0.8053922057151794,0.5830541849136353,0.7717754244804382,0.5680775046348572,0.7622912526130676,0.5629926919937134,0.8420547246932983,0.5874707102775574,0.8269613981246948,0.598704993724823,0.7951158285140991,Fist
0.6833963394165039,0.7263607382774353,0.6341212391853333,0.6523895263671875,0.5873396396636963,0.6520082354545593,0.5544620156288147,0.6867020726203918,0.5413638353347778,0.7325102090835571,0.5362042784690857,0.6247928738594055,0.5335271954536438,0.6790338158607483,0.5548462271690369,0.6919152140617371,0.5736268758773804,0.6855565309524536,0.5256274342536926,0.6855751276016235,0.5382681488990784,0.7345514893531799,0.5596362352371216,0.7433982491493225,0.5765024423599243,0.7309038639068604,0.5310875773429871,0.7469663023948669,0.5461050271987915,0.7878092527389526,0.566434919834137,0.7880319952964783,0.5813598036766052,0.7730617523193359,0.5426090359687805,0.8072360157966614,0.5508944392204285,0.8430852293968201,0.5721243023872375,0.83791583776474,0.5876694917678833,0.824749767780304,Fist
0.6629117727279663,0.7676238417625427,0.6297654509544373,0.671787440776825,0.5846027731895447,0.6477113962173462,0.5478134155273438,0.671132504940033,0.5329812169075012,0.7164607048034668,0.537962794303894,0.623249351978302,0.5377718806266785,0.6546167135238647,0.5561403632164001,0.6669023633003235,0.570381760597229,0.6674099564552307,0.5225493907928467,0.6858416199684143,0.5395548343658447,0.7115908861160278,0.5575823187828064,0.7219361066818237,0.571280837059021,0.7196630835533142,0.5240132808685303,0.7507671117782593,0.5433759689331055,0.7657182216644287,0.560357928276062,0.766728401184082,0.574128270149231,0.7626372575759888,0.5318095684051514,0.8146683573722839,0.5471578240394592,0.8208117485046387,0.5648930072784424,0.8164228200912476,0.5782195925712585,0.8143248558044434,Fist
0.6580532789230347,0.7685717344284058,0.6401251554489136,0.6628555655479431,0.6028962731361389,0.6269434690475464,0.5681882500648499,0.6380716562271118,0.5497837662696838,0.6751567125320435,0.5518702864646912,0.5923557877540588,0.5550337433815002,0.6183671951293945,0.5709048509597778,0.6368743181228638,0.5840728878974915,0.6458380222320557,0.5306660532951355,0.6468926668167114,0.5460960865020752,0.6712903380393982,0.5631911158561707,0.6885564923286438,0.5782133936882019,0.6950472593307495,0.5256864428520203,0.7095240354537964,0.5451014041900635,0.7264211177825928,0.5616735219955444,0.7351481914520264,0.5771841406822205,0.7382339835166931,0.5279653072357178,0.7726544737815857,0.5456884503364563,0.7855197191238403,0.5640539526939392,0.7884606122970581,0.5785078406333923,0.7911697030067444,Fist
0.6682648062705994,0.7443003058433533,0.6584722995758057,0.6379671692848206,0.6259608864784241,0.5968953967094421,0.5940651893615723,0.6048678755760193,0.5744890570640564,0.6399152874946594,0.576017439365387,0.56721431016922,0.5793381929397583,0.5953032374382019,0.592519998550415,0.6148993968963623,0.6027736067771912,0.6234616637229919,0.5539003014564514,0.6161633133888245,0.5635188817977905,0.6454042196273804,0.5785428881645203,0.6621579527854919,0.5917934775352478,0.6681671738624573,0.5469745993614197,0.6784909963607788,0.5585911273956299,0.7005559802055359,0.5751747488975525,0.7091879844665527,0.5897833704948425,0.7114884257316589,0.5478127598762512,0.7415270209312439,0.5613723397254944,0.7594501376152039,0.5793164372444153,0.7647828459739685,0.5923902988433838,0.7689022421836853,Fist
0.676938533782959,0.7351729869842529,0.6792768239974976,0.6313350200653076,0.650920569896698,0.5864961743354797,0.6201164126396179,0.5884027481079102,0.6017417907714844,0.6228107213973999,0.6034210324287415,0.5512314438819885,0.6101834177970886,0.5811288952827454,0.6200231313705444,0.6010170578956604,0.6274530291557312,0.6093788146972656,0.5780584216117859,0.5920652747154236,0.5897924304008484,0.6230127811431885,0.6029964089393616,0.6422072052955627,0.6137138605117798,0.648639976978302,0.568913459777832,0.6479336023330688,0.5833029747009277,0.6786128282546997,0.5983017683029175,0.6871052980422974,0.6094626188278198,0.6871761679649353,0.5670827031135559,0.7073115706443787,0.5834318995475769,0.7365654110908508,0.6003775000572205,0.742961049079895,0.6113284230232239,0.7453769445419312,Fist
0.6732105016708374,0.7256785035133362,0.683694064617157,0.6350443959236145,0.6644048690795898,0.589901328086853,0.6390748620033264,0.5874645113945007,0.6197960376739502,0.6176483631134033,0.61142897605896,0.5439722537994385,0.6137776374816895,0.5673510432243347,0.6236221194267273,0.5858453512191772,0.6316796541213989,0.5958839058876038,0.5846964716911316,0.5816677808761597,0.5929083824157715,0.6071239113807678,0.6050564050674438,0.6245788931846619,0.6153066158294678,0.6340891718864441,0.5733221173286438,0.6352865099906921,0.584454357624054,0.6579461097717285,0.5986368060112,0.667595386505127,0.6097893714904785,0.6722368597984314,0.5697010159492493,0.6912775635719299,0.5834873914718628,0.7153659462928772,0.5992223024368286,0.7218958735466003,0.6102979183197021,0.7257131338119507,Fist
0.6609638333320618,0.7231316566467285,0.6850475072860718,0.6450916528701782,0.677519679069519,0.5943890810012817,0.6530107855796814,0.5746399760246277,0.6327290534973145,0.5887606739997864,0.6215903759002686,0.5186610221862793,0.6216736435890198,0.532172679901123,0.6288661956787109,0.5585099458694458,0.6345663070678711,0.578672468662262,0.5914130806922913,0.5460018515586853,0.5972508788108826,0.5661441683769226,0.6071323752403259,0.5924607515335083,0.6165983080863953,0.6115724444389343,0.5750764012336731,0.5907194018363953,0.5823845863342285,0.6053690910339355,0.5930951237678528,0.6229398846626282,0.6034964919090271,0.6408408880233765,0.5658894181251526,0.6420526504516602,0.5721412897109985,0.6534101366996765,0.5851340293884277,0.6653891801834106,0.5957350730895996,0.6800040006637573,Fist
0.6537294983863831,0.7129456400871277,0.679312527179718,0.630424439907074,0.6683724522590637,0.5677920579910278,0.6381091475486755,0.537175714969635,0.6125365495681763,0.5426499247550964,0.6532529592514038,0.4941502809524536,0.6362496018409729,0.5076755285263062,0.6385732889175415,0.539056122303009,0.6438712477684021,0.5591577887535095,0.6197900176048279,0.5007415413856506,0.6109820008277893,0.5324912071228027,0.6145209670066833,0.56312495470047,0.6228070259094238,0.5812790989875793,0.5931004881858826,0.5277170538902283,0.5892928242683411,0.5617465972900391,0.5960741639137268,0.5867477655410767,0.6047311425209045,0.6033324599266052,0.5702459812164307,0.5634089708328247,0.5695916414260864,0.5903679728507996,0.5787844657897949,0.6149207353591919,0.5861518979072571,0.6328195929527283,Fist
0.6561732292175293,0.7121059894561768,0.6814568638801575,0.6296470165252686,0.6775504946708679,0.5577346086502075,0.6507244110107422,0.520005464553833,0.6261962056159973,0.5168123841285706,0.682867169380188,0.5093716979026794,0.6331344246864319,0.4851338565349579,0.6262555122375488,0.5157966017723083,0.6321842670440674,0.536657989025116,0.6574852466583252,0.5095476508140564,0.6148490905761719,0.4998370110988617,0.6114444136619568,0.5331871509552002,0.6201475262641907,0.5543264150619507,0.6316187381744385,0.52016681432724,0.5959829092025757,0.5133135318756104,0.5968178510665894,0.5451841950416565,0.6063001751899719,0.5604303479194641,0.6062017679214478,0.5412591099739075,0.5784004330635071,0.5347571969032288,0.5838987231254578,0.5654268860816956,0.5938039422035217,0.5823528170585632,Fist
0.6597368717193604,0.7244167923927307,0.6853925585746765,0.6472742557525635,0.6858601570129395,0.577893078327179,0.6623116731643677,0.5346877574920654,0.6382645964622498,0.5253546833992004,0.6992505788803101,0.53449547290802,0.6431638598442078,0.49293452501296997,0.635680079460144,0.5279950499534607,0.6439111232757568,0.5503057837486267,0.6818114519119263,0.5291450619697571,0.6274079084396362,0.4950976073741913,0.6218757033348083,0.5346350073814392,0.6315199136734009,0.5573799014091492,0.6604828238487244,0.5321544408798218,0.6108975410461426,0.5010939836502075,0.6079508066177368,0.5452764630317688,0.6191565990447998,0.5647820234298706,0.6360675692558289,0.5440837144851685,0.5966095924377441,0.5191662907600403,0.5974721908569336,0.5587458610534668,0.609010636806488,0.5794675350189209,Fist
0.6546750068664551,0.7370943427085876,0.6203888654708862,0.6710468530654907,0.6170296669006348,0.6138047575950623,0.6105390787124634,0.5680859684944153,0.6039170026779175,0.5292838215827942,0.6974470615386963,0.550756573677063,0.6333742141723633,0.5049403309822083,0.6219438314437866,0.5513038635253906,0.6302109956741333,0.5882017016410828,0.7000974416732788,0.5436187982559204,0.6267067790031433,0.49668148159980774,0.6148304343223572,0.556379497051239,0.625967800617218,0.5900155901908875,0.6941311955451965,0.5384131669998169,0.6206413507461548,0.49209392070770264,0.6108656525611877,0.5553785562515259,0.6252198815345764,0.5854617357254028,0.6797842979431152,0.5376905798912048,0.6200039982795715,0.5049355030059814,0.6144315600395203,0.5536001324653625,0.6294695734977722,0.5803936123847961,Fist
0.6478152871131897,0.7171653509140015,0.6164710521697998,0.6428326964378357,0.6094217300415039,0.5875509977340698,0.6071707606315613,0.5370082855224609,0.6141716837882996,0.4936097264289856,0.6763829588890076,0.56512850522995,0.6440780758857727,0.506904661655426,0.6299809217453003,0.5329546928405762,0.6324310302734375,0.5628716945648193,0.686957597732544,0.5563303828239441,0.6392567157745361,0.48718926310539246,0.6238462328910828,0.5365836024284363,0.6340377926826477,0.5726540684700012,0.6938437223434448,0.5450606942176819,0.6377748847007751,0.479162335395813,0.6254562735557556,0.5395473837852478,0.6414535045623779,0.5771297216415405,0.6960148215293884,0.5361085534095764,0.6464076042175293,0.4846650958061218,0.6350224018096924,0.5217189788818359,0.6468346118927002,0.5511165857315063,Fist
0.6654484272003174,0.6904270648956299,0.6242997646331787,0.6379737257957458,0.6080459952354431,0.5703650712966919,0.6095826625823975,0.5089073181152344,0.6301735639572144,0.4691682457923889,0.6477015018463135,0.5405305624008179,0.6413226127624512,0.4878520369529724,0.6283854842185974,0.5122742056846619,0.6299486756324768,0.5443691611289978,0.6645491123199463,0.5317107439041138,0.6535409688949585,0.46175503730773926,0.640192985534668,0.5055509805679321,0.6478409171104431,0.5473461747169495,0.6841767430305481,0.5275458097457886,0.6634010672569275,0.4611143469810486,0.6515493392944336,0.5141615867614746,0.6640303134918213,0.5574310421943665,0.7075223326683044,0.5268712043762207,0.6838564276695251,0.46904268860816956,0.6716921329498291,0.5026527047157288,0.68077552318573,0.542073130607605,Fist
0.6776448488235474,0.6850290894508362,0.6352135539054871,0.633139431476593,0.6159985065460205,0.5440253019332886,0.6264495849609375,0.4690070152282715,0.6564391255378723,0.446663498878479,0.6512250900268555,0.5023137331008911,0.646732747554779,0.4482656717300415,0.6380144953727722,0.49715331196784973,0.6422350406646729,0.5292894840240479,0.6754611730575562,0.5002496242523193,0.6701704859733582,0.43683961033821106,0.6591187119483948,0.5072850584983826,0.667859673500061,0.5446722507476807,0.7008687257766724,0.5055946707725525,0.6924699544906616,0.4418984353542328,0.679046630859375,0.5153804421424866,0.6858696341514587,0.5599570870399475,0.7301129102706909,0.5215734839439392,0.7185240983963013,0.4574074149131775,0.7055544257164001,0.5052712559700012,0.7105445861816406,0.5442887544631958,Fist
0.6984627842903137,0.685295820236206,0.6560695767402649,0.6190409660339355,0.641068160533905,0.5222082138061523,0.6629511117935181,0.4442800283432007,0.7016701102256775,0.42758461833000183,0.6701812148094177,0.4889048933982849,0.6713266372680664,0.4301348328590393,0.6650044918060303,0.47522056102752686,0.6658199429512024,0.5040895938873291,0.6987314224243164,0.49136069416999817,0.7033892869949341,0.42540886998176575,0.6912827491760254,0.49564647674560547,0.6907183527946472,0.5289905667304993,0.7256200313568115,0.5045708417892456,0.7343627214431763,0.4351292550563812,0.7168727517127991,0.5068674683570862,0.7128735780715942,0.5502274036407471,0.7544539570808411,0.5302358865737915,0.7578433752059937,0.47430306673049927,0.7433313727378845,0.5178844332695007,0.7391790151596069,0.5491592884063721,Fist
0.7180570960044861,0.6837815642356873,0.6798703074455261,0.6136696338653564,0.6743181347846985,0.5101397633552551,0.7062016129493713,0.4346880316734314,0.7494800090789795,0.4268763065338135,0.704981803894043,0.4706129729747772,0.71451336145401,0.4133921265602112,0.7053208947181702,0.46508967876434326,0.7037047147750854,0.49373212456703186,0.7327126860618591,0.4829477071762085,0.7468305826187134,0.4214935600757599,0.7299095988273621,0.492554247379303,0.7268158197402954,0.5147560238838196,0.75807785987854,0.50567227602005,0.7773444652557373,0.44548240303993225,0.7537623643875122,0.5163179636001587,0.745924711227417,0.5471333265304565,0.7839440703392029,0.5382911562919617,0.7952452301979065,0.4918168783187866,0.777069091796875,0.5339460372924805,0.7686933279037476,0.5565059781074524,Fist
0.738326907157898,0.6767333745956421,0.7052961587905884,0.5880148410797119,0.7147436141967773,0.483017235994339,0.7625592947006226,0.4342135488986969,0.8056941628456116,0.4419267773628235,0.7355181574821472,0.4540857970714569,0.753235399723053,0.4001483917236328,0.743334174156189,0.4502989649772644,0.7421414256095886,0.4808189570903778,0.7634978294372559,0.47631075978279114,0.7891074419021606,0.42225149273872375,0.7675895690917969,0.4865700304508209,0.762724757194519,0.5072553753852844,0.7885920405387878,0.5054290294647217,0.8180899620056152,0.4639418125152588,0.7888516187667847,0.5231189131736755,0.7782765626907349,0.5456171035766602,0.8131288290023804,0.5412924289703369,0.8350422978401184,0.5037679076194763,0.813179612159729,0.5387524366378784,0.8022483587265015,0.5574095845222473,Fist
0.7612826824188232,0.6684484481811523,0.7405499219894409,0.5732889175415039,0.7620826363563538,0.47558319568634033,0.8156089186668396,0.44477754831314087,0.8548199534416199,0.4470219314098358,0.7844027876853943,0.4345363974571228,0.8165863156318665,0.39127543568611145,0.7958043217658997,0.4398961067199707,0.7838963866233826,0.46921542286872864,0.8106527924537659,0.4670334756374359,0.8417995572090149,0.42610251903533936,0.8124778270721436,0.48402082920074463,0.8063672780990601,0.500536322593689,0.8317880630493164,0.5072168707847595,0.8643100261688232,0.4742850661277771,0.8293439149856567,0.5237545371055603,0.8179152011871338,0.5406617522239685,0.8505731821060181,0.554335355758667,0.8716589212417603,0.5221260190010071,0.846048891544342,0.5522993206977844,0.8346466422080994,0.5669543147087097,Fist
0.7925602793693542,0.6741026043891907,0.781217634677887,0.5739008188247681,0.8091450333595276,0.4824240803718567,0.8636801838874817,0.4643581211566925,0.9021772742271423,0.47339922189712524,0.8277509212493896,0.4352836310863495,0.8721972107887268,0.40776005387306213,0.8509843945503235,0.45402249693870544,0.8377337455749512,0.4690566956996918,0.8537824749946594,0.474996417760849,0.897219181060791,0.45691224932670593,0.8624595999717712,0.5087317824363708,0.8525112867355347,0.5108451247215271,0.8742607235908508,0.5190132856369019,0.9119361042976379,0.5101823806762695,0.8725292086601257,0.5519275665283203,0.8584905862808228,0.5506739616394043,0.8907498121261597,0.5663061738014221,0.9169174432754517,0.5516065955162048,0.88816237449646,0.575996458530426,0.8727043867111206,0.577771782875061,Fist
0.8129889369010925,0.6807257533073425,0.8105617761611938,0.5760349631309509,0.847655713558197,0.48549526929855347,0.9045271277427673,0.47998204827308655,0.939494788646698,0.5183824300765991,0.869875431060791,0.4369381070137024,0.9134063124656677,0.4409167170524597,0.8846585750579834,0.4869493544101715,0.8655219674110413,0.5027974843978882,0.8907862901687622,0.4816620349884033,0.936238706111908,0.4876807630062103,0.8979089260101318,0.530497670173645,0.883303165435791,0.5300688147544861,0.9075901508331299,0.5309166312217712,0.9493659734725952,0.5429674386978149,0.9083011746406555,0.5761686563491821,0.8906875848770142,0.5698426961898804,0.9192004799842834,0.5861868858337402,0.9502303004264832,0.5829747915267944,0.9212992787361145,0.6008176207542419,0.9030280113220215,0.5996623039245605,Fist
0.8264055848121643,0.6833341121673584,0.8244956731796265,0.5800461769104004,0.8642813563346863,0.4967826008796692,0.923828661441803,0.49951058626174927,0.9582901000976562,0.5442987084388733,0.8907429575920105,0.44799497723579407,0.9383857250213623,0.45451658964157104,0.909857988357544,0.49892938137054443,0.8930268883705139,0.5132405757904053,0.909386396408081,0.49843132495880127,0.954187273979187,0.504804790019989,0.9140457510948181,0.544205367565155,0.9016268253326416,0.5410237312316895,0.9240881204605103,0.5484338998794556,0.9615675210952759,0.5600607395172119,0.917430579662323,0.590477466583252,0.9018768668174744,0.5835863351821899,0.935321033000946,0.6019460558891296,0.9645619988441467,0.5969477891921997,0.9329047203063965,0.6117772459983826,0.9138472080230713,0.6096128225326538,Fist
0.8339892625808716,0.6905386447906494,0.8291590809822083,0.5945267081260681,0.8673481941223145,0.5128077864646912,0.9284393787384033,0.5136693120002747,0.967628538608551,0.5515837073326111,0.8954330086708069,0.4575587809085846,0.9431910514831543,0.4459092319011688,0.912216067314148,0.49547696113586426,0.8927961587905884,0.5145049095153809,0.9182688593864441,0.5037181973457336,0.9640166163444519,0.5016055107116699,0.9227153658866882,0.5482372045516968,0.9088640213012695,0.5452805757522583,0.9359905123710632,0.5520094633102417,0.9737631678581238,0.5598128437995911,0.9293472170829773,0.5958081483840942,0.9136001467704773,0.586922287940979,0.9491732716560364,0.6055529713630676,0.9778410196304321,0.603227972984314,0.9457579255104065,0.6222995519638062,0.9265779256820679,0.6171316504478455,Fist
0.8481348752975464,0.7022398114204407,0.8356245160102844,0.6154239773750305,0.8643017411231995,0.5372280478477478,0.9214155077934265,0.5381680130958557,0.9628565311431885,0.5666660666465759,0.9025941491127014,0.4379681646823883,0.9530605673789978,0.4712642431259155,0.9192019104957581,0.5288118720054626,0.8993133306503296,0.5372880697250366,0.9324601292610168,0.4861007034778595,0.9753419160842896,0.5219895839691162,0.9328621625900269,0.5742167234420776,0.9166260361671448,0.5599657297134399,0.9538816213607788,0.5375619530677795,0.9848566651344299,0.5743198394775391,0.9422020316123962,0.6174571514129639,0.9260085821151733,0.5945658087730408,0.9675898551940918,0.5923686027526855,0.987862229347229,0.6153213381767273,0.9572795629501343,0.6417465209960938,0.9385661482810974,0.6204776167869568,Fist
0.8720430731773376,0.7039263248443604,0.8418744802474976,0.6463866233825684,0.8464166522026062,0.5888442397117615,0.8989899754524231,0.598414957523346,0.9423916339874268,0.6193912625312805,0.9010283350944519,0.44454285502433777,0.943134605884552,0.5131893157958984,0.9449684619903564,0.5688573718070984,0.9452239274978638,0.5855118632316589,0.9434205889701843,0.4676446318626404,0.9629109501838684,0.5541224479675293,0.9346915483474731,0.6136634945869446,0.9199761152267456,0.6069369912147522,0.971601665019989,0.5137377977371216,0.9837974309921265,0.6035408973693848,0.9530141353607178,0.6464270353317261,0.9357917904853821,0.6245846748352051,0.9879188537597656,0.570719838142395,0.9968296885490417,0.6351411938667297,0.97480708360672,0.6660979986190796,0.9598991870880127,0.648229718208313,Fist
0.9274405837059021,0.7256130576133728,0.8847270607948303,0.7126650810241699,0.8550965189933777,0.6691412925720215,0.8496755361557007,0.6519002318382263,0.8577972054481506,0.6434274315834045,0.9090795516967773,0.4873662292957306,0.9218775033950806,0.629889190196991,0.9024149775505066,0.6646351218223572,0.8945601582527161,0.6293659210205078,0.9529860019683838,0.4953688383102417,0.9579495191574097,0.6536638736724854,0.9300346374511719,0.6903347969055176,0.9265201091766357,0.6505255699157715,0.9864150285720825,0.5296732783317566,0.9858977794647217,0.6780419945716858,0.9578135013580322,0.7046833634376526,0.9518735408782959,0.6633802652359009,1.0097233057022095,0.5762044191360474,1.004386067390442,0.6841074824333191,0.979753315448761,0.7116739749908447,0.9711111783981323,0.6794090270996094,Fist
0.9367032051086426,0.6476054191589355,0.8894083499908447,0.6573498845100403,0.8489511013031006,0.6727334856987,0.8581472039222717,0.7340198159217834,0.901860237121582,0.7701466679573059,0.9072890281677246,0.540128231048584,0.8904421925544739,0.6944623589515686,0.8754775524139404,0.6955540776252747,0.8733527064323425,0.655488908290863,0.9550336599349976,0.5571826696395874,0.9236827492713928,0.7393869757652283,0.9038001298904419,0.7192530035972595,0.9024791717529297,0.6633297204971313,0.9881949424743652,0.5990497469902039,0.9513688683509827,0.759715735912323,0.9328257441520691,0.7309326529502869,0.9323124289512634,0.6839131712913513,1.0072579383850098,0.6484575271606445,0.9778433442115784,0.7527644038200378,0.9645609259605408,0.7348435521125793,0.9674424529075623,0.708256185054779,Fist
0.9343908429145813,0.6659980416297913,0.8850477337837219,0.6592546105384827,0.8434303998947144,0.6751139163970947,0.8420754671096802,0.7343911528587341,0.8719956278800964,0.7782446146011353,0.8965491056442261,0.5729424357414246,0.8711397051811218,0.7276046872138977,0.860413134098053,0.7185784578323364,0.8611342310905457,0.6782643795013428,0.9455415606498718,0.5981869697570801,0.9090361595153809,0.7833620309829712,0.8971691131591797,0.7567370533943176,0.8996938467025757,0.7018628716468811,0.982451856136322,0.6432589888572693,0.9437373280525208,0.8098769187927246,0.9353536367416382,0.7734992504119873,0.9405667781829834,0.7181943655014038,1.0054677724838257,0.6918969750404358,0.9783816337585449,0.8231974244117737,0.9767754673957825,0.8159931898117065,0.9894323348999023,0.786639392375946,Fist
0.9469696879386902,0.6889384984970093,0.898131787776947,0.685468316078186,0.848045289516449,0.7167131304740906,0.8290470838546753,0.7882093191146851,0.8400872349739075,0.8589838743209839,0.8794106245040894,0.6296448707580566,0.840623140335083,0.7711734175682068,0.845372200012207,0.753345251083374,0.8576346039772034,0.7149059772491455,0.928114652633667,0.6554594039916992,0.8769418597221375,0.8304796814918518,0.8806846141815186,0.793897807598114,0.895264744758606,0.7426169514656067,0.9684788584709167,0.6999037265777588,0.917948842048645,0.855971097946167,0.9179733395576477,0.8145187497138977,0.930037796497345,0.7667417526245117,0.9985506534576416,0.7483141422271729,0.9599504470825195,0.8646524548530579,0.9623605012893677,0.8350351452827454,0.9788128733634949,0.7889291048049927,Fist
0.9862306118011475,0.7054547071456909,0.9251301288604736,0.6890556812286377,0.8690178394317627,0.7306591272354126,0.8321681022644043,0.8161060214042664,0.8166638612747192,0.8866268992424011,0.849846363067627,0.6446380019187927,0.8012407422065735,0.7949203252792358,0.8225975632667542,0.8203074336051941,0.8453941941261292,0.7894638776779175,0.8880290985107422,0.6766959428787231,0.8373708128929138,0.8532025814056396,0.8571627140045166,0.8487083911895752,0.8724861145019531,0.8059018850326538,0.9268041253089905,0.727056622505188,0.8789063096046448,0.8876021504402161,0.8976600766181946,0.8597214221954346,0.9121806025505066,0.8044302463531494,0.9628614783287048,0.7814557552337646,0.9162114262580872,0.8940150737762451,0.9265456795692444,0.8659911751747131,0.9415364861488342,0.8143813610076904,Fist
0.9694486856460571,0.6977256536483765,0.915187418460846,0.6493321061134338,0.8486976027488708,0.678448498249054,0.8110392689704895,0.7481681704521179,0.7989733219146729,0.8137604594230652,0.8099870681762695,0.6682032942771912,0.7711817622184753,0.8012170791625977,0.7976438999176025,0.8074758052825928,0.8160029053688049,0.7745199203491211,0.8374579548835754,0.7204778790473938,0.7957189679145813,0.8586088418960571,0.8224371671676636,0.8472695350646973,0.8402364253997803,0.8074864745140076,0.8702952265739441,0.775189220905304,0.8265674114227295,0.8988215327262878,0.8518409132957458,0.8788415193557739,0.8696163296699524,0.8388477563858032,0.905178964138031,0.8260822892189026,0.867250382900238,0.914031982421875,0.8839333653450012,0.8950924277305603,0.8983815908432007,0.8605989813804626,Fist
0.9465646147727966,0.7336850762367249,0.8889775276184082,0.6743634939193726,0.8149722218513489,0.7077294588088989,0.77472984790802,0.7913306355476379,0.767892599105835,0.86574387550354,0.7712043523788452,0.683140754699707,0.7344484925270081,0.8118446469306946,0.7597282528877258,0.8116326928138733,0.7754529714584351,0.7792531847953796,0.7933158874511719,0.7468451857566833,0.7557134628295898,0.8730342388153076,0.7808875441551208,0.861167848110199,0.7973392605781555,0.8251007795333862,0.8190085887908936,0.8120998740196228,0.7851511836051941,0.915555477142334,0.8090426325798035,0.8956360816955566,0.8228345513343811,0.8607200384140015,0.8476061224937439,0.8717862367630005,0.8153852224349976,0.9372573494911194,0.8366287350654602,0.9175085425376892,0.8509750366210938,0.8885031938552856,Fist
0.9190331697463989,0.754130482673645,0.8571254014968872,0.6854220628738403,0.78617262840271,0.7100769281387329,0.7464041113853455,0.7689968943595886,0.740391731262207,0.8317232728004456,0.7319282293319702,0.6932652592658997,0.7007743716239929,0.8122605085372925,0.7251732349395752,0.8167699575424194,0.740378737449646,0.7869289517402649,0.7471766471862793,0.7549034953117371,0.7187460064888,0.8723671436309814,0.7437900900840759,0.8697932362556458,0.7589462995529175,0.8365839719772339,0.7694640159606934,0.8199236392974854,0.7472390532493591,0.9145517349243164,0.7702511548995972,0.9057950377464294,0.7826794385910034,0.8740931153297424,0.7961240410804749,0.8795614838600159,0.7756454944610596,0.9426902532577515,0.7959930896759033,0.9308191537857056,0.8086262345314026,0.9041721224784851,Fist
0.888290524482727,0.7479887008666992,0.8248308897018433,0.6743324398994446,0.756267786026001,0.6925641298294067,0.7185500264167786,0.744779109954834,0.7099906206130981,0.8063693046569824,0.6973645687103271,0.677837073802948,0.6667476892471313,0.7924911975860596,0.6907525062561035,0.8001121878623962,0.7062814831733704,0.7735394239425659,0.7102619409561157,0.7406928539276123,0.6814416646957397,0.8527780175209045,0.7068507671356201,0.8529862761497498,0.7236292362213135,0.8224239349365234,0.7312266230583191,0.8047201037406921,0.7062479257583618,0.8991144895553589,0.7315741181373596,0.8918627500534058,0.7454475164413452,0.8609809875488281,0.7582093477249146,0.8620272278785706,0.7351437211036682,0.9275937080383301,0.7576819062232971,0.915772020816803,0.772217333316803,0.8898135423660278,Fist
0.8530116677284241,0.7446186542510986,0.7884734272956848,0.6660988926887512,0.7218857407569885,0.6686810851097107,0.6846385598182678,0.7148584723472595,0.6756911277770996,0.7736725211143494,0.6619834303855896,0.6418718695640564,0.6310864686965942,0.754423975944519,0.6545196771621704,0.7632008790969849,0.6712003350257874,0.7390560507774353,0.6697943210601807,0.7039942741394043,0.6429468393325806,0.8085338473320007,0.6670770645141602,0.8122647404670715,0.6851222515106201,0.7845795750617981,0.6860890984535217,0.7683814167976379,0.6621873378753662,0.8541799187660217,0.6860750913619995,0.8533194065093994,0.7009363174438477,0.8266193270683289,0.7080393433570862,0.8281875252723694,0.682490348815918,0.8847447037696838,0.7046036124229431,0.8795259594917297,0.7211090326309204,0.8587311506271362,Fist
0.8156865835189819,0.7480490803718567,0.7594674229621887,0.6551138758659363,0.6918213963508606,0.6341469883918762,0.6502065062522888,0.6688973903656006,0.6359321475028992,0.7236032485961914,0.6365537643432617,0.5867213010787964,0.5998340845108032,0.6976278424263,0.6189876794815063,0.7184389233589172,0.636412501335144,0.7043288350105286,0.634667158126831,0.6428194642066956,0.6009600758552551,0.749701976776123,0.6234816312789917,0.7610961198806763,0.6430827975273132,0.7387001514434814,0.6420494914054871,0.7076635956764221,0.6125242710113525,0.8008182048797607,0.636905312538147,0.8047510981559753,0.6522823572158813,0.7787178754806519,0.6558162569999695,0.7735024690628052,0.6291746497154236,0.8363667726516724,0.6530076861381531,0.8330340385437012,0.6695672869682312,0.810579776763916,Fist
0.7704046368598938,0.7610620260238647,0.7221178412437439,0.6486666202545166,0.665077805519104,0.6004147529602051,0.6199052929878235,0.6132102012634277,0.6023709177970886,0.6538955569267273,0.6252217888832092,0.5349665880203247,0.5693061351776123,0.6253737807273865,0.5845837593078613,0.6586385369300842,0.6021511554718018,0.6542502045631409,0.614311158657074,0.575649619102478,0.563125491142273,0.6724780201911926,0.5850483179092407,0.6991091966629028,0.6065032482147217,0.6874651312828064,0.6106541752815247,0.6303166747093201,0.5688995718955994,0.719224750995636,0.5926613807678223,0.7387339472770691,0.6089027523994446,0.7216347455978394,0.612683892250061,0.6934927701950073,0.578781008720398,0.7589339017868042,0.6012057065963745,0.769231915473938,0.6177890300750732,0.7559188604354858,Fist
0.7264796495437622,0.7559190392494202,0.6912289261817932,0.6454988121986389,0.6435496807098389,0.5863320827484131,0.5986323952674866,0.5826377868652344,0.5736551284790039,0.6117143630981445,0.6181666254997253,0.5065047740936279,0.548303484916687,0.5811675190925598,0.5643106698989868,0.6196154356002808,0.5845049023628235,0.6164747476577759,0.6086097955703735,0.5328060388565063,0.5396924614906311,0.6231649518013,0.5627998113632202,0.6564704179763794,0.5858080387115479,0.6465375423431396,0.60205078125,0.5773387551307678,0.5419268012046814,0.6647946238517761,0.569530725479126,0.6958914399147034,0.5903622508049011,0.6799455881118774,0.5985331535339355,0.6338846683502197,0.5565150380134583,0.7037932872772217,0.5821850299835205,0.7252035737037659,0.6028404235839844,0.7132424712181091,Fist
0.6941969394683838,0.7472522258758545,0.6691668629646301,0.6431821584701538,0.6332930326461792,0.5754270553588867,0.5904791951179504,0.5552197098731995,0.564563512802124,0.5709726810455322,0.6152416467666626,0.4962310791015625,0.5365121364593506,0.5488364100456238,0.5553789734840393,0.5946239829063416,0.5758942365646362,0.5919010639190674,0.6104992032051086,0.5120115280151367,0.5279527306556702,0.5803733468055725,0.5514448881149292,0.6220465898513794,0.5755473971366882,0.6189749240875244,0.6051355004310608,0.5480082035064697,0.5260199308395386,0.6131764650344849,0.5524678230285645,0.6567634344100952,0.5770929455757141,0.649541974067688,0.5997756719589233,0.5974409580230713,0.5406343936920166,0.654321014881134,0.5629996061325073,0.682842493057251,0.5873701572418213,0.6755220293998718,Fist
0.6693622469902039,0.7585605978965759,0.6019341349601746,0.7206104397773743,0.5724563598632812,0.6577059626579285,0.5460010766983032,0.615520715713501,0.5277305841445923,0.5877389311790466,0.6089261770248413,0.49920418858528137,0.5236198306083679,0.5446760654449463,0.5423322916030884,0.6075091361999512,0.5680645704269409,0.6161561012268066,0.6112369298934937,0.49804866313934326,0.5177401304244995,0.5570138096809387,0.538978099822998,0.6219218969345093,0.5650755167007446,0.6220383644104004,0.6092756986618042,0.5182392001152039,0.5182045102119446,0.5711473822593689,0.5390608310699463,0.6378893852233887,0.5656284689903259,0.6373357772827148,0.6033441424369812,0.5543452501296997,0.5321833491325378,0.6021971106529236,0.5471665859222412,0.6524894833564758,0.5729205012321472,0.6541826725006104,Fist
0.6455133557319641,0.7726779580116272,0.5750851035118103,0.7151238918304443,0.553870677947998,0.6545524001121521,0.5340180993080139,0.6067814826965332,0.518336832523346,0.5697359442710876,0.6153131723403931,0.5017479062080383,0.5300813317298889,0.5266019701957703,0.5390731692314148,0.6005138158798218,0.5619490146636963,0.6172519326210022,0.6208168864250183,0.49966302514076233,0.5216102004051208,0.5327823758125305,0.5338426828384399,0.618179976940155,0.5629267692565918,0.6283437609672546,0.6182587146759033,0.5128205418586731,0.521438717842102,0.5364648699760437,0.5337731838226318,0.6217678785324097,0.5654758214950562,0.6303648352622986,0.6097762584686279,0.5401864051818848,0.5340760946273804,0.5619527101516724,0.542466938495636,0.6218928098678589,0.5721957683563232,0.6304094195365906,Fist
0.6232986450195312,0.7747949361801147,0.5579712390899658,0.7092276215553284,0.5403228402137756,0.6469310522079468,0.5262752771377563,0.5915433764457703,0.5220916271209717,0.5366450548171997,0.6183974742889404,0.5122635960578918,0.5434067249298096,0.49975642561912537,0.5424898862838745,0.5745853781700134,0.5604373812675476,0.6012526750564575,0.6267672181129456,0.5134248733520508,0.5381801724433899,0.5025106072425842,0.5393431782722473,0.5885280966758728,0.5660343170166016,0.6093147397041321,0.6270669102668762,0.5220279693603516,0.5406237840652466,0.5073699951171875,0.5410528182983398,0.5945276021957397,0.5700607895851135,0.6126039624214172,0.6205158233642578,0.5407833456993103,0.551082968711853,0.5335476398468018,0.5510098338127136,0.5949677228927612,0.5783954858779907,0.6113629341125488,Fist
0.6089816689491272,0.7531051635742188,0.5542360544204712,0.6975077390670776,0.5283030867576599,0.6339946985244751,0.520968496799469,0.5669260025024414,0.5297632217407227,0.5053090453147888,0.5682936310768127,0.5724602341651917,0.5426760315895081,0.5149924755096436,0.5380390286445618,0.5636880397796631,0.5534950494766235,0.5925072431564331,0.5806905031204224,0.562268853187561,0.5502026677131653,0.495513379573822,0.5492088794708252,0.5683806538581848,0.5721341371536255,0.5987301468849182,0.597791850566864,0.5505497455596924,0.5591651797294617,0.492911696434021,0.5599969029426575,0.5704199075698853,0.586627185344696,0.6000625491142273,0.6199687719345093,0.5421651005744934,0.5806994438171387,0.49916303157806396,0.5743705630302429,0.5512566566467285,0.5947707295417786,0.5811709761619568,Fist
0.6078620553016663,0.7226023077964783,0.5501239895820618,0.689607560634613,0.5187180042266846,0.6266971826553345,0.5153810381889343,0.5499386787414551,0.5385128855705261,0.5004317760467529,0.5486592054367065,0.5702664256095886,0.5336359143257141,0.5165975689888,0.5332791209220886,0.565078616142273,0.545189380645752,0.5974310636520386,0.5681713223457336,0.5534889698028564,0.5512285232543945,0.48620882630348206,0.5522291660308838,0.555919885635376,0.5674639344215393,0.5951663255691528,0.5917986631393433,0.5393875241279602,0.5697457790374756,0.47386622428894043,0.5711802840232849,0.5494780540466309,0.5880653858184814,0.5948681831359863,0.6220954060554504,0.5318038463592529,0.5968188047409058,0.4744187891483307,0.5936240553855896,0.5251300930976868,0.6077741384506226,0.5642186403274536,Fist
0.6075637340545654,0.706486701965332,0.5543404817581177,0.6886266469955444,0.5146298408508301,0.6074708104133606,0.5152809023857117,0.5132824778556824,0.5445836782455444,0.4699679911136627,0.538503110408783,0.5397421717643738,0.5248260498046875,0.4819682240486145,0.5272555947303772,0.5349409580230713,0.5362334847450256,0.5677085518836975,0.5659825205802917,0.5235903859138489,0.5515673756599426,0.45934414863586426,0.5567177534103394,0.5393111705780029,0.5688425898551941,0.579639196395874,0.5934624671936035,0.5165024995803833,0.5778252482414246,0.4519199728965759,0.5789552927017212,0.5357333421707153,0.5913634300231934,0.5859970450401306,0.6271162629127502,0.5160652995109558,0.607708752155304,0.45665863156318665,0.6038709878921509,0.5132063031196594,0.6125261783599854,0.5546546578407288,Fist
0.6101378798484802,0.6974522471427917,0.555016040802002,0.6796375513076782,0.5167946815490723,0.5949965715408325,0.5231167674064636,0.4986065626144409,0.5536310076713562,0.4521239101886749,0.5304046869277954,0.5281180143356323,0.5168017148971558,0.4605013132095337,0.5271543264389038,0.5096874237060547,0.5370793342590332,0.5453595519065857,0.5605478882789612,0.5117599964141846,0.5502126812934875,0.44544970989227295,0.5611412525177002,0.5255484580993652,0.568372905254364,0.5648780465126038,0.5894724726676941,0.5057002902030945,0.5798076391220093,0.44330164790153503,0.5846052169799805,0.5272400975227356,0.5915431976318359,0.5744584202766418,0.6234455704689026,0.5070598721504211,0.6110498905181885,0.4511072337627411,0.6100113391876221,0.507819414138794,0.6137139797210693,0.5460700988769531,Fist
0.6074014902114868,0.6948267221450806,0.5548693537712097,0.6683173775672913,0.521446943283081,0.5757560729980469,0.5360867381095886,0.4822618067264557,0.5690833330154419,0.4404110312461853,0.5308855175971985,0.5071214437484741,0.5239405035972595,0.4390926957130432,0.5321940779685974,0.5023403167724609,0.5397760272026062,0.5348640084266663,0.5608144998550415,0.4920164942741394,0.559105634689331,0.4223760962486267,0.5640923380851746,0.5081493258476257,0.5668702125549316,0.5362154841423035,0.5906981229782104,0.48905542492866516,0.5935632586479187,0.43487897515296936,0.5930079221725464,0.5248693227767944,0.5922281742095947,0.5594489574432373,0.6228788495063782,0.49497345089912415,0.6212506294250488,0.4446088373661041,0.617253839969635,0.5040443539619446,0.6148252487182617,0.5353525280952454,Fist
0.6078708171844482,0.6930404305458069,0.5625888705253601,0.6667154431343079,0.5329221487045288,0.5669320225715637,0.5546851754188538,0.4779849052429199,0.5889186263084412,0.4426487684249878,0.5349226593971252,0.497518390417099,0.5388992428779602,0.4214150309562683,0.5443759560585022,0.4906890094280243,0.5460053086280823,0.522873044013977,0.5657140016555786,0.4851340651512146,0.5760015845298767,0.41619792580604553,0.576485812664032,0.5001190304756165,0.5720133781433105,0.5153382420539856,0.5965819358825684,0.48546651005744934,0.6102212071418762,0.43693435192108154,0.6060304641723633,0.522306501865387,0.5985910892486572,0.5413931608200073,0.6273005604743958,0.4939752221107483,0.6331270933151245,0.4512106478214264,0.629035234451294,0.5087302923202515,0.6249403953552246,0.5302034020423889,Fist
0.6133597493171692,0.6921029090881348,0.5701439380645752,0.6601633429527283,0.5431538224220276,0.5665633082389832,0.565521776676178,0.48330873250961304,0.6014910936355591,0.4462023675441742,0.5352120995521545,0.4782572388648987,0.5505331754684448,0.42644810676574707,0.5582573413848877,0.494788259267807,0.5598597526550293,0.5162339210510254,0.5647120475769043,0.46436798572540283,0.5873062014579773,0.4207169711589813,0.5890523195266724,0.5012269616127014,0.582752525806427,0.50930255651474,0.5952966809272766,0.46507906913757324,0.6189160346984863,0.44207578897476196,0.6156005263328552,0.5180209279060364,0.605384111404419,0.5244752764701843,0.6264742016792297,0.4761192500591278,0.6417526006698608,0.45411473512649536,0.6369218230247498,0.5074783563613892,0.6265795230865479,0.521367073059082,Fist
0.6181113719940186,0.671852171421051,0.5741244554519653,0.6535245180130005,0.5511003136634827,0.5735465884208679,0.5801152586936951,0.4945170283317566,0.6166985034942627,0.4534667134284973,0.534264862537384,0.4579969048500061,0.5644189715385437,0.4303054213523865,0.5822500586509705,0.48826730251312256,0.5935248136520386,0.5059583783149719,0.5657688975334167,0.43500998616218567,0.6037411093711853,0.4269489347934723,0.6090418696403503,0.5023176074028015,0.6022121906280518,0.5093569755554199,0.5969610810279846,0.4311840236186981,0.6360701322555542,0.43711426854133606,0.6320791244506836,0.5091041326522827,0.6173756122589111,0.5151353478431702,0.6277346611022949,0.44099482893943787,0.655417799949646,0.4431855082511902,0.6516661047935486,0.49622800946235657,0.6366313099861145,0.5068691372871399,Fist
0.6199633479118347,0.6490610837936401,0.5758454203605652,0.6508854627609253,0.5501797199249268,0.5879589319229126,0.582956075668335,0.515843391418457,0.6237674951553345,0.4732426106929779,0.537356436252594,0.4466542601585388,0.5492838025093079,0.4355200231075287,0.5636056661605835,0.5056992769241333,0.5719893574714661,0.5275419354438782,0.5669323205947876,0.4158080518245697,0.6036778688430786,0.42281219363212585,0.6119438409805298,0.5129020810127258,0.6045048236846924,0.5158839225769043,0.59905606508255,0.41079339385032654,0.6442809700965881,0.4399987459182739,0.6386107802391052,0.5199056267738342,0.6190351247787476,0.5192764401435852,0.6309614181518555,0.4200720191001892,0.6665948629379272,0.4557226896286011,0.6596195101737976,0.5115008354187012,0.6396339535713196,0.513753354549408,Fist
0.6338388323783875,0.6274828910827637,0.5851801037788391,0.6447445750236511,0.5567792654037476,0.6037026643753052,0.5900354981422424,0.5479328632354736,0.6337224245071411,0.5123989582061768,0.5481718182563782,0.4225171208381653,0.5884885787963867,0.4635818302631378,0.5915089249610901,0.5258787274360657,0.5806019902229309,0.5263749361038208,0.5817338824272156,0.38689517974853516,0.6248156428337097,0.4465085566043854,0.62348473072052,0.5254909992218018,0.6097579002380371,0.5110368728637695,0.6150693297386169,0.3818417489528656,0.6577529907226562,0.4473755359649658,0.650140643119812,0.5143538117408752,0.6320181488990784,0.5049347281455994,0.6480591297149658,0.39634668827056885,0.6784325838088989,0.4465935528278351,0.6724169850349426,0.49374920129776,0.6556347608566284,0.49048253893852234,Fist
0.6397415399551392,0.5746886730194092,0.5981570482254028,0.6062020063400269,0.5583060383796692,0.6118798851966858,0.5735185146331787,0.622384250164032,0.6162887811660767,0.6056144833564758,0.5442537069320679,0.4285084903240204,0.5690462589263916,0.5269514918327332,0.5771467089653015,0.5767471790313721,0.572668194770813,0.5583676099777222,0.5845779180526733,0.39443638920783997,0.6139252781867981,0.5254953503608704,0.6117815375328064,0.5843705534934998,0.6012667417526245,0.5460331439971924,0.6254269480705261,0.39118313789367676,0.6585870385169983,0.5294070839881897,0.6459903120994568,0.5816166400909424,0.6288793683052063,0.5513081550598145,0.6638038158416748,0.4066046476364136,0.6824280023574829,0.506147563457489,0.6721221804618835,0.5482255816459656,0.6590399742126465,0.5328935980796814,Fist
0.6485428810119629,0.5294552445411682,0.6062127947807312,0.5597171783447266,0.5678220391273499,0.6077026724815369,0.5617345571517944,0.6591168642044067,0.5877466201782227,0.6753853559494019,0.5427457690238953,0.45295199751853943,0.5486987233161926,0.6013279557228088,0.5644288659095764,0.6127225160598755,0.5653769373893738,0.5740572214126587,0.586468517780304,0.4335249066352844,0.5944842100143433,0.6255593299865723,0.6014172434806824,0.6159351468086243,0.5971508026123047,0.5569708347320557,0.6320230960845947,0.44133853912353516,0.6350866556167603,0.6154581308364868,0.632910966873169,0.6001743674278259,0.6292321681976318,0.5452600717544556,0.6717873811721802,0.4635763466358185,0.6671024560928345,0.584791362285614,0.6615756750106812,0.5705575346946716,0.6586337089538574,0.518580436706543,Fist
0.6750062704086304,0.50832599401474,0.6174706816673279,0.5398373603820801,0.5755987763404846,0.597023606300354,0.564216136932373,0.6738354563713074,0.5809624195098877,0.7238289713859558,0.5453343987464905,0.4809139370918274,0.5445348620414734,0.6571060419082642,0.5657520294189453,0.6684342622756958,0.5732118487358093,0.6322598457336426,0.5839049220085144,0.47043487429618835,0.5834671258926392,0.6738629937171936,0.6015206575393677,0.6629176735877991,0.6044328808784485,0.6153047680854797,0.626237690448761,0.47952473163604736,0.6237499117851257,0.6700282096862793,0.6351935863494873,0.646623969078064,0.6358862519264221,0.5969952940940857,0.6667093634605408,0.5031960606575012,0.6609095931053162,0.6450576186180115,0.6645069718360901,0.6237456202507019,0.6629727482795715,0.5733222365379333,Fist
0.6794313788414001,0.460079163312912,0.6273754835128784,0.45363113284111023,0.5770552158355713,0.5106655955314636,0.5537028908729553,0.599055290222168,0.5527681112289429,0.6616849899291992,0.533006489276886,0.4854300320148468,0.5227804780006409,0.6572108268737793,0.5463113188743591,0.6893701553344727,0.5650468468666077,0.6725253462791443,0.5670858025550842,0.4977787733078003,0.5551211833953857,0.6852293014526367,0.5775646567344666,0.6927084922790527,0.5892472267150879,0.6683477163314819,0.60709148645401,0.5240626931190491,0.5960999131202698,0.7023665904998779,0.6177039742469788,0.6826927065849304,0.6258251070976257,0.6368855237960815,0.6480708718299866,0.557417094707489,0.6311901807785034,0.6914280652999878,0.6441963315010071,0.6716259717941284,0.6514512300491333,0.6269406080245972,Fist
0.6910334229469299,0.4968244433403015,0.6338503956794739,0.4544520080089569,0.5746176242828369,0.49141162633895874,0.5398881435394287,0.5683748126029968,0.5352802872657776,0.6312791705131531,0.5254466533660889,0.4845011234283447,0.514414370059967,0.6359273195266724,0.5390896201133728,0.6423888802528381,0.5469626188278198,0.6171453595161438,0.5449913740158081,0.5163435339927673,0.5302367806434631,0.684766948223114,0.5568328499794006,0.6785758137702942,0.5675019025802612,0.6420382857322693,0.5721940398216248,0.5575272440910339,0.5572583079338074,0.7133928537368774,0.5817763209342957,0.6972850561141968,0.5904143452644348,0.6573912501335144,0.605183482170105,0.5993032455444336,0.5914082527160645,0.713283360004425,0.6090879440307617,0.6945472955703735,0.616730809211731,0.6557572484016418,Fist
0.6929038763046265,0.5530504584312439,0.6382009983062744,0.4866286516189575,0.5763901472091675,0.49312201142311096,0.538128674030304,0.5505481362342834,0.5314953923225403,0.6145686507225037,0.5170788764953613,0.47186487913131714,0.5018079280853271,0.603245198726654,0.5287637710571289,0.6148688197135925,0.5423778891563416,0.5961809158325195,0.5171942114830017,0.520921528339386,0.5137686133384705,0.6538730263710022,0.5410441756248474,0.6533650159835815,0.5566263794898987,0.62431401014328,0.5312398076057434,0.5775197148323059,0.5282130241394043,0.6931285262107849,0.5565003752708435,0.6843039393424988,0.5670756697654724,0.6539349555969238,0.553756058216095,0.6353352069854736,0.5480749607086182,0.7180736660957336,0.5731403827667236,0.7023923993110657,0.584092915058136,0.6727434992790222,Fist
0.6721919775009155,0.6024725437164307,0.6218813061714172,0.5054724216461182,0.5705137252807617,0.47975125908851624,0.5294517874717712,0.4823838472366333,0.5127101540565491,0.5104272365570068,0.5148343443870544,0.4579048156738281,0.49933746457099915,0.5296780467033386,0.5228813886642456,0.5486055612564087,0.5432741045951843,0.5453870892524719,0.5007346868515015,0.5220761299133301,0.5018733143806458,0.5868650674819946,0.525597095489502,0.6024543642997742,0.5471327304840088,0.593432605266571,0.5028840899467468,0.5908775925636292,0.505975604057312,0.6416401863098145,0.5282821655273438,0.6490741968154907,0.5481352210044861,0.6384080052375793,0.5125020742416382,0.6574082970619202,0.5096232891082764,0.6941912174224854,0.5335111618041992,0.6947726607322693,0.5544890761375427,0.6861793398857117,Fist
0.642252504825592,0.643693208694458,0.6094343662261963,0.5279949307441711,0.5643185377120972,0.47735151648521423,0.5266711711883545,0.4545418918132782,0.5113958120346069,0.47893571853637695,0.5139709115028381,0.4682301878929138,0.504115104675293,0.48688405752182007,0.5235742330551147,0.5049259662628174,0.5400373935699463,0.5152389407157898,0.49476251006126404,0.5298274159431458,0.49757295846939087,0.5438950061798096,0.5176717638969421,0.5589103102684021,0.5356829166412354,0.5682827234268188,0.4914933741092682,0.595176100730896,0.4936242997646332,0.6020649075508118,0.5128259658813477,0.6077970266342163,0.5314797759056091,0.615552544593811,0.4952593743801117,0.6572316884994507,0.48941951990127563,0.6573111414909363,0.5074771642684937,0.6554036140441895,0.5263252258300781,0.6605124473571777,Fist
0.6229751110076904,0.6738843321800232,0.6067801117897034,0.5583510398864746,0.5670861005783081,0.507591724395752,0.5275389552116394,0.5032135248184204,0.5081040263175964,0.5413485765457153,0.5203742980957031,0.4613918364048004,0.5096700191497803,0.4785848557949066,0.5253756046295166,0.5039120316505432,0.5404366850852966,0.519447386264801,0.49282240867614746,0.5170617699623108,0.49373817443847656,0.5332969427108765,0.511591374874115,0.5570011138916016,0.5282774567604065,0.5722951889038086,0.4821479916572571,0.5830055475234985,0.48428645730018616,0.5935919880867004,0.5027837157249451,0.6077631711959839,0.5198776125907898,0.6219424605369568,0.48043277859687805,0.6514033675193787,0.47423210740089417,0.6536990404129028,0.492600679397583,0.6569714546203613,0.5119227170944214,0.6654855608940125,Fist
0.6098244786262512,0.6963909864425659,0.5997570157051086,0.5802240967750549,0.562192976474762,0.5282224416732788,0.5220673084259033,0.5198134183883667,0.5011689066886902,0.552401602268219,0.5219430923461914,0.4678894281387329,0.5054356455802917,0.49694451689720154,0.5210661292076111,0.5287944674491882,0.5348843336105347,0.5422001481056213,0.49202442169189453,0.5171602368354797,0.4906127452850342,0.5483550429344177,0.5076538324356079,0.5795931816101074,0.5230228900909424,0.5929310321807861,0.4770059287548065,0.5808301568031311,0.47914770245552063,0.6041531562805176,0.4985054135322571,0.6278313994407654,0.5144595503807068,0.6409041285514832,0.4690490961074829,0.6486173272132874,0.46655625104904175,0.6568815112113953,0.48729655146598816,0.6716147661209106,0.5052727460861206,0.6825042963027954,Fist
0.6049381494522095,0.6952935457229614,0.5950095057487488,0.5823031663894653,0.5613845586776733,0.5269803404808044,0.5243257284164429,0.5128189325332642,0.5033040642738342,0.5412605404853821,0.5253131985664368,0.46669238805770874,0.5037974119186401,0.49236688017845154,0.519309401512146,0.5282626152038574,0.5325656533241272,0.5428265929222107,0.4971008896827698,0.5135800838470459,0.49079084396362305,0.5416479706764221,0.5089356303215027,0.5763400197029114,0.5238645076751709,0.5928992629051208,0.48121583461761475,0.5762627720832825,0.4792179465293884,0.5960261821746826,0.5005964040756226,0.6225642561912537,0.5168065428733826,0.6358175277709961,0.4694056510925293,0.6403095126152039,0.46658560633659363,0.644370973110199,0.4884432554244995,0.660521388053894,0.5049253106117249,0.6697810292243958,Fist
0.6009783744812012,0.7005141377449036,0.6054902076721191,0.5849125385284424,0.5785489082336426,0.5224577188491821,0.5404787063598633,0.49979621171951294,0.5179283618927002,0.5245568156242371,0.5352641940116882,0.45918959379196167,0.5157440900802612,0.47023171186447144,0.527888834476471,0.5039003491401672,0.5392860174179077,0.5208441019058228,0.5035623908042908,0.5038101077079773,0.49544548988342285,0.5161178708076477,0.5110836625099182,0.5516244769096375,0.5241786241531372,0.5706855654716492,0.48380348086357117,0.5643298029899597,0.48076072335243225,0.5673205852508545,0.49797460436820984,0.5951316356658936,0.512192964553833,0.6144728660583496,0.4717678725719452,0.6259234547615051,0.46682009100914,0.6233610510826111,0.4865448474884033,0.642821729183197,0.5016617178916931,0.6571796536445618,Fist
0.595013439655304,0.7082013487815857,0.6063405275344849,0.5991708040237427,0.5855220556259155,0.527634859085083,0.5472338199615479,0.4978224039077759,0.5226076245307922,0.515548050403595,0.5540764331817627,0.45893874764442444,0.5143829584121704,0.4546884298324585,0.5199788212776184,0.49110355973243713,0.531654953956604,0.5088309645652771,0.5209862589836121,0.49534958600997925,0.4924840033054352,0.4930337965488434,0.5006557703018188,0.5303184986114502,0.513910174369812,0.5471522212028503,0.4958818554878235,0.5475990176200867,0.47518017888069153,0.536070704460144,0.4864552617073059,0.570319652557373,0.49897482991218567,0.5886638760566711,0.47859781980514526,0.6095088124275208,0.46194079518318176,0.5855440497398376,0.47594520449638367,0.6117018461227417,0.4896341860294342,0.6305958032608032,Fist
0.5957906246185303,0.7095192670822144,0.60565584897995,0.6044795513153076,0.5895640850067139,0.5232101678848267,0.5535138845443726,0.48536843061447144,0.5262269973754883,0.49194133281707764,0.5806872248649597,0.45951229333877563,0.5220792889595032,0.44542640447616577,0.5217053294181824,0.48601385951042175,0.5336141586303711,0.5076515674591064,0.5506311058998108,0.48701581358909607,0.49896931648254395,0.4790259897708893,0.5012133121490479,0.5195444822311401,0.5164803862571716,0.5371620655059814,0.5233289003372192,0.5266358256340027,0.48143598437309265,0.5190662145614624,0.4877902567386627,0.5562157034873962,0.5025498867034912,0.5705999732017517,0.4993058145046234,0.5770280957221985,0.46875032782554626,0.5582884550094604,0.478179395198822,0.5889677405357361,0.49259841442108154,0.6067482829093933,Fist
0.6039539575576782,0.7205305099487305,0.6092438697814941,0.609494686126709,0.5886411070823669,0.5277280211448669,0.5511326789855957,0.4956035315990448,0.5218717455863953,0.506080150604248,0.5993437767028809,0.46446534991264343,0.5239143371582031,0.45318707823753357,0.5222855806350708,0.49969449639320374,0.5351612567901611,0.5174134969711304,0.5787422060966492,0.4758903980255127,0.5045921802520752,0.47170522809028625,0.5080875158309937,0.5208542346954346,0.5256489515304565,0.537291944026947,0.5551746487617493,0.5007712244987488,0.4887506365776062,0.5027047395706177,0.49633851647377014,0.551482081413269,0.5142004489898682,0.5612945556640625,0.5298735499382019,0.5387081503868103,0.48043325543403625,0.5422674417495728,0.49162620306015015,0.5818145275115967,0.5095999836921692,0.5918385982513428,Fist
0.6017330884933472,0.7303040623664856,0.5773048996925354,0.6448802947998047,0.5633886456489563,0.5732802152633667,0.5448848009109497,0.523816704750061,0.528081476688385,0.4972500801086426,0.598357617855072,0.4853993058204651,0.5225002765655518,0.46660560369491577,0.5196546316146851,0.53058260679245,0.5364741086959839,0.5610097050666809,0.5957597494125366,0.4850364923477173,0.5118052363395691,0.4723818898200989,0.5139234066009521,0.5397078990936279,0.5358756184577942,0.562522292137146,0.5857645273208618,0.49565383791923523,0.5032903552055359,0.48367545008659363,0.5059201121330261,0.5535902976989746,0.5293072462081909,0.571925163269043,0.569586992263794,0.5149886012077332,0.5015063881874084,0.5121035575866699,0.5052291750907898,0.5682675838470459,0.5273635387420654,0.5881608724594116,Fist
0.5964384078979492,0.7457862496376038,0.5330600738525391,0.6931949257850647,0.510518491268158,0.638567328453064,0.4922615885734558,0.5890206098556519,0.48092910647392273,0.5276694893836975,0.5703386664390564,0.531464695930481,0.5093564987182617,0.5128597617149353,0.507820188999176,0.5734926462173462,0.5264881253242493,0.6004382967948914,0.5787479877471924,0.5193963050842285,0.500129222869873,0.5013422966003418,0.5016903877258301,0.5779058933258057,0.5291528701782227,0.603404700756073,0.5805823802947998,0.5068045258522034,0.49893030524253845,0.4920218586921692,0.5031896829605103,0.5717596411705017,0.5349238514900208,0.5898380875587463,0.5779549479484558,0.49577704071998596,0.5094795823097229,0.4978976249694824,0.5128620266914368,0.5573554635047913,0.5415530204772949,0.5773965120315552,Fist
0.5856426954269409,0.7279477119445801,0.5218439102172852,0.6855683326721191,0.4904569983482361,0.6289981007575989,0.47373536229133606,0.5764901638031006,0.4726336896419525,0.5173264145851135,0.5305506587028503,0.5362776517868042,0.488601416349411,0.5034560561180115,0.49486133456230164,0.5585113763809204,0.5176891684532166,0.5787454843521118,0.5401966571807861,0.5271631479263306,0.4885179400444031,0.49145618081092834,0.49936848878860474,0.5649783611297607,0.5287375450134277,0.5800380706787109,0.5511646866798401,0.5122016072273254,0.49381884932518005,0.4852413237094879,0.5061270594596863,0.5616255402565002,0.5386723279953003,0.5752113461494446,0.5648834109306335,0.4999029040336609,0.5134801268577576,0.4885731041431427,0.5179812908172607,0.5426070094108582,0.54430091381073,0.5605953931808472,Fist
0.5753742456436157,0.7071959376335144,0.5169072151184082,0.682645857334137,0.47670984268188477,0.6290913820266724,0.46081072092056274,0.5614627599716187,0.4728661775588989,0.5008233189582825,0.5005001425743103,0.5445924401283264,0.46701571345329285,0.5017274618148804,0.47734716534614563,0.5607511401176453,0.49514782428741455,0.5755347013473511,0.51828932762146,0.529238224029541,0.4815024733543396,0.48236939311027527,0.49845069646835327,0.5611749887466431,0.5219359397888184,0.5710886716842651,0.5390592217445374,0.5119300484657288,0.49967628717422485,0.4745456278324127,0.515784740447998,0.5551939010620117,0.5407422184944153,0.5657584071159363,0.5658957362174988,0.4983702301979065,0.5286312103271484,0.46087950468063354,0.5334104895591736,0.5162057280540466,0.5536267161369324,0.533065140247345,Fist
0.5719048380851746,0.7008858323097229,0.5153894424438477,0.6904141902923584,0.46846404671669006,0.6367402672767639,0.45450252294540405,0.5574279427528381,0.47576671838760376,0.4992503821849823,0.4864109456539154,0.5487288236618042,0.4559333622455597,0.5010918974876404,0.469592809677124,0.5625148415565491,0.48650574684143066,0.5741752982139587,0.5098701119422913,0.5287967920303345,0.47918426990509033,0.47326040267944336,0.4947952330112457,0.5552992820739746,0.5122360587120056,0.5657467246055603,0.5346765518188477,0.5134109258651733,0.5034573078155518,0.4626944065093994,0.517416775226593,0.5483071804046631,0.5364586114883423,0.5640389919281006,0.565159797668457,0.501751720905304,0.5337494611740112,0.4600712060928345,0.5382575988769531,0.5176147818565369,0.5543270707130432,0.5357591509819031,Fist
