0.6404935121536255,0.9224951863288879,0.5907717943191528,0.9364003539085388,0.5380876064300537,0.9029157161712646,0.4974750876426697,0.8760827779769897,0.4641832113265991,0.8652330040931702,0.5503989458084106,0.7437359690666199,0.5130046010017395,0.674333930015564,0.49007272720336914,0.6297639012336731,0.47081470489501953,0.5896461606025696,0.5780282020568848,0.7085606455802917,0.54876309633255,0.6168944835662842,0.5296356081962585,0.5542932748794556,0.5143967270851135,0.505425214767456,0.6090779900550842,0.7004895806312561,0.5962769985198975,0.6079721450805664,0.5892425775527954,0.5481984615325928,0.5815572738647461,0.4996907413005829,0.6397427916526794,0.7140597701072693,0.6360998153686523,0.6415834426879883,0.6333299279212952,0.5953680872917175,0.6295676231384277,0.5532795786857605,PALM
0.6767505407333374,0.9080302119255066,0.6470117568969727,0.8207461833953857,0.6262348890304565,0.7530771493911743,0.607888400554657,0.7015217542648315,0.588695228099823,0.6594434976577759,0.6271621584892273,0.6833153963088989,0.5999322533607483,0.5763850808143616,0.575462281703949,0.5104106068611145,0.5554710030555725,0.45998314023017883,0.6301085948944092,0.6962023973464966,0.5962560772895813,0.5702368021011353,0.5659855008125305,0.5007365942001343,0.5439438223838806,0.44888219237327576,0.6233642101287842,0.7274340391159058,0.5938217043876648,0.6070516109466553,0.5640584826469421,0.5486614108085632,0.5443869233131409,0.5045346021652222,0.6060134768486023,0.7686212658882141,0.575190544128418,0.7034450769424438,0.5544994473457336,0.6640121340751648,0.5378917455673218,0.6265960931777954,PALM
0.6774678230285645,0.9022353887557983,0.6555883288383484,0.8060996532440186,0.6324819922447205,0.7343067526817322,0.612112283706665,0.6809543371200562,0.5916919112205505,0.639083743095398,0.6298961043357849,0.6806941628456116,0.5996649265289307,0.5709095597267151,0.5745950937271118,0.5073176622390747,0.5545953512191772,0.4586850106716156,0.6316273808479309,0.6964954733848572,0.5918128490447998,0.5689456462860107,0.560645341873169,0.501850426197052,0.5383221507072449,0.4525066316127777,0.6245278716087341,0.7299871444702148,0.5873754620552063,0.6107187271118164,0.556652307510376,0.5501505136489868,0.5365746021270752,0.504906415939331,0.6086739301681519,0.7725500464439392,0.572963535785675,0.7075666785240173,0.5497555136680603,0.6652911901473999,0.5311599373817444,0.6254145503044128,PALM
0.6777986884117126,0.9164530634880066,0.6371555924415588,0.847881019115448,0.6149591207504272,0.7831540107727051,0.5987449288368225,0.7374698519706726,0.5819783210754395,0.7003751397132874,0.6194735169410706,0.7047122716903687,0.5885835886001587,0.6028890013694763,0.5633408427238464,0.5368770956993103,0.5440605282783508,0.4841047525405884,0.6267796754837036,0.7057009935379028,0.5836779475212097,0.5828081369400024,0.5536637306213379,0.5138451457023621,0.532557487487793,0.4591744840145111,0.6233879327774048,0.7293545007705688,0.5849730968475342,0.6077139377593994,0.5584684014320374,0.5456268191337585,0.541233479976654,0.4963451027870178,0.6082119941711426,0.7665767073631287,0.5778065919876099,0.6994024515151978,0.5587638020515442,0.6563113927841187,0.544076144695282,0.6148721575737,PALM
0.6624038815498352,0.9106875658035278,0.6016590595245361,0.8531690239906311,0.5824005007743835,0.7773484587669373,0.568347692489624,0.7306475639343262,0.5506446957588196,0.6940122246742249,0.5853130221366882,0.7009238004684448,0.5616658329963684,0.6021640300750732,0.5449279546737671,0.5427860617637634,0.5322685837745667,0.49325233697891235,0.5979951620101929,0.705640971660614,0.5693953633308411,0.5895668268203735,0.551925778388977,0.5209494829177856,0.5371445417404175,0.46127402782440186,0.6087952852249146,0.7255632281303406,0.5901825428009033,0.6127283573150635,0.5787042379379272,0.547666072845459,0.567780613899231,0.49325358867645264,0.6149852871894836,0.7553867697715759,0.6046674847602844,0.6839300990104675,0.5946189165115356,0.6354501247406006,0.5848852396011353,0.5907715559005737,PALM
0.6534816026687622,0.9126485586166382,0.5940445065498352,0.8661082983016968,0.5682801008224487,0.7926191687583923,0.5486449599266052,0.7485917210578918,0.5273337364196777,0.7058343887329102,0.5794824957847595,0.689728856086731,0.5550892353057861,0.6093536615371704,0.533458948135376,0.5623486638069153,0.5144237875938416,0.52169269323349,0.5949926376342773,0.6844921112060547,0.5775348544120789,0.5825207829475403,0.5587012767791748,0.5157104134559631,0.5422647595405579,0.46074149012565613,0.6092035174369812,0.7004634737968445,0.6080266237258911,0.5994533896446228,0.5989011526107788,0.5324254631996155,0.5889708399772644,0.4734797775745392,0.6228635907173157,0.7338753342628479,0.6274985074996948,0.6614568829536438,0.622602641582489,0.6096781492233276,0.6171894669532776,0.5614528656005859,PALM
0.6453518271446228,0.9244418144226074,0.5915868282318115,0.8898466229438782,0.5583605170249939,0.8131448030471802,0.5366281867027283,0.7552552223205566,0.5121832489967346,0.7119928002357483,0.5806180834770203,0.6970909237861633,0.5528097748756409,0.6229640245437622,0.5302487015724182,0.5802302956581116,0.5093522667884827,0.5385475158691406,0.6000308990478516,0.6816374659538269,0.5828056931495667,0.5861507654190063,0.5650455951690674,0.5219089984893799,0.5490331649780273,0.4662017524242401,0.6189195513725281,0.6907201409339905,0.6201261878013611,0.5927562713623047,0.6132580041885376,0.5284367799758911,0.6046173572540283,0.4724505543708801,0.6356943249702454,0.7188091278076172,0.643868088722229,0.6492035984992981,0.6431466341018677,0.5970028042793274,0.6408979296684265,0.5467624664306641,PALM
0.646284282207489,0.9281855821609497,0.5924851894378662,0.8921750783920288,0.5588066577911377,0.8150795102119446,0.5373895168304443,0.7552574276924133,0.5133266448974609,0.7114949226379395,0.5833896994590759,0.6955388188362122,0.5553613305091858,0.6264427900314331,0.5322980880737305,0.5903752446174622,0.5104762315750122,0.5548277497291565,0.6051037907600403,0.6771013140678406,0.5867382884025574,0.5849857330322266,0.5679385662078857,0.5232753157615662,0.5501180291175842,0.4713924825191498,0.6258347034454346,0.6839008927345276,0.6258951425552368,0.5910543203353882,0.6180316805839539,0.5289755463600159,0.6079345941543579,0.47485587000846863,0.6432152390480042,0.7082188129425049,0.6505187749862671,0.6402854323387146,0.6496338248252869,0.5892742872238159,0.6467511057853699,0.5400189161300659,PALM
0.6501421928405762,0.927798867225647,0.5963216423988342,0.8769645094871521,0.5748265385627747,0.8017251491546631,0.5598121285438538,0.742558479309082,0.5411002039909363,0.6928703188896179,0.6024515628814697,0.7043169140815735,0.5825767517089844,0.6438270211219788,0.5571919679641724,0.6254022717475891,0.5317827463150024,0.6196804642677307,0.6173614263534546,0.6867757439613342,0.6031736135482788,0.603061854839325,0.5755608081817627,0.5792458057403564,0.5474053621292114,0.5792936086654663,0.6321864128112793,0.684492826461792,0.6253028512001038,0.5967866778373718,0.6018435955047607,0.5623895525932312,0.5768617391586304,0.5489426851272583,0.6466726064682007,0.6948959827423096,0.6485947966575623,0.6270931959152222,0.6350908875465393,0.5825883746147156,0.6170676946640015,0.5520033240318298,PALM
0.6483128070831299,0.9236736297607422,0.5990549921989441,0.8858509063720703,0.5774495005607605,0.8195561766624451,0.5626113414764404,0.768424391746521,0.5457829833030701,0.7287842631340027,0.6034249067306519,0.7280109524726868,0.5769881010055542,0.6779562830924988,0.5489177703857422,0.6624284982681274,0.5260796546936035,0.6624986529350281,0.6150023937225342,0.7054148316383362,0.5946035385131836,0.628580629825592,0.5649897456169128,0.6054152250289917,0.5396108627319336,0.6018254160881042,0.6277352571487427,0.696840763092041,0.6176285147666931,0.6129018068313599,0.5923737287521362,0.5778196454048157,0.5695456862449646,0.5629469156265259,0.639403223991394,0.6988113522529602,0.6359326243400574,0.6305493116378784,0.6169663667678833,0.5913236737251282,0.5947772860527039,0.5676307678222656,PALM
0.6421191096305847,0.9219412803649902,0.5965695977210999,0.8901830315589905,0.5768557786941528,0.8316227197647095,0.5611698627471924,0.7843945026397705,0.5423648953437805,0.7486940026283264,0.6014405488967896,0.7390544414520264,0.57310950756073,0.6916549205780029,0.5442655086517334,0.6792823672294617,0.5213821530342102,0.6831803321838379,0.6113808751106262,0.715290904045105,0.5919468998908997,0.6394729614257812,0.5623958706855774,0.6154786944389343,0.5364508628845215,0.6117054224014282,0.6224689483642578,0.7057635188102722,0.6147317886352539,0.6227774620056152,0.5894765853881836,0.588169515132904,0.5663248896598816,0.575692355632782,0.630836546421051,0.7066836953163147,0.6263489127159119,0.6401557922363281,0.6072392463684082,0.6042383313179016,0.5853515863418579,0.5841931700706482,PALM
0.6440988183021545,0.9165963530540466,0.6001452207565308,0.8866302371025085,0.5853000283241272,0.8294201493263245,0.5709835886955261,0.7861039638519287,0.5545337796211243,0.7455934286117554,0.6091657280921936,0.7374737858772278,0.580925703048706,0.6952320337295532,0.5505756139755249,0.6885842084884644,0.5279390811920166,0.6966615319252014,0.6182863712310791,0.7151908874511719,0.6026926636695862,0.6368621587753296,0.5696897506713867,0.614487886428833,0.5410706400871277,0.6143321394920349,0.6275765895843506,0.7068753242492676,0.6232461929321289,0.6204017996788025,0.5957288146018982,0.587253987789154,0.5719447135925293,0.577909529209137,0.6330469250679016,0.7070378065109253,0.631451427936554,0.6376510858535767,0.6129642128944397,0.6011891961097717,0.5922591686248779,0.5825429558753967,PALM
0.6508402228355408,0.9078662395477295,0.6101231575012207,0.8817792534828186,0.5932250618934631,0.8346855044364929,0.577668309211731,0.7982679009437561,0.55843186378479,0.763372004032135,0.614927351474762,0.7412773966789246,0.5821091532707214,0.7108489871025085,0.5527563691139221,0.7153245806694031,0.5328890681266785,0.7322496771812439,0.6208950877189636,0.7181396484375,0.60186767578125,0.644291341304779,0.570027768611908,0.6268265843391418,0.5428970456123352,0.629432201385498,0.6273378133773804,0.7054464817047119,0.6199093461036682,0.6202588677406311,0.5919461250305176,0.5937235951423645,0.5667206048965454,0.5920889973640442,0.6295045018196106,0.6982393860816956,0.6240562200546265,0.632593035697937,0.6065160036087036,0.6035476326942444,0.5857841372489929,0.5926879644393921,PALM
0.649291455745697,0.8989081978797913,0.606285035610199,0.8750510215759277,0.5909625887870789,0.820807695388794,0.5768994092941284,0.7777627110481262,0.5590637922286987,0.7399730086326599,0.6121404767036438,0.724730908870697,0.5849366784095764,0.6795684099197388,0.5572589635848999,0.6764086484909058,0.535371720790863,0.6871994137763977,0.620750904083252,0.7005894780158997,0.6002684235572815,0.6287791728973389,0.5704726576805115,0.6058937907218933,0.5435393452644348,0.6035893559455872,0.6304184794425964,0.6892423629760742,0.6198962926864624,0.6069074273109436,0.5950191617012024,0.5742957592010498,0.5714727640151978,0.5638672709465027,0.6374843716621399,0.6839044690132141,0.633994460105896,0.6170237064361572,0.6176536083221436,0.582104504108429,0.5972256660461426,0.5628838539123535,PALM
0.655393660068512,0.8907347321510315,0.6084176898002625,0.8600564002990723,0.5876126885414124,0.7971403002738953,0.5725715160369873,0.7480198740959167,0.5539723634719849,0.7060427665710449,0.6150704622268677,0.6891186833381653,0.5910235047340393,0.6308016180992126,0.5665889382362366,0.604986846446991,0.544454038143158,0.58411705493927,0.6300628781318665,0.6682718992233276,0.6118594408035278,0.587303102016449,0.5867699384689331,0.5408792495727539,0.5641844868659973,0.5100504159927368,0.6439089179039001,0.6647437214851379,0.6346256732940674,0.5779440402984619,0.6149959564208984,0.5277307033538818,0.5958815813064575,0.48943179845809937,0.655769944190979,0.6709218621253967,0.653803288936615,0.5967910885810852,0.6410483121871948,0.5511221289634705,0.6246616244316101,0.5133868455886841,PALM
0.6562290191650391,0.8874421715736389,0.6110113859176636,0.8546395301818848,0.5876998901367188,0.7821385860443115,0.5735677480697632,0.7282876968383789,0.556129515171051,0.685595691204071,0.6165270209312439,0.6729437708854675,0.5932181477546692,0.6078056693077087,0.5715739727020264,0.5734778046607971,0.551616907119751,0.5424227118492126,0.63426673412323,0.6553909182548523,0.6191160082817078,0.5651736855506897,0.5989903211593628,0.5102800130844116,0.580521285533905,0.4665495455265045,0.6510419249534607,0.6579706072807312,0.6472709774971008,0.5670409202575684,0.6348286867141724,0.5077607035636902,0.6215481162071228,0.45765218138694763,0.665492832660675,0.6733517050743103,0.6674126982688904,0.6007992029190063,0.6606761813163757,0.550827145576477,0.6506364345550537,0.5050190687179565,PALM
0.6602935194969177,0.8877087235450745,0.6148042678833008,0.8536850810050964,0.587361752986908,0.7772706151008606,0.5729377865791321,0.7199121713638306,0.554765522480011,0.6811298131942749,0.6134818196296692,0.6621244549751282,0.5906117558479309,0.5930300951004028,0.5707156658172607,0.5525840520858765,0.552441418170929,0.5145023465156555,0.6343858242034912,0.6453424096107483,0.6226182579994202,0.5551689863204956,0.6072563529014587,0.4978867173194885,0.592620313167572,0.4495197534561157,0.6543524265289307,0.6502719521522522,0.6538102626800537,0.5597182512283325,0.6478726863861084,0.500237226486206,0.6407017707824707,0.4483056664466858,0.6718104481697083,0.6708344221115112,0.6756677627563477,0.6006250381469727,0.6739630699157715,0.5519144535064697,0.6701641082763672,0.5049927234649658,PALM
0.6674260497093201,0.892162024974823,0.6203117370605469,0.8565359711647034,0.5870283246040344,0.7765150666236877,0.5670552849769592,0.7133749127388,0.5438709855079651,0.6714153289794922,0.6129662990570068,0.6536075472831726,0.5872711539268494,0.577846109867096,0.5690064430236816,0.531793475151062,0.5529966950416565,0.48788267374038696,0.6389025449752808,0.6370540261268616,0.6289688944816589,0.5431233048439026,0.6180557608604431,0.4812547266483307,0.606759250164032,0.42934107780456543,0.6630079746246338,0.6456719040870667,0.6687979102134705,0.5556355118751526,0.6689157485961914,0.49185484647750854,0.6661290526390076,0.43524694442749023,0.6828922629356384,0.6731300354003906,0.6913917064666748,0.6049525141716003,0.6943866014480591,0.5560437440872192,0.6950563192367554,0.5088274478912354,PALM
0.673149585723877,0.8985235691070557,0.6219828128814697,0.8664721250534058,0.5830925107002258,0.7874211072921753,0.5587931275367737,0.7208630442619324,0.5324394702911377,0.6756813526153564,0.6124503016471863,0.6563103795051575,0.5850759744644165,0.5739686489105225,0.5678358674049377,0.5235061645507812,0.5537616014480591,0.4748532772064209,0.6440675258636475,0.6398687362670898,0.6361179947853088,0.5386871099472046,0.6293061375617981,0.4727480411529541,0.6221954226493835,0.41586998105049133,0.6726467609405518,0.6511601805686951,0.681650698184967,0.5565491318702698,0.6857762336730957,0.49217599630355835,0.6868227124214172,0.4332825243473053,0.6971858739852905,0.6832042336463928,0.7088485360145569,0.6142390370368958,0.7154033184051514,0.566397488117218,0.7196578979492188,0.5194208025932312,PALM
0.6785355806350708,0.9040167331695557,0.6254255771636963,0.8712381720542908,0.582878589630127,0.7927977442741394,0.5537976622581482,0.726980984210968,0.523763120174408,0.6845280528068542,0.6153659820556641,0.6554715037345886,0.588283121585846,0.5674977898597717,0.5728375315666199,0.5131619572639465,0.5619269013404846,0.4618326723575592,0.6501126289367676,0.639893114566803,0.6421154737472534,0.5351158380508423,0.6377164721488953,0.46778735518455505,0.6340734362602234,0.4118471145629883,0.681633472442627,0.6527016162872314,0.6912054419517517,0.5550439357757568,0.6976075768470764,0.49159881472587585,0.7010698318481445,0.43416982889175415,0.7090572118759155,0.6859714984893799,0.7226189374923706,0.6158425211906433,0.7304859161376953,0.5683007836341858,0.7358100414276123,0.521342933177948,PALM
0.6816662549972534,0.9065183997154236,0.6277284622192383,0.8730993270874023,0.582852303981781,0.7946163415908813,0.5502024292945862,0.7308627367019653,0.5184746980667114,0.6912786364555359,0.6204144954681396,0.6547141075134277,0.594749391078949,0.5636533498764038,0.5795831680297852,0.5078415274620056,0.5691142082214355,0.45543527603149414,0.6557421684265137,0.6398581862449646,0.6480860710144043,0.5303908586502075,0.6437228322029114,0.4588340222835541,0.6404473185539246,0.399217426776886,0.6877508163452148,0.653937041759491,0.6981350779533386,0.5532904267311096,0.7050641775131226,0.4895288646221161,0.7090358734130859,0.43198519945144653,0.7153831124305725,0.6882495284080505,0.7312120199203491,0.6182337999343872,0.7409701943397522,0.5707129240036011,0.7481563091278076,0.5234448313713074,PALM
0.6832485795021057,0.9099486470222473,0.6296509504318237,0.8753436207771301,0.5829931497573853,0.7936846017837524,0.5487915873527527,0.7304565906524658,0.5166344046592712,0.692836344242096,0.6210618615150452,0.6537789106369019,0.5947026610374451,0.5623182058334351,0.5796170830726624,0.5055664777755737,0.5693426728248596,0.4523541331291199,0.6565333604812622,0.6400741934776306,0.6492905020713806,0.5306487679481506,0.6452900767326355,0.45869410037994385,0.6419541239738464,0.398853063583374,0.688858687877655,0.6546931862831116,0.6986045837402344,0.5540628433227539,0.7049450278282166,0.4890483021736145,0.7082518339157104,0.42985448241233826,0.7166916728019714,0.6887980103492737,0.7328704595565796,0.6186898946762085,0.7428061962127686,0.5705329179763794,0.7502257227897644,0.5220667719841003,PALM
0.6837020516395569,0.9108045101165771,0.6306126117706299,0.8758672475814819,0.5845550894737244,0.7928136587142944,0.5501934289932251,0.7294721007347107,0.5167348980903625,0.6929684281349182,0.6212857365608215,0.6537390947341919,0.5949792265892029,0.5618860721588135,0.5796647071838379,0.5048961043357849,0.5690249800682068,0.45125579833984375,0.6564096212387085,0.6402138471603394,0.6491118669509888,0.5300724506378174,0.6449492573738098,0.4574107825756073,0.6413977146148682,0.3960261046886444,0.6885075569152832,0.6550414562225342,0.6980699896812439,0.5540538430213928,0.7043299674987793,0.48813188076019287,0.7073391675949097,0.4276251494884491,0.7162689566612244,0.6894953846931458,0.7333080172538757,0.6195520758628845,0.7437642216682434,0.5711049437522888,0.7514040470123291,0.5224177241325378,PALM
0.6875101327896118,0.9119223356246948,0.6333308219909668,0.8763683438301086,0.5866979956626892,0.7931801080703735,0.5522937178611755,0.7296172380447388,0.5187248587608337,0.6920209527015686,0.623523473739624,0.6543835401535034,0.5978879928588867,0.5595324039459229,0.5830338001251221,0.5009509325027466,0.5729856491088867,0.44618090987205505,0.6593095064163208,0.6403121948242188,0.6519234776496887,0.5263689756393433,0.6475557088851929,0.4492061138153076,0.6441898345947266,0.38370728492736816,0.6919314861297607,0.6554515957832336,0.7024393677711487,0.5531923770904541,0.7091066837310791,0.4867109954357147,0.7125588059425354,0.42570170760154724,0.720043420791626,0.6906083226203918,0.7370412349700928,0.6199865341186523,0.7478007674217224,0.5706763863563538,0.7556451559066772,0.5210996270179749,PALM
0.6948040127754211,0.9189373850822449,0.6386784911155701,0.8794040679931641,0.5920721888542175,0.7961024045944214,0.5597265362739563,0.7278336882591248,0.5263365507125854,0.686315655708313,0.6299451589584351,0.6589146256446838,0.603966474533081,0.561168372631073,0.5881649255752563,0.5020022988319397,0.5765156149864197,0.4449867904186249,0.6661016345024109,0.6435308456420898,0.6575465798377991,0.5283080339431763,0.6512054800987244,0.448930025100708,0.6456338167190552,0.3804301917552948,0.698947548866272,0.6587984561920166,0.7097519636154175,0.5533829927444458,0.7145166993141174,0.4837379455566406,0.7159001231193542,0.41987910866737366,0.727913498878479,0.6953099966049194,0.7456541657447815,0.6238524317741394,0.7542934417724609,0.5712857842445374,0.759565532207489,0.5188996195793152,PALM
0.7164148092269897,0.9522764086723328,0.6567699313163757,0.9117627143859863,0.6111102104187012,0.8305557370185852,0.5815077424049377,0.7568963170051575,0.5503508448600769,0.7086268067359924,0.6514274477958679,0.6944428086280823,0.6285569667816162,0.5884273052215576,0.6150916218757629,0.5260855555534363,0.6035287380218506,0.4680297374725342,0.6891694664955139,0.6810897588729858,0.6837868690490723,0.5688145160675049,0.6785256266593933,0.49855852127075195,0.6730108857154846,0.43629223108291626,0.7238376140594482,0.6981378793716431,0.7386353015899658,0.5926894545555115,0.7455647587776184,0.5220768451690674,0.7488490343093872,0.4566178023815155,0.7543298006057739,0.7392313480377197,0.7746350169181824,0.670606791973114,0.7848660945892334,0.6217762231826782,0.7919192910194397,0.5718716382980347,PALM
0.7461613416671753,1.0094910860061646,0.6878448128700256,0.9621003866195679,0.6462662220001221,0.8898521065711975,0.6170263886451721,0.8237688541412354,0.5887091755867004,0.7714856266975403,0.6950111389160156,0.7567309737205505,0.6690729856491089,0.65166836977005,0.6537141799926758,0.5866588950157166,0.641148567199707,0.526371419429779,0.736203134059906,0.7447051405906677,0.7331228256225586,0.6198911666870117,0.7316498756408691,0.5399724841117859,0.7299407720565796,0.4669594466686249,0.7723591327667236,0.7673492431640625,0.7896695733070374,0.6592963933944702,0.8041362166404724,0.5890560746192932,0.814687192440033,0.5252211689949036,0.80256587266922,0.8129351139068604,0.8288695216178894,0.7462716102600098,0.8455612659454346,0.7003499865531921,0.8584614992141724,0.6539474725723267,PALM
0.7539603114128113,1.0019426345825195,0.6990959048271179,0.9500812888145447,0.6575098633766174,0.8691155314445496,0.6292255520820618,0.7962055206298828,0.5991470813751221,0.7415284514427185,0.7028831839561462,0.7533779740333557,0.6803367137908936,0.6440533399581909,0.6663943529129028,0.5757505893707275,0.656792938709259,0.5126124024391174,0.7429133653640747,0.7460851669311523,0.7441414594650269,0.6208908557891846,0.744204580783844,0.5357593894004822,0.7457102537155151,0.46077412366867065,0.777670681476593,0.7723336815834045,0.7966427206993103,0.662040114402771,0.8092469573020935,0.5921506285667419,0.8197370171546936,0.527789831161499,0.8072584867477417,0.8213719129562378,0.8335192203521729,0.7577726244926453,0.8502005338668823,0.7109846472740173,0.8642666339874268,0.6630042791366577,PALM
0.7374364733695984,0.9398452639579773,0.6715171933174133,0.8730379343032837,0.6386995911598206,0.782497763633728,0.6195608377456665,0.7152882814407349,0.5970081090927124,0.660373866558075,0.6508540511131287,0.6791779398918152,0.6327956914901733,0.5801532864570618,0.6192620992660522,0.5160529613494873,0.608170747756958,0.4593121111392975,0.671297013759613,0.6804372668266296,0.6690341830253601,0.5727037787437439,0.6625064015388489,0.5006916522979736,0.6584592461585999,0.43892836570739746,0.6897830963134766,0.7084375619888306,0.7004351019859314,0.6105895638465881,0.7016865611076355,0.5432992577552795,0.7018195390701294,0.4840804636478424,0.7043099403381348,0.7599120140075684,0.7153737545013428,0.705695629119873,0.7176826000213623,0.6613212823867798,0.7196627259254456,0.616965115070343,PALM
0.713687539100647,0.8975265026092529,0.6715975999832153,0.8157683610916138,0.6437538266181946,0.7429717779159546,0.6240251660346985,0.6899100542068481,0.6048779487609863,0.6493129730224609,0.650678813457489,0.6645141243934631,0.6239303946495056,0.5530155301094055,0.6045256853103638,0.48474037647247314,0.5901480317115784,0.4292624592781067,0.6535881757736206,0.6660932898521423,0.6201067566871643,0.5397894978523254,0.5973628759384155,0.46928396821022034,0.5830861330032349,0.41271525621414185,0.6469109654426575,0.6901350021362305,0.6175050139427185,0.5747610926628113,0.5968173146247864,0.5053750276565552,0.5847293734550476,0.4505259096622467,0.6295249462127686,0.7303987741470337,0.597253680229187,0.6629930138587952,0.5781721472740173,0.6184583306312561,0.5646048784255981,0.5772923827171326,PALM
0.6645587086677551,0.8175357580184937,0.6649205684661865,0.6982681751251221,0.6541445851325989,0.6287486553192139,0.6405274271965027,0.577438473701477,0.6377947330474854,0.532667875289917,0.6370877623558044,0.5685291886329651,0.6039820909500122,0.4846433997154236,0.5792666673660278,0.4384945333003998,0.5620735287666321,0.40597525238990784,0.6171626448631287,0.577191174030304,0.581021785736084,0.4752331078052521,0.5578559041023254,0.4276150166988373,0.5432417392730713,0.39404430985450745,0.593633234500885,0.6025828123092651,0.558012068271637,0.5053110718727112,0.5352389216423035,0.46062523126602173,0.5204629898071289,0.4260789453983307,0.5649856328964233,0.645257830619812,0.5269312262535095,0.5784804821014404,0.5080810785293579,0.5369458794593811,0.4957216680049896,0.5013383626937866,PALM
0.631155252456665,0.7503347992897034,0.6467798352241516,0.6540918350219727,0.643662691116333,0.5802415609359741,0.6383753418922424,0.5238632559776306,0.6440412402153015,0.48105260729789734,0.5986833572387695,0.5157906413078308,0.5847447514533997,0.42470887303352356,0.5787440538406372,0.36627626419067383,0.5777484178543091,0.3212144374847412,0.5773465037345886,0.5278874635696411,0.5481500625610352,0.42153435945510864,0.532021701335907,0.35748490691185,0.5219642519950867,0.3038376271724701,0.5565011501312256,0.5585280060768127,0.5199445486068726,0.4598148465156555,0.5003954768180847,0.4029909670352936,0.48719653487205505,0.35287973284721375,0.53733891248703,0.6072266101837158,0.5002117156982422,0.5477272272109985,0.4816226661205292,0.507363498210907,0.4672345817089081,0.466551810503006,PALM
0.6147613525390625,0.7302569150924683,0.6431223154067993,0.6437546610832214,0.6509619355201721,0.5707757472991943,0.6523755788803101,0.5134555697441101,0.6610180735588074,0.472388356924057,0.5960716605186462,0.5050680041313171,0.5901313424110413,0.4135141372680664,0.5868275165557861,0.3543156683444977,0.586068868637085,0.3081195652484894,0.5687927603721619,0.5154251456260681,0.5477287173271179,0.4107065200805664,0.5345306396484375,0.34866786003112793,0.5252524018287659,0.30038848519325256,0.5450018644332886,0.5445359945297241,0.5153146386146545,0.45335227251052856,0.4984053075313568,0.40119606256484985,0.4866626262664795,0.3581523597240448,0.524590253829956,0.5898417830467224,0.490746408700943,0.5429859161376953,0.4707704782485962,0.5090751051902771,0.4544251263141632,0.4745684266090393,PALM
0.616631031036377,0.7580074667930603,0.6518336534500122,0.678731381893158,0.6605302691459656,0.6001037359237671,0.6636126041412354,0.5335026979446411,0.6748054623603821,0.4878019690513611,0.6041344404220581,0.5385581851005554,0.6016258597373962,0.4354800879955292,0.5990473031997681,0.36975201964378357,0.5981316566467285,0.3174605965614319,0.5745508670806885,0.548374593257904,0.5550169944763184,0.4371177852153778,0.5420293807983398,0.36680278182029724,0.5324223041534424,0.31225883960723877,0.5498512387275696,0.5762163996696472,0.5237959623336792,0.4788512587547302,0.506669819355011,0.421868234872818,0.4939906597137451,0.37668782472610474,0.530266284942627,0.6170111894607544,0.4986018240451813,0.5653155446052551,0.47918272018432617,0.5283037424087524,0.4629870355129242,0.4940739870071411,PALM
0.6228377223014832,0.7650209069252014,0.6614631414413452,0.6896461248397827,0.6741167902946472,0.6098043918609619,0.6768069267272949,0.5353066325187683,0.692170262336731,0.48769310116767883,0.6159968972206116,0.5437585115432739,0.6134606003761292,0.438482403755188,0.6102990508079529,0.3714962899684906,0.6090302467346191,0.31852051615715027,0.5857962369918823,0.5506514310836792,0.566635012626648,0.4400606155395508,0.552342414855957,0.36961376667022705,0.54088294506073,0.31551095843315125,0.5602062344551086,0.5781768560409546,0.5340122580528259,0.4835216701030731,0.5174984335899353,0.4287751615047455,0.5048407316207886,0.38811734318733215,0.5386905670166016,0.6203237771987915,0.507373034954071,0.5704980492591858,0.48748984932899475,0.536372721195221,0.47025594115257263,0.5043694376945496,PALM
0.6299334168434143,0.7648079991340637,0.6663124561309814,0.6862437129020691,0.6790412068367004,0.6091218590736389,0.6838427782058716,0.5385262370109558,0.6973640322685242,0.4879550337791443,0.6185916662216187,0.5417526960372925,0.6149803996086121,0.43697288632392883,0.6129391193389893,0.37067902088165283,0.6122585535049438,0.31749433279037476,0.5888087749481201,0.5516179800033569,0.5689792037010193,0.44254064559936523,0.5560557842254639,0.3732675015926361,0.5456643104553223,0.31761887669563293,0.5643036961555481,0.5802326202392578,0.5361630320549011,0.4878354072570801,0.5162770748138428,0.43105849623680115,0.5010401010513306,0.3864271938800812,0.5451757311820984,0.6221932172775269,0.5132291913032532,0.5737804770469666,0.49250078201293945,0.5399919152259827,0.4748269021511078,0.5071653127670288,PALM
0.6325912475585938,0.7630692720413208,0.667016327381134,0.6873352527618408,0.6784780621528625,0.6092846393585205,0.6820805668830872,0.5407091379165649,0.6966010928153992,0.49037620425224304,0.6201905608177185,0.54278165102005,0.6174765825271606,0.43800562620162964,0.615689218044281,0.3711327910423279,0.6154029369354248,0.31893476843833923,0.5903279185295105,0.5529700517654419,0.5714146494865417,0.4429274797439575,0.5599467754364014,0.373815655708313,0.55120450258255,0.3191947340965271,0.5656729340553284,0.5815107822418213,0.5404343008995056,0.48585325479507446,0.5235331654548645,0.4260144829750061,0.5110076665878296,0.378612220287323,0.5462064743041992,0.6234151721000671,0.5140923857688904,0.5784529447555542,0.4925893545150757,0.5444138050079346,0.4745669364929199,0.5116915702819824,PALM
0.6294329166412354,0.7642797231674194,0.6596862077713013,0.6886191964149475,0.6675444841384888,0.6098994016647339,0.667511522769928,0.543923556804657,0.6844722628593445,0.5040551424026489,0.6154893040657043,0.5528184771537781,0.6111617684364319,0.44594988226890564,0.607796847820282,0.37844136357307434,0.6080633997917175,0.3285534381866455,0.5875042080879211,0.5614156723022461,0.567201554775238,0.44675952196121216,0.553468644618988,0.37845996022224426,0.5442215800285339,0.3239540755748749,0.5634778738021851,0.5860888957977295,0.5369189381599426,0.48183172941207886,0.5198279619216919,0.4224782884120941,0.5077556371688843,0.37559008598327637,0.543144941329956,0.6245272755622864,0.5072373151779175,0.5819076299667358,0.4851289987564087,0.5489296913146973,0.46647655963897705,0.515096127986908,PALM
0.6290563941001892,0.7678480744361877,0.6477627158164978,0.6900455355644226,0.6483409404754639,0.6173241138458252,0.644823431968689,0.5569679141044617,0.6600308418273926,0.5169054269790649,0.6060774326324463,0.5569518804550171,0.5954100489616394,0.4571739137172699,0.5913508534431458,0.39175862073898315,0.5930724143981934,0.3426252603530884,0.5857059359550476,0.5656579732894897,0.5617662072181702,0.4539172947406769,0.5477617979049683,0.3841419517993927,0.5397513508796692,0.32749250531196594,0.5661205053329468,0.5909886956214905,0.5364894866943359,0.4851054549217224,0.5186128616333008,0.4248700439929962,0.507822573184967,0.37621983885765076,0.5471436977386475,0.6319667100906372,0.5073683261871338,0.5880762338638306,0.4839731454849243,0.5540939569473267,0.4654715359210968,0.5187563300132751,PALM
0.6162732243537903,0.7961981892585754,0.5697585344314575,0.7215395569801331,0.5598036050796509,0.6411548852920532,0.5523562431335449,0.5781388878822327,0.5485866069793701,0.5239947438240051,0.5709664821624756,0.5917873978614807,0.557839035987854,0.4943215548992157,0.5546479821205139,0.4317757487297058,0.5548354387283325,0.3780585825443268,0.5802522301673889,0.5923448204994202,0.5579907894134521,0.4801020324230194,0.5517910718917847,0.407871276140213,0.5512128472328186,0.3486030399799347,0.5814178586006165,0.6098427176475525,0.5609513521194458,0.491666316986084,0.5563170313835144,0.43175503611564636,0.5566641688346863,0.3811648190021515,0.5747256875038147,0.6312234997749329,0.5629189610481262,0.5647574067115784,0.557418704032898,0.5164145231246948,0.5531378388404846,0.4688131809234619,PALM
0.5932026505470276,0.8162251710891724,0.5455557703971863,0.7763679623603821,0.5290263295173645,0.7191992998123169,0.5181392431259155,0.6820185780525208,0.5071927309036255,0.6539319753646851,0.535480260848999,0.5879190564155579,0.5276924967765808,0.517297089099884,0.5220553278923035,0.4726155698299408,0.5197693109512329,0.4338763356208801,0.552169919013977,0.5779398679733276,0.5503180027008057,0.4823652505874634,0.548729419708252,0.4178539514541626,0.5502215027809143,0.367364764213562,0.5657792687416077,0.587517261505127,0.571047842502594,0.4949784576892853,0.5729305148124695,0.43418464064598083,0.5750515460968018,0.38055408000946045,0.576410174369812,0.6108954548835754,0.5828046798706055,0.5400916934013367,0.5848199725151062,0.49310821294784546,0.5882081985473633,0.44813013076782227,PALM
0.5863645672798157,0.817708432674408,0.539306104183197,0.7802566885948181,0.5198638439178467,0.723894476890564,0.5089181661605835,0.6833902597427368,0.4977215826511383,0.6516307592391968,0.5293078422546387,0.5908381938934326,0.5173371434211731,0.5166978240013123,0.5102983117103577,0.47271767258644104,0.5067956447601318,0.4318080246448517,0.5480661988258362,0.5779180526733398,0.5451681017875671,0.4792459309101105,0.5441838502883911,0.415865957736969,0.5453953742980957,0.3661530911922455,0.5636580586433411,0.585111141204834,0.5695585608482361,0.49033764004707336,0.5728175044059753,0.42997825145721436,0.5755695700645447,0.37799715995788574,0.5757440328598022,0.6084000468254089,0.5830516815185547,0.5387179255485535,0.5853520035743713,0.49249765276908875,0.5877143740653992,0.4490200877189636,PALM
0.5876200795173645,0.8164265155792236,0.5404393672943115,0.7815811634063721,0.5168773531913757,0.7236500978469849,0.504310131072998,0.6805358529090881,0.49120181798934937,0.6488537192344666,0.5289133191108704,0.584699809551239,0.517488420009613,0.5090216994285583,0.5105604529380798,0.4637550711631775,0.5070172548294067,0.4224143326282501,0.5503413677215576,0.5700315237045288,0.5491384863853455,0.4723006784915924,0.5482192039489746,0.40901586413383484,0.5496164560317993,0.36185675859451294,0.5691379904747009,0.5780531764030457,0.5764266848564148,0.48386457562446594,0.5796418190002441,0.4236506223678589,0.5826848745346069,0.37223249673843384,0.5843651294708252,0.60235595703125,0.5930315852165222,0.5330077409744263,0.5978834629058838,0.487030565738678,0.6027981638908386,0.44385290145874023,PALM
0.587149441242218,0.8175569176673889,0.5405576229095459,0.7822466492652893,0.5137516260147095,0.7207064032554626,0.4991244077682495,0.6755333542823792,0.4857519567012787,0.643545925617218,0.5312329530715942,0.58303302526474,0.5188039541244507,0.5074086785316467,0.5113430023193359,0.4632375240325928,0.5071192979812622,0.4220743775367737,0.5528532862663269,0.5677333474159241,0.5515772700309753,0.4707128405570984,0.5500345826148987,0.4082180857658386,0.5505963563919067,0.3620099723339081,0.5722987055778503,0.5751901268959045,0.5813786387443542,0.4793362617492676,0.5852181315422058,0.4200434386730194,0.5887092351913452,0.36968404054641724,0.5879990458488464,0.5996735692024231,0.5994881987571716,0.5303301811218262,0.6060182452201843,0.48473647236824036,0.6123514175415039,0.44180822372436523,PALM
0.5852558612823486,0.8188783526420593,0.5400740504264832,0.7854609489440918,0.5112307667732239,0.7216606736183167,0.4966851770877838,0.6754075884819031,0.4829801321029663,0.646393895149231,0.5314798951148987,0.5829398036003113,0.517869234085083,0.5083714723587036,0.5099881291389465,0.4641871154308319,0.505349338054657,0.42327696084976196,0.5520533323287964,0.5684458017349243,0.5507059097290039,0.4704260528087616,0.5491446256637573,0.4086179733276367,0.5494562387466431,0.3600035607814789,0.5709735155105591,0.5767890810966492,0.5806161165237427,0.48112016916275024,0.5843948721885681,0.42098140716552734,0.5879196524620056,0.3703176975250244,0.5863152146339417,0.6027549505233765,0.5982194542884827,0.5360399484634399,0.6044642329216003,0.4899904131889343,0.6102415919303894,0.4466744661331177,PALM
0.5832818150520325,0.8186100125312805,0.5382571220397949,0.78414386510849,0.5081844925880432,0.7199196219444275,0.49293938279151917,0.674525260925293,0.47893667221069336,0.6451947689056396,0.5296469926834106,0.58217453956604,0.515669047832489,0.5075573921203613,0.5076813101768494,0.4631853997707367,0.5032895803451538,0.4226519763469696,0.5512944459915161,0.5681053400039673,0.5498282313346863,0.47038987278938293,0.5484424233436584,0.40871143341064453,0.5491667985916138,0.36151641607284546,0.5711694955825806,0.5763822793960571,0.5802914500236511,0.48125845193862915,0.584143877029419,0.4219835102558136,0.5881240963935852,0.37180453538894653,0.5871375203132629,0.6017459034919739,0.5987018346786499,0.5352941751480103,0.6054776906967163,0.4900308847427368,0.6119504570960999,0.4469446837902069,PALM
0.5827140808105469,0.8184603452682495,0.536532998085022,0.7853400707244873,0.5023506879806519,0.7170513272285461,0.48280438780784607,0.6710647344589233,0.46581023931503296,0.6443372964859009,0.5289992094039917,0.5786621570587158,0.5141932368278503,0.5054088234901428,0.5059146881103516,0.4621630311012268,0.5015320181846619,0.42332199215888977,0.5528493523597717,0.5623252987861633,0.5507380962371826,0.4658600389957428,0.550075352191925,0.4056166112422943,0.5512658953666687,0.362309992313385,0.5748540759086609,0.5685774683952332,0.5861974358558655,0.4775678217411041,0.5927920341491699,0.42050763964653015,0.5982139706611633,0.37250906229019165,0.5925140380859375,0.5915414690971375,0.6080528497695923,0.5255441665649414,0.6178761124610901,0.4828481674194336,0.6264061331748962,0.4420413374900818,PALM
0.5820707082748413,0.817646324634552,0.5335326790809631,0.7874811887741089,0.49332451820373535,0.7162939310073853,0.46643033623695374,0.667911946773529,0.4415275454521179,0.6488168239593506,0.5279018878936768,0.578881025314331,0.510055661201477,0.5041072368621826,0.5013805031776428,0.46051767468452454,0.4966563880443573,0.42203807830810547,0.5552688837051392,0.5615494251251221,0.5524539351463318,0.46547868847846985,0.5532013177871704,0.40572109818458557,0.5549931526184082,0.3655971586704254,0.5805835127830505,0.5675530433654785,0.5912622809410095,0.4799567759037018,0.5997745394706726,0.4237241744995117,0.6061172485351562,0.3776080310344696,0.6015390753746033,0.5887929797172546,0.6171237826347351,0.5213616490364075,0.6285244226455688,0.4783588647842407,0.6386997699737549,0.43847647309303284,PALM
0.5803649425506592,0.7988504767417908,0.5288851857185364,0.7672305703163147,0.48586273193359375,0.6997668743133545,0.4554871618747711,0.652372419834137,0.42854613065719604,0.6325647830963135,0.5245514512062073,0.5641277432441711,0.5042616128921509,0.4908769130706787,0.4931354224681854,0.4469035565853119,0.48658642172813416,0.4089847207069397,0.5535134673118591,0.5460783839225769,0.5495298504829407,0.4548954963684082,0.5477913022041321,0.39934539794921875,0.5468699932098389,0.36157891154289246,0.5811813473701477,0.5509415864944458,0.5900229811668396,0.46911388635635376,0.5963974595069885,0.41873836517333984,0.6006012558937073,0.3788681626319885,0.6043441295623779,0.5715954303741455,0.6188713312149048,0.5100698471069336,0.6292190551757812,0.47070959210395813,0.6390902400016785,0.435147225856781,PALM
0.5795384645462036,0.7680809497833252,0.5288094282150269,0.7368334531784058,0.4832237958908081,0.6683831214904785,0.4476707875728607,0.6231566667556763,0.41628143191337585,0.6090964078903198,0.5219492316246033,0.5386130809783936,0.5007325410842896,0.46983930468559265,0.4887045621871948,0.4278824031352997,0.48189523816108704,0.390816330909729,0.5498445630073547,0.5210995078086853,0.5429306030273438,0.4368482232093811,0.5402495265007019,0.3856982886791229,0.538442075252533,0.34705764055252075,0.5787883996963501,0.5247647762298584,0.5835093855857849,0.45068860054016113,0.5895212292671204,0.40454599261283875,0.5928063988685608,0.36688509583473206,0.60419100522995,0.5426611304283142,0.6162486672401428,0.48469287157058716,0.6272872686386108,0.45230889320373535,0.6373212933540344,0.4242200255393982,PALM
0.5740877389907837,0.7464509010314941,0.523235023021698,0.7199869155883789,0.47694551944732666,0.6548543572425842,0.4415329694747925,0.6111081838607788,0.41136103868484497,0.6010111570358276,0.5106120109558105,0.5258892178535461,0.4890548288822174,0.4616650640964508,0.4762735366821289,0.41991108655929565,0.4687996804714203,0.3858434855937958,0.5383397936820984,0.5071419477462769,0.5297622084617615,0.4262133836746216,0.5257264971733093,0.3772444725036621,0.5218754410743713,0.3404075503349304,0.5673651695251465,0.5086567401885986,0.5708391070365906,0.43686673045158386,0.574347198009491,0.3925788998603821,0.5746582746505737,0.35989370942115784,0.5923534631729126,0.5228952169418335,0.6027727723121643,0.4651106894016266,0.6116693615913391,0.43231400847435,0.6202990412712097,0.4066142737865448,PALM
0.5628176927566528,0.7299245595932007,0.5122199654579163,0.7083399891853333,0.46634167432785034,0.6514174342155457,0.43185827136039734,0.6102725863456726,0.40203678607940674,0.599304735660553,0.4967931807041168,0.5222055912017822,0.47409242391586304,0.45837023854255676,0.46087512373924255,0.41793760657310486,0.4529111087322235,0.3846473693847656,0.524711012840271,0.502054750919342,0.5148220658302307,0.42315995693206787,0.5096460580825806,0.37552109360694885,0.5049942135810852,0.3405730426311493,0.5537394285202026,0.5011325478553772,0.5571178197860718,0.4320532977581024,0.5590007305145264,0.3885790705680847,0.5585613250732422,0.3569420278072357,0.5792293548583984,0.5132704377174377,0.589526355266571,0.45648324489593506,0.5964295268058777,0.4210638403892517,0.6030792593955994,0.3922666609287262,PALM
0.5587999820709229,0.7270047664642334,0.5077425241470337,0.7075526118278503,0.4610864520072937,0.6507448554039001,0.4257940649986267,0.6108843684196472,0.3960770070552826,0.6000920534133911,0.49119946360588074,0.5189255475997925,0.4678223729133606,0.45562100410461426,0.4540332555770874,0.4171253442764282,0.44514310359954834,0.3835791349411011,0.5188429355621338,0.4981469213962555,0.5086876749992371,0.4204796850681305,0.5034230351448059,0.3720281422138214,0.49907559156417847,0.33793941140174866,0.5472423434257507,0.4981549382209778,0.54991614818573,0.4303274154663086,0.5522010326385498,0.38939088582992554,0.5515347123146057,0.35839274525642395,0.5722922682762146,0.5110582709312439,0.5809131860733032,0.4554416537284851,0.5871668457984924,0.4221326410770416,0.5930900573730469,0.39277055859565735,PALM
0.5585607886314392,0.7227378487586975,0.5062896013259888,0.7037538886070251,0.4599703550338745,0.6481995582580566,0.4256308078765869,0.6092526912689209,0.39580419659614563,0.5962260365486145,0.4906218945980072,0.5152586698532104,0.46746429800987244,0.4523310363292694,0.45450082421302795,0.4137275218963623,0.44712355732917786,0.38139089941978455,0.5176442265510559,0.49422669410705566,0.5077435970306396,0.4152836203575134,0.5031512379646301,0.3687484562397003,0.4989314377307892,0.33637887239456177,0.5464851260185242,0.49305155873298645,0.549926221370697,0.42294812202453613,0.5517268180847168,0.3827265799045563,0.5502574443817139,0.35366031527519226,0.5719465017318726,0.5053853988647461,0.5813514590263367,0.4496604800224304,0.5867409110069275,0.4167082905769348,0.591600239276886,0.38877978920936584,PALM
0.5606008768081665,0.7234103083610535,0.5085616707801819,0.7047477960586548,0.4632655084133148,0.6499467492103577,0.4294481873512268,0.6081769466400146,0.399912565946579,0.5921512246131897,0.4951785206794739,0.5188491344451904,0.47188302874565125,0.45397770404815674,0.4597158432006836,0.41536977887153625,0.45208173990249634,0.3808947503566742,0.5226094722747803,0.49837785959243774,0.5121139883995056,0.4196334183216095,0.5071919560432434,0.37169212102890015,0.5030231475830078,0.3375553786754608,0.5509788990020752,0.4979659914970398,0.5539836883544922,0.4286697506904602,0.5564687252044678,0.38639599084854126,0.5559470653533936,0.3541654646396637,0.5759982466697693,0.5113881826400757,0.5851882100105286,0.45452120900154114,0.592528760433197,0.42186349630355835,0.5993896722793579,0.3938550353050232,PALM
0.5674803853034973,0.7334781885147095,0.5164508819580078,0.7145665287971497,0.4720872640609741,0.6553134918212891,0.4384746253490448,0.6081249713897705,0.4083712100982666,0.5899709463119507,0.5068522095680237,0.5262231826782227,0.48541849851608276,0.4593074321746826,0.4738694131374359,0.41841283440589905,0.46658551692962646,0.3811066150665283,0.5340240597724915,0.5059751272201538,0.5259740352630615,0.4267124831676483,0.5216774344444275,0.37765660881996155,0.517451286315918,0.33983302116394043,0.5617474913597107,0.506232500076294,0.5667920112609863,0.43593043088912964,0.5705468058586121,0.39210137724876404,0.5710841417312622,0.3582996428012848,0.5860244631767273,0.5212308168411255,0.5973200798034668,0.4638496935367584,0.6062255501747131,0.43065640330314636,0.6138486862182617,0.4029882252216339,PALM
0.5813611149787903,0.7545191049575806,0.5342872142791748,0.7282569408416748,0.49439117312431335,0.6618455648422241,0.46454086899757385,0.6104392409324646,0.4381611943244934,0.584764301776886,0.5321993231773376,0.5418062210083008,0.513266384601593,0.4707326292991638,0.502469539642334,0.4260613024234772,0.49486055970191956,0.3867338299751282,0.5592581033706665,0.5242438912391663,0.5532785058021545,0.43609851598739624,0.549312949180603,0.38258981704711914,0.545707643032074,0.3430737853050232,0.5860018134117126,0.5255323052406311,0.5913715958595276,0.4472348690032959,0.5950913429260254,0.3982096314430237,0.5969018340110779,0.3597323000431061,0.6099603772163391,0.5429785847663879,0.6208891868591309,0.4851972162723541,0.6287010312080383,0.4513866603374481,0.634564220905304,0.4226841628551483,PALM
0.6209869980812073,0.8065032958984375,0.5756771564483643,0.7707983255386353,0.5393429398536682,0.6990631222724915,0.5106616020202637,0.647698700428009,0.4806559383869171,0.6250307559967041,0.5719735026359558,0.5949141979217529,0.5508449077606201,0.5207375288009644,0.5298240780830383,0.4959913492202759,0.5093920826911926,0.48720863461494446,0.5940462946891785,0.581827700138092,0.5790591835975647,0.49392181634902954,0.5538682341575623,0.46557116508483887,0.5284131169319153,0.46496880054473877,0.6175904273986816,0.5894675254821777,0.6135204434394836,0.49989423155784607,0.5919783711433411,0.46531620621681213,0.5688360929489136,0.4574393928050995,0.6426942348480225,0.6124355792999268,0.6443256139755249,0.5497498512268066,0.6309553980827332,0.5190998911857605,0.6124739646911621,0.5066957473754883,PALM
0.6657782196998596,0.8483816981315613,0.611367404460907,0.8292956352233887,0.5690879225730896,0.8044015765190125,0.5395175218582153,0.7914848327636719,0.521879255771637,0.7717906832695007,0.5732854604721069,0.6797120571136475,0.5278868079185486,0.6467774510383606,0.5122436285018921,0.7015491724014282,0.5118861198425293,0.7480316758155823,0.5922350287437439,0.6719194650650024,0.5440064668655396,0.6485845446586609,0.5281034111976624,0.7199236750602722,0.529752254486084,0.7766500115394592,0.6155551075935364,0.6776372790336609,0.5735098719596863,0.6610817909240723,0.5538220405578613,0.7292096614837646,0.5494871139526367,0.7866277098655701,0.6397619843482971,0.6950857639312744,0.6064581871032715,0.6898178458213806,0.5843333005905151,0.7313997745513916,0.5733516812324524,0.7748174667358398,PALM
0.699494481086731,0.8609524369239807,0.6327401399612427,0.9102622866630554,0.584918200969696,0.9294403195381165,0.5483011603355408,0.9459515810012817,0.5277668833732605,0.9472769498825073,0.5632604360580444,0.7687995433807373,0.5144957304000854,0.8499216437339783,0.5102639198303223,0.9265959858894348,0.5199885368347168,0.9782738089561462,0.5714982151985168,0.7595816254615784,0.5145244598388672,0.8655837178230286,0.5143153667449951,0.9466286301612854,0.5290042757987976,0.9921891689300537,0.5825854539871216,0.7695711255073547,0.5270927548408508,0.8726103901863098,0.5239210724830627,0.9500903487205505,0.5357447266578674,0.9951992630958557,0.5965602993965149,0.7968142032623291,0.5568355917930603,0.8785755634307861,0.5490992069244385,0.9343205094337463,0.551560640335083,0.9733108282089233,PALM
0.7064502835273743,0.870975911617279,0.6539568901062012,0.9423543810844421,0.6104124188423157,0.970895528793335,0.581591784954071,0.9954439401626587,0.5620859265327454,1.021331787109375,0.5675321817398071,0.8658447861671448,0.5335632562637329,0.9663537740707397,0.5338061451911926,1.038571834564209,0.5391535758972168,1.0878432989120483,0.5660386085510254,0.8565031886100769,0.5238209962844849,0.9776002168655396,0.5278090238571167,1.058578372001648,0.5378519892692566,1.1079883575439453,0.5703259110450745,0.8619126677513123,0.5238564014434814,0.9757308959960938,0.5319327712059021,1.052775263786316,0.5474217534065247,1.097917079925537,0.580391526222229,0.8804253339767456,0.5498267412185669,0.9705111980438232,0.5544414520263672,1.0259449481964111,0.5663498044013977,1.0654082298278809,PALM
0.7119048237800598,0.8749985098838806,0.6703857779502869,0.9351503252983093,0.6322582364082336,0.9686234593391418,0.6040169596672058,0.9968169927597046,0.5805140733718872,1.0235999822616577,0.5887387990951538,0.8791036605834961,0.5549970269203186,0.9407145977020264,0.5511288046836853,0.9931946992874146,0.5543586015701294,1.0272833108901978,0.583407998085022,0.8721477389335632,0.5469112396240234,0.9526756405830383,0.5482019782066345,1.010073184967041,0.5545580983161926,1.0431324243545532,0.5837590098381042,0.8772711753845215,0.54499751329422,0.9615234136581421,0.5505155324935913,1.0144997835159302,0.5596280097961426,1.0421983003616333,0.5868118405342102,0.896036684513092,0.5506983399391174,0.9663947820663452,0.5514155626296997,1.0062000751495361,0.5588052868843079,1.0294138193130493,PALM
0.70836341381073,0.8683755397796631,0.6759253740310669,0.929193913936615,0.6392160654067993,0.9699571132659912,0.6130286455154419,1.0020452737808228,0.5908846259117126,1.0339832305908203,0.59637051820755,0.8795616030693054,0.5658056735992432,0.9419662952423096,0.5598077774047852,0.9930153489112854,0.5626463890075684,1.0292105674743652,0.5882076025009155,0.8739290833473206,0.5560336709022522,0.9557698369026184,0.559808611869812,1.0122817754745483,0.569823682308197,1.0416189432144165,0.5851749777793884,0.8818078637123108,0.5521081686019897,0.9638146162033081,0.5608872771263123,1.0166068077087402,0.5734763741493225,1.0420901775360107,0.5855162143707275,0.9037262201309204,0.556900143623352,0.9746401906013489,0.5627243518829346,1.0141345262527466,0.5749536752700806,1.0353593826293945,PALM
0.7035086750984192,0.8714413046836853,0.6746380925178528,0.9307632446289062,0.6391077637672424,0.9711865782737732,0.6135571599006653,1.0031603574752808,0.5905787944793701,1.032498836517334,0.5970000624656677,0.881965696811676,0.567345917224884,0.9418630003929138,0.5612760782241821,0.9912983775138855,0.5614979267120361,1.0247106552124023,0.5885295867919922,0.8755696415901184,0.5559656023979187,0.9491472244262695,0.5569766759872437,1.0031511783599854,0.5635138750076294,1.0319119691848755,0.5855333209037781,0.883305013179779,0.5517836809158325,0.957875669002533,0.5592464804649353,1.0099414587020874,0.5695299506187439,1.035080909729004,0.5859012603759766,0.9061063528060913,0.5571554899215698,0.9732575416564941,0.5624025464057922,1.0121554136276245,0.5735421180725098,1.0328702926635742,PALM
0.6986191272735596,0.8733690977096558,0.6684516668319702,0.9323328733444214,0.6332520246505737,0.9701911211013794,0.6090146899223328,1.0019662380218506,0.5874937772750854,1.0312250852584839,0.5920721292495728,0.8830956816673279,0.56397545337677,0.941540002822876,0.559567391872406,0.9908556342124939,0.5608201622962952,1.0237853527069092,0.5845807194709778,0.8768814206123352,0.5535590648651123,0.9507681131362915,0.55573970079422,1.0030322074890137,0.5627453327178955,1.0301729440689087,0.5828512907028198,0.884661078453064,0.55123370885849,0.9603280425071716,0.5590776205062866,1.01026451587677,0.5692344903945923,1.0334886312484741,0.5844936966896057,0.90704345703125,0.5577436685562134,0.9737977981567383,0.5624722242355347,1.013005256652832,0.5727677941322327,1.034588098526001,PALM
0.696979820728302,0.8717191815376282,0.6700523495674133,0.9313282370567322,0.6350607872009277,0.969851553440094,0.6110967993736267,1.0009230375289917,0.5891875624656677,1.0293716192245483,0.5947733521461487,0.8849096894264221,0.5671170353889465,0.940741240978241,0.5600823163986206,0.9884254932403564,0.5592127442359924,1.0219335556030273,0.5865573883056641,0.8777909278869629,0.5549954175949097,0.9473840594291687,0.5523325204849243,1.0007883310317993,0.5563819408416748,1.0316004753112793,0.5836784839630127,0.8844500780105591,0.550859272480011,0.9572665691375732,0.5543601512908936,1.0086870193481445,0.5620285272598267,1.0354392528533936,0.5841054916381836,0.9055637121200562,0.5571897029876709,0.9703200459480286,0.5602193474769592,1.00990891456604,0.5693081617355347,1.0331085920333862,PALM
0.6934288740158081,0.8688756227493286,0.667133629322052,0.9318518042564392,0.6327699422836304,0.9703109264373779,0.6101983189582825,1.0012013912200928,0.5894727110862732,1.0301116704940796,0.5926593542098999,0.8915166854858398,0.5660800933837891,0.9461637735366821,0.5591854453086853,0.9940193891525269,0.5579038262367249,1.0287110805511475,0.5844472646713257,0.8837932348251343,0.5534950494766235,0.9513468742370605,0.548360288143158,1.0053731203079224,0.5511948466300964,1.0407706499099731,0.5818781852722168,0.888408362865448,0.5494509339332581,0.9602412581443787,0.5503414869308472,1.0132851600646973,0.5559788942337036,1.0456061363220215,0.5824813842773438,0.9070463180541992,0.5550220608711243,0.9722209572792053,0.5570180416107178,1.0120559930801392,0.5648403763771057,1.037939190864563,PALM
0.6899034380912781,0.8714959621429443,0.6660928130149841,0.9310958385467529,0.630097508430481,0.9672099947929382,0.6057755351066589,0.9950827360153198,0.585300862789154,1.0248603820800781,0.5878071188926697,0.8900670409202576,0.5586196184158325,0.9512822031974792,0.5502715110778809,1.004122018814087,0.5470333099365234,1.0427439212799072,0.5799260139465332,0.8811726570129395,0.5474852323532104,0.9568328857421875,0.5393918752670288,1.0149750709533691,0.5388175845146179,1.0572783946990967,0.5787972211837769,0.8869609832763672,0.5429722666740417,0.9622320532798767,0.5394408106803894,1.0210009813308716,0.5413385629653931,1.064696192741394,0.5816672444343567,0.908496618270874,0.5521730780601501,0.9751509428024292,0.5510134696960449,1.0170903205871582,0.5564912557601929,1.0497536659240723,PALM
0.677009105682373,0.8756051063537598,0.6525928974151611,0.9364322423934937,0.6171190142631531,0.9726045727729797,0.5921350717544556,0.9995599389076233,0.5729516744613647,1.0255658626556396,0.5723110437393188,0.8937790393829346,0.5414204001426697,0.958375096321106,0.5321571230888367,1.013303279876709,0.5304554104804993,1.0515618324279785,0.5672020316123962,0.8856294751167297,0.5316203832626343,0.9612932801246643,0.5243567228317261,1.0172146558761597,0.5228604674339294,1.0557788610458374,0.5697982907295227,0.891545295715332,0.5304783582687378,0.9671809077262878,0.5250120162963867,1.0220928192138672,0.5246317982673645,1.061997413635254,0.5773838758468628,0.913873016834259,0.5467478632926941,0.9818606376647949,0.5418303608894348,1.0223972797393799,0.5421942472457886,1.0530123710632324,PALM
0.6569679975509644,0.8794585466384888,0.626802921295166,0.957004189491272,0.5912476181983948,0.9803334474563599,0.5667332410812378,0.9981145262718201,0.5487919449806213,1.0174731016159058,0.5509437918663025,0.8991918563842773,0.5132569074630737,0.9500032067298889,0.496123731136322,0.9965438842773438,0.4875105023384094,1.0321626663208008,0.5499557256698608,0.8886589407920837,0.5038139820098877,0.9503020644187927,0.4870557487010956,1.0042495727539062,0.47972482442855835,1.0416828393936157,0.5572433471679688,0.8945400714874268,0.513029932975769,0.9622184038162231,0.4976179599761963,1.0136375427246094,0.49150654673576355,1.0503612756729126,0.5718179941177368,0.9204084277153015,0.541010320186615,0.9856674671173096,0.5341004729270935,1.0253610610961914,0.5336596965789795,1.0556375980377197,PALM
0.6323344111442566,0.8933731913566589,0.5993309617042542,0.9517302513122559,0.5608490109443665,0.9738921523094177,0.5317490100860596,0.9868676662445068,0.5113818645477295,1.0047131776809692,0.5210829377174377,0.9203658699989319,0.48459598422050476,0.975818395614624,0.4702428877353668,1.0204076766967773,0.4628903865814209,1.0509798526763916,0.5237720608711243,0.9117496609687805,0.483158677816391,0.9803226590156555,0.4699363112449646,1.029200792312622,0.4635986089706421,1.0625864267349243,0.5337103605270386,0.9163371920585632,0.4973641037940979,0.9886597990989685,0.48469606041908264,1.0383377075195312,0.47839677333831787,1.0733957290649414,0.5495646595954895,0.9350563287734985,0.5241386890411377,0.9964927434921265,0.5159240961074829,1.0341304540634155,0.5119896531105042,1.0638517141342163,PALM
0.4489407539367676,0.6786816716194153,0.4977254569530487,0.6406850814819336,0.5333619117736816,0.5738838315010071,0.558099627494812,0.5120683312416077,0.5772983431816101,0.47602859139442444,0.48560187220573425,0.44854429364204407,0.5009216070175171,0.36844781041145325,0.5079208016395569,0.322763055562973,0.5095555782318115,0.28502148389816284,0.4546734392642975,0.43808120489120483,0.4510919749736786,0.34230154752731323,0.4482906758785248,0.290965735912323,0.4425620436668396,0.25000545382499695,0.4284551739692688,0.4518735706806183,0.4094957113265991,0.3744121193885803,0.39864516258239746,0.3253803551197052,0.3871011435985565,0.28155359625816345,0.40388423204421997,0.4831203520298004,0.37807324528694153,0.4311109483242035,0.3595646321773529,0.4040500521659851,0.34357643127441406,0.3773981034755707,PALM
0.44151976704597473,0.668584942817688,0.4894407093524933,0.6351304054260254,0.5245550274848938,0.5693063139915466,0.5503474473953247,0.5072029829025269,0.5717275738716125,0.46935001015663147,0.4753563702106476,0.44165101647377014,0.4896695613861084,0.36271849274635315,0.4962884783744812,0.3151828944683075,0.49852290749549866,0.27596932649612427,0.44362837076187134,0.4320182800292969,0.4401337504386902,0.3408876657485962,0.43767228722572327,0.28758469223976135,0.43240851163864136,0.24491335451602936,0.41750824451446533,0.445176362991333,0.39868777990341187,0.3724061846733093,0.3883911073207855,0.3256954848766327,0.3780955374240875,0.2858191132545471,0.3937046229839325,0.47556957602500916,0.3661324679851532,0.43076959252357483,0.34797921776771545,0.40568995475769043,0.33323803544044495,0.3826085031032562,PALM
0.44071659445762634,0.674566924571991,0.4872282147407532,0.6386063694953918,0.5220080614089966,0.568540632724762,0.548977255821228,0.5108563899993896,0.5707686543464661,0.4764508306980133,0.46999451518058777,0.4408957362174988,0.4835966229438782,0.36129191517829895,0.4899863004684448,0.3128882944583893,0.491956502199173,0.2736549377441406,0.4380023777484894,0.4349954426288605,0.43235835433006287,0.3409344553947449,0.4298064112663269,0.28563764691352844,0.4243466854095459,0.24300876259803772,0.4111945927143097,0.45227566361427307,0.39191487431526184,0.3756006062030792,0.3810810148715973,0.3258066177368164,0.3703291714191437,0.2843356728553772,0.38799479603767395,0.4861661493778229,0.36134758591651917,0.4380270838737488,0.3428632915019989,0.41123369336128235,0.3273777365684509,0.3864382803440094,PALM
0.44578227400779724,0.6873371005058289,0.4921271502971649,0.6480949521064758,0.5268935561180115,0.5794916749000549,0.5562512874603271,0.5241751074790955,0.5811678171157837,0.49184536933898926,0.473782479763031,0.45076361298561096,0.4863634705543518,0.3700766861438751,0.49162551760673523,0.319469153881073,0.4925030767917633,0.2785119414329529,0.4410003125667572,0.44239115715026855,0.43364542722702026,0.34923914074897766,0.4295419156551361,0.2958337366580963,0.4225175380706787,0.2521084249019623,0.4136917293071747,0.4579660892486572,0.3927640914916992,0.3828677833080292,0.38057366013526917,0.33563533425331116,0.3690071702003479,0.29478970170021057,0.3906828463077545,0.49216610193252563,0.3599129319190979,0.4488467574119568,0.339826375246048,0.4246232807636261,0.32306569814682007,0.40300020575523376,PALM
0.4508511424064636,0.7058637142181396,0.4985845685005188,0.6686611771583557,0.5395131707191467,0.6037261486053467,0.5716553330421448,0.5503290295600891,0.6000899076461792,0.5178892016410828,0.48478883504867554,0.47048720717430115,0.49983105063438416,0.38297420740127563,0.5068506598472595,0.3329367935657501,0.5102400183677673,0.2895253002643585,0.452634334564209,0.46077778935432434,0.44920527935028076,0.365596204996109,0.4463764429092407,0.3104972541332245,0.4412727952003479,0.2668912708759308,0.4241885840892792,0.4757215976715088,0.40751320123672485,0.3941950500011444,0.3970010280609131,0.3450302481651306,0.3868057429790497,0.3016258478164673,0.399471640586853,0.5098657011985779,0.37511390447616577,0.4642519950866699,0.3569319546222687,0.4387630820274353,0.34022748470306396,0.41418758034706116,PALM
0.4532220661640167,0.7136155366897583,0.5006221532821655,0.6737958788871765,0.5390227437019348,0.6092866063117981,0.5742121338844299,0.5586928725242615,0.6042381525039673,0.5313776135444641,0.4873843789100647,0.47571155428886414,0.5028930902481079,0.38635748624801636,0.5092073678970337,0.331965833902359,0.5112870335578918,0.2869200110435486,0.4539857804775238,0.46974292397499084,0.4489724040031433,0.3696622848510742,0.4451459050178528,0.3109172284603119,0.4385635256767273,0.2644605338573456,0.42539718747138977,0.4879492521286011,0.4059394598007202,0.40528860688209534,0.39392587542533875,0.3534342646598816,0.38269078731536865,0.30898454785346985,0.4015483856201172,0.524296224117279,0.3743205964565277,0.47706589102745056,0.3545188903808594,0.44806039333343506,0.3373314440250397,0.42037323117256165,PALM
0.45063379406929016,0.7271643280982971,0.4989274740219116,0.6836130619049072,0.5368514060974121,0.6148110032081604,0.5714578032493591,0.5610294342041016,0.6011788845062256,0.5319663882255554,0.4816633462905884,0.48393216729164124,0.49390867352485657,0.3920634388923645,0.499957412481308,0.33706921339035034,0.5025594830513,0.29022085666656494,0.4471774101257324,0.47898557782173157,0.4385787546634674,0.37768667936325073,0.4328920841217041,0.3176194131374359,0.42539119720458984,0.2703360915184021,0.41877034306526184,0.4989774227142334,0.3952273726463318,0.417146772146225,0.38137051463127136,0.36562231183052063,0.36934229731559753,0.3202352225780487,0.395515501499176,0.5385699272155762,0.36668381094932556,0.4909050166606903,0.3466126024723053,0.4612255394458771,0.3296549618244171,0.43031635880470276,PALM
0.44718825817108154,0.7415467500686646,0.4925087094306946,0.6913440227508545,0.5288950204849243,0.6189125776290894,0.5633663535118103,0.5621979236602783,0.5930976271629333,0.5313050746917725,0.47104111313819885,0.4912436008453369,0.4798544943332672,0.397853821516037,0.4836280643939972,0.3423769772052765,0.4837492108345032,0.29513493180274963,0.43664905428886414,0.4889813959598541,0.42280974984169006,0.388568252325058,0.41473326086997986,0.3309588134288788,0.40499165654182434,0.2843516170978546,0.4095182716846466,0.5115051865577698,0.379406601190567,0.4316822290420532,0.3598087728023529,0.3839045763015747,0.34269052743911743,0.34174758195877075,0.3881533443927765,0.5539506673812866,0.35385823249816895,0.5069989562034607,0.330180287361145,0.4775380492210388,0.30999040603637695,0.4458400309085846,PALM
0.4377818703651428,0.7543009519577026,0.4839932322502136,0.7014870643615723,0.5201200842857361,0.6270185708999634,0.5543789863586426,0.5703331232070923,0.5826741456985474,0.5392355918884277,0.45847225189208984,0.5001702904701233,0.4652636647224426,0.40690627694129944,0.46699461340904236,0.3531842529773712,0.4654574394226074,0.3092120587825775,0.42411330342292786,0.4990708827972412,0.408744752407074,0.4009132981300354,0.39881935715675354,0.34661251306533813,0.38745826482772827,0.30564403533935547,0.39826416969299316,0.521780252456665,0.3673088848590851,0.4466721713542938,0.3476096987724304,0.40574079751968384,0.33065229654312134,0.3714919686317444,0.3777170777320862,0.5638025403022766,0.3439790606498718,0.5196142792701721,0.3203985095024109,0.49307605624198914,0.3008350431919098,0.46629512310028076,PALM
0.4343353509902954,0.7642724514007568,0.4813893139362335,0.716465175151825,0.5178921222686768,0.6444829106330872,0.554457426071167,0.5946588516235352,0.5850757956504822,0.5690011978149414,0.4580361843109131,0.5111375451087952,0.4647631049156189,0.4255310893058777,0.4664338529109955,0.37248241901397705,0.4658248722553253,0.33197298645973206,0.4234238266944885,0.5111706256866455,0.40855076909065247,0.4149652123451233,0.3999433219432831,0.3629634976387024,0.390142023563385,0.3248933255672455,0.3974652588367462,0.5321646928787231,0.3683532476425171,0.4590001106262207,0.35266146063804626,0.42449817061424255,0.3386949896812439,0.39735597372055054,0.3763456344604492,0.5707441568374634,0.34519508481025696,0.5265955328941345,0.32176145911216736,0.5008547306060791,0.3011561930179596,0.4761795401573181,PALM
0.4352658689022064,0.7659124135971069,0.4808681309223175,0.7203550338745117,0.5173844695091248,0.6507081389427185,0.5524364113807678,0.5990661978721619,0.5821845531463623,0.570751428604126,0.45726317167282104,0.519699215888977,0.46363377571105957,0.4304322600364685,0.46473273634910583,0.3762437105178833,0.4634510576725006,0.3350098431110382,0.42233338952064514,0.5189513564109802,0.4070435166358948,0.4208299517631531,0.3977617621421814,0.3700445294380188,0.3875291347503662,0.3348468542098999,0.39598557353019714,0.539088249206543,0.36635011434555054,0.4666028320789337,0.35066235065460205,0.4259833097457886,0.3371027410030365,0.3934243619441986,0.3752681314945221,0.5764345526695251,0.34327754378318787,0.5347574949264526,0.3205743730068207,0.5105701088905334,0.3014259338378906,0.4872036874294281,PALM
0.4327276349067688,0.7681614756584167,0.4793303310871124,0.7226271629333496,0.5159454941749573,0.6521310210227966,0.5511415004730225,0.5980054140090942,0.580841064453125,0.5692079663276672,0.4543258547782898,0.5209175944328308,0.46145281195640564,0.43244606256484985,0.46279656887054443,0.378111869096756,0.4615037739276886,0.336457759141922,0.41979876160621643,0.5200623273849487,0.40502217411994934,0.4222600758075714,0.3962900936603546,0.37101197242736816,0.386248916387558,0.33483272790908813,0.3941389322280884,0.540540874004364,0.3650118112564087,0.4718872904777527,0.34910231828689575,0.4312562644481659,0.3345573842525482,0.3980714976787567,0.3738963007926941,0.5780951380729675,0.34126535058021545,0.5382122993469238,0.3182181715965271,0.5138521790504456,0.2982144355773926,0.4895245432853699,PALM
0.4302016496658325,0.7716301083564758,0.4781554043292999,0.7268170714378357,0.5152122974395752,0.6560278534889221,0.5501670241355896,0.6013433337211609,0.5805246829986572,0.5726848840713501,0.4531130790710449,0.5232198238372803,0.4608885943889618,0.4346446692943573,0.46247994899749756,0.37976059317588806,0.4612930119037628,0.3378828465938568,0.41852298378944397,0.522819995880127,0.4043462574481964,0.4239470660686493,0.39579129219055176,0.371489554643631,0.38572463393211365,0.33465316891670227,0.39254486560821533,0.5435589551925659,0.36382877826690674,0.47487905621528625,0.34820571541786194,0.43326812982559204,0.3338238298892975,0.3989522159099579,0.3717825412750244,0.5806945562362671,0.33942246437072754,0.5401763916015625,0.31671828031539917,0.51579749584198,0.2968825399875641,0.4910610616207123,PALM
0.42539897561073303,0.7769191265106201,0.4747757911682129,0.7373936176300049,0.5154299736022949,0.6721747517585754,0.5526738166809082,0.6233343482017517,0.586288332939148,0.6021603941917419,0.4612453281879425,0.5312610864639282,0.4739922881126404,0.44804608821868896,0.478349894285202,0.3950384855270386,0.47966206073760986,0.35416316986083984,0.4281141757965088,0.5237219929695129,0.42052900791168213,0.4229413568973541,0.41509920358657837,0.36990752816200256,0.408020555973053,0.33302050828933716,0.4013465344905853,0.5387751460075378,0.37842896580696106,0.46021708846092224,0.3662826418876648,0.4192548394203186,0.3556574881076813,0.38734325766563416,0.3782036304473877,0.5726585388183594,0.3480474054813385,0.5258693695068359,0.3266146779060364,0.49470874667167664,0.3080599009990692,0.4645659029483795,PALM
0.4098969101905823,0.8047206997871399,0.46279340982437134,0.771946370601654,0.5086565017700195,0.7156658172607422,0.5527995228767395,0.6776295900344849,0.5868719816207886,0.6595115661621094,0.46850237250328064,0.561958372592926,0.4919073283672333,0.4753918945789337,0.5030679702758789,0.41652175784111023,0.5106600522994995,0.37260758876800537,0.4338047206401825,0.5450816750526428,0.4379650056362152,0.43616193532943726,0.4405387043952942,0.3737218976020813,0.44135919213294983,0.3262278139591217,0.4037163257598877,0.5533510446548462,0.38987767696380615,0.4632107615470886,0.3850252330303192,0.41077539324760437,0.3810116648674011,0.3691818118095398,0.3754124641418457,0.5836662650108337,0.350304514169693,0.5265470743179321,0.33221471309661865,0.4882411062717438,0.31751635670661926,0.4527442157268524,PALM
0.3978954255580902,0.8347562551498413,0.4537368416786194,0.804200291633606,0.5004574060440063,0.7417452931404114,0.541313648223877,0.6999629139900208,0.5759909152984619,0.6824515461921692,0.4558647572994232,0.5828537940979004,0.4791319966316223,0.48827311396598816,0.4920955002307892,0.42878976464271545,0.5013200044631958,0.3783499002456665,0.4204387366771698,0.5660446286201477,0.42403608560562134,0.45484304428100586,0.4276975095272064,0.3869912922382355,0.4292093813419342,0.3332832455635071,0.3898032307624817,0.5775366425514221,0.3742249310016632,0.4846971929073334,0.36863547563552856,0.4323202073574066,0.3648018538951874,0.3877522051334381,0.3614259958267212,0.6131354570388794,0.3341275155544281,0.5513761043548584,0.3160678446292877,0.5102577209472656,0.302202433347702,0.469601571559906,PALM
0.3990383446216583,0.840614914894104,0.4534813165664673,0.8070448637008667,0.4987940192222595,0.7457974553108215,0.5386984944343567,0.7050825953483582,0.5736066102981567,0.6891033053398132,0.4574240446090698,0.5831323266029358,0.48151111602783203,0.4892786741256714,0.49438533186912537,0.42862939834594727,0.5034700632095337,0.3772353231906891,0.4204714298248291,0.5684172511100769,0.42454755306243896,0.45543229579925537,0.42902541160583496,0.38633278012275696,0.4309704601764679,0.330647736787796,0.3877563178539276,0.5818780064582825,0.37209856510162354,0.48480576276779175,0.36742860078811646,0.42408400774002075,0.36455443501472473,0.37145546078681946,0.35846856236457825,0.6179754137992859,0.3306618928909302,0.5549308061599731,0.3119896352291107,0.5119594931602478,0.2973369061946869,0.46960338950157166,PALM
0.4010767638683319,0.8433655500411987,0.45586010813713074,0.8111522793769836,0.500783383846283,0.748279333114624,0.53999263048172,0.7059592604637146,0.5742987990379333,0.689808189868927,0.4584718942642212,0.5845898389816284,0.48227497935295105,0.4910259544849396,0.49461081624031067,0.4297110140323639,0.5029747486114502,0.3777099847793579,0.421168714761734,0.5679872632026672,0.42518922686576843,0.4537658095359802,0.4288579821586609,0.3850330710411072,0.4300639033317566,0.3304186761379242,0.3883398473262787,0.5802052021026611,0.37391823530197144,0.4825189411640167,0.3697359263896942,0.4239374101161957,0.3667774200439453,0.3740672767162323,0.35833126306533813,0.6160899996757507,0.33051925897598267,0.5540156364440918,0.3120758831501007,0.5109320282936096,0.29713180661201477,0.4692035913467407,PALM
0.4016856551170349,0.8454023599624634,0.4573405981063843,0.8137875199317932,0.5022273659706116,0.7496841549873352,0.5410427451133728,0.7076467275619507,0.5759812593460083,0.6953765749931335,0.4597634971141815,0.5859504342079163,0.4841712713241577,0.4925830364227295,0.49636372923851013,0.4309830367565155,0.504144012928009,0.38013771176338196,0.4230498969554901,0.5697698593139648,0.4281414747238159,0.45507553219795227,0.4322558641433716,0.38559553027153015,0.4338259994983673,0.3307601511478424,0.39056816697120667,0.5815091729164124,0.3771165907382965,0.48271751403808594,0.3732689917087555,0.42315444350242615,0.3707120716571808,0.37279966473579407,0.3608340919017792,0.6169314384460449,0.3328254818916321,0.5546478629112244,0.3145756125450134,0.5115358829498291,0.29964303970336914,0.47031357884407043,PALM
0.40513134002685547,0.8475390672683716,0.46006765961647034,0.8161609768867493,0.50490403175354,0.7529321908950806,0.5442655682563782,0.7124332785606384,0.5797787308692932,0.700330913066864,0.4628024995326996,0.5879886150360107,0.4880099594593048,0.4951494038105011,0.5006921291351318,0.4346078336238861,0.5091074705123901,0.38561898469924927,0.4267314374446869,0.5714691281318665,0.4325237572193146,0.4555972218513489,0.43685978651046753,0.3860394060611725,0.4387417137622833,0.3319074809551239,0.3944532871246338,0.5821437835693359,0.38132503628730774,0.48275840282440186,0.37722277641296387,0.4234657883644104,0.3746401071548462,0.3740686774253845,0.3648427426815033,0.6157481074333191,0.3374592661857605,0.5527914762496948,0.3192831575870514,0.5091699957847595,0.3043498992919922,0.46758243441581726,PALM
0.4087139368057251,0.848322868347168,0.4640016257762909,0.8183614015579224,0.50848788022995,0.7550946474075317,0.5483089685440063,0.7141472101211548,0.5844938158988953,0.704674482345581,0.4671202600002289,0.5891166925430298,0.49427223205566406,0.4961746037006378,0.5074202418327332,0.43589353561401367,0.5157737135887146,0.3896619975566864,0.4311666488647461,0.572715699672699,0.43841469287872314,0.455308735370636,0.4437251389026642,0.3868641257286072,0.4462733268737793,0.33437100052833557,0.39926058053970337,0.5825312733650208,0.38777396082878113,0.4807463586330414,0.38512852787971497,0.4221615195274353,0.38350579142570496,0.3743359446525574,0.370082288980484,0.6154267191886902,0.3429749310016632,0.5512495040893555,0.3251093327999115,0.5069648623466492,0.3104013502597809,0.46546873450279236,PALM
0.4031083285808563,0.8362267017364502,0.4579196274280548,0.8054237365722656,0.5032772421836853,0.743029773235321,0.5442152619361877,0.7049306631088257,0.5784072875976562,0.6954272985458374,0.46556174755096436,0.5786277055740356,0.49187028408050537,0.48992985486984253,0.5051648020744324,0.4325999319553375,0.5133094191551208,0.38807645440101624,0.432317316532135,0.5608813166618347,0.4394516944885254,0.44631198048591614,0.4446471929550171,0.37935346364974976,0.4461089074611664,0.3272073268890381,0.40260985493659973,0.5685604810714722,0.39124372601509094,0.466234415769577,0.38814353942871094,0.40850597620010376,0.3849007487297058,0.3602702021598816,0.3748418688774109,0.5987247824668884,0.3489491641521454,0.5351873636245728,0.33156725764274597,0.48991480469703674,0.31694844365119934,0.44732609391212463,PALM
0.3814564645290375,0.8130698800086975,0.4290904104709625,0.7757638692855835,0.4636399745941162,0.7137142419815063,0.49112603068351746,0.6789507269859314,0.5171123743057251,0.6607459187507629,0.45103219151496887,0.5630360245704651,0.46826454997062683,0.47868379950523376,0.47739285230636597,0.43229588866233826,0.4855107069015503,0.3879992961883545,0.43369513750076294,0.5465317964553833,0.4378376007080078,0.4321073889732361,0.4432879090309143,0.3627298176288605,0.4464074373245239,0.3068513870239258,0.41531601548194885,0.5550989508628845,0.41191768646240234,0.44755661487579346,0.4127480387687683,0.38263431191444397,0.4135371446609497,0.32508906722068787,0.3979649841785431,0.5849618911743164,0.38759082555770874,0.5111340880393982,0.3818231225013733,0.46179187297821045,0.37575528025627136,0.41643431782722473,PALM
0.35645225644111633,0.7913037538528442,0.38666775822639465,0.6925922632217407,0.40776360034942627,0.6056756973266602,0.4214693009853363,0.5465139150619507,0.43190842866897583,0.4930032193660736,0.4176477789878845,0.5669544339179993,0.4321182370185852,0.459564208984375,0.4328846037387848,0.393821120262146,0.43303805589675903,0.3399428129196167,0.4207506477832794,0.5652228593826294,0.4318786859512329,0.4292605221271515,0.4308372735977173,0.3529697060585022,0.42790812253952026,0.2959502637386322,0.4181523323059082,0.5764323472976685,0.43074995279312134,0.44155290722846985,0.42959317564964294,0.3729360103607178,0.42774784564971924,0.3169115483760834,0.41355952620506287,0.5951654314994812,0.42219871282577515,0.5160614252090454,0.42512238025665283,0.4634152948856354,0.42687100172042847,0.41555336117744446,PALM
0.3460022807121277,0.7742680311203003,0.3205154836177826,0.6968216896057129,0.3162933588027954,0.6367450952529907,0.313449889421463,0.5867190957069397,0.3103519082069397,0.5540393590927124,0.36734646558761597,0.539004921913147,0.37591028213500977,0.43187907338142395,0.380575954914093,0.365120530128479,0.3846449553966522,0.3178033232688904,0.3921411633491516,0.5465975403785706,0.4175552427768707,0.42154595255851746,0.43297645449638367,0.34990784525871277,0.44460970163345337,0.29678624868392944,0.4172460734844208,0.5734645128250122,0.44746124744415283,0.4625493288040161,0.4689417779445648,0.39907947182655334,0.4879171848297119,0.35032346844673157,0.4396618604660034,0.614743173122406,0.47910889983177185,0.5539100170135498,0.5032704472541809,0.515591561794281,0.524971604347229,0.48308077454566956,PALM
0.3538077473640442,0.765436053276062,0.31927230954170227,0.689243495464325,0.3069377541542053,0.6233208179473877,0.3005310893058777,0.5698253512382507,0.2928994596004486,0.5312256217002869,0.3708343505859375,0.5300657153129578,0.3763137459754944,0.4244352877140045,0.37783268094062805,0.3594719171524048,0.3786576986312866,0.3091453015804291,0.40033257007598877,0.537865936756134,0.42430418729782104,0.4182857573032379,0.439456969499588,0.3451293110847473,0.4521457850933075,0.2922248840332031,0.42659273743629456,0.565998911857605,0.4542124569416046,0.4644186794757843,0.47612571716308594,0.401730477809906,0.49506691098213196,0.3531666398048401,0.4482218325138092,0.6078576445579529,0.4876205623149872,0.5572801232337952,0.5129574537277222,0.5241870880126953,0.5349313616752625,0.4954918622970581,PALM
0.3645783066749573,0.7795601487159729,0.32781288027763367,0.702463686466217,0.31189224123954773,0.631680428981781,0.3020138740539551,0.5737695693969727,0.29146310687065125,0.5340534448623657,0.37712913751602173,0.5470505356788635,0.3821987807750702,0.4301517903804779,0.38505128026008606,0.3626730144023895,0.38743218779563904,0.30983152985572815,0.4077562689781189,0.5570385456085205,0.43260255455970764,0.42908722162246704,0.44911304116249084,0.35447874665260315,0.4631901681423187,0.3000207543373108,0.434259295463562,0.5864664912223816,0.4632188379764557,0.4752500057220459,0.485538512468338,0.41120368242263794,0.5049865245819092,0.3613819479942322,0.4545437693595886,0.6289917230606079,0.49394646286964417,0.5739386677742004,0.5198362469673157,0.5381991267204285,0.542963445186615,0.5058515071868896,PALM
0.3687592148780823,0.7848392724990845,0.32973939180374146,0.7057618498802185,0.30916014313697815,0.62897789478302,0.29471659660339355,0.5698244571685791,0.28138014674186707,0.5307769775390625,0.37718239426612854,0.5492781400680542,0.38205888867378235,0.43483930826187134,0.3845073878765106,0.3660489320755005,0.38787853717803955,0.31237465143203735,0.40967872738838196,0.5583128333091736,0.4349653124809265,0.43700847029685974,0.45113563537597656,0.3621869385242462,0.46563780307769775,0.30735382437705994,0.43657419085502625,0.5881931185722351,0.4684765934944153,0.48685503005981445,0.4906425476074219,0.42480483651161194,0.5093889236450195,0.37607669830322266,0.45694342255592346,0.6313215494155884,0.49518445134162903,0.5786359906196594,0.5201852917671204,0.5461065769195557,0.5420603156089783,0.5169513821601868,PALM
0.3763587772846222,0.7921317219734192,0.3328094780445099,0.7112075686454773,0.3102891445159912,0.6328961849212646,0.29072141647338867,0.570543110370636,0.27154314517974854,0.5323206186294556,0.38102617859840393,0.5501992106437683,0.38444843888282776,0.4332856833934784,0.38680267333984375,0.36606544256210327,0.39154455065727234,0.3121612071990967,0.414581835269928,0.5599340796470642,0.43709614872932434,0.4391961395740509,0.4520251452922821,0.3664145767688751,0.46646201610565186,0.31400027871131897,0.44103294610977173,0.5918574929237366,0.4725280702114105,0.49362730979919434,0.49495863914489746,0.43473997712135315,0.5144975781440735,0.3888077437877655,0.4599286913871765,0.6342140436172485,0.4971737563610077,0.5818552374839783,0.5210787057876587,0.5525606870651245,0.5432703495025635,0.5275349020957947,PALM
0.38825803995132446,0.7880111932754517,0.34083056449890137,0.710888147354126,0.3149368464946747,0.6338832378387451,0.2923997938632965,0.5700003504753113,0.27333128452301025,0.5289757251739502,0.3882412612438202,0.5548557639122009,0.3903842866420746,0.4353814423084259,0.39270713925361633,0.36778202652931213,0.3976583480834961,0.3136104643344879,0.42244526743888855,0.5654393434524536,0.4442366063594818,0.4453713595867157,0.4588775038719177,0.3735184967517853,0.4731784462928772,0.32083660364151,0.4481891095638275,0.5972737073898315,0.4788464605808258,0.49947282671928406,0.5008893013000488,0.44215676188468933,0.5202051401138306,0.39686739444732666,0.4650290608406067,0.638398289680481,0.49869370460510254,0.5879203677177429,0.5212962627410889,0.5603155493736267,0.5426086783409119,0.536165714263916,PALM
0.39552322030067444,0.7874662280082703,0.34710976481437683,0.7143726348876953,0.32178735733032227,0.6378931999206543,0.29922863841056824,0.5726491212844849,0.2792159914970398,0.5334578156471252,0.3952740728855133,0.5569145679473877,0.3988130986690521,0.4347277581691742,0.4020411968231201,0.369223952293396,0.40806686878204346,0.31535208225250244,0.4296938478946686,0.5668074488639832,0.453232079744339,0.44789958000183105,0.4687792658805847,0.3771541714668274,0.4834457337856293,0.3246864676475525,0.45537152886390686,0.5981928110122681,0.48703980445861816,0.506995677947998,0.5096063017845154,0.45293310284614563,0.5294303297996521,0.4106806218624115,0.4715566635131836,0.6387743353843689,0.5066410899162292,0.5920121073722839,0.5299758911132812,0.5681046843528748,0.5513007044792175,0.5470865964889526,PALM
0.39377453923225403,0.795708179473877,0.34825944900512695,0.7169380784034729,0.3235389292240143,0.6392147541046143,0.30140921473503113,0.5761408805847168,0.280778706073761,0.535382091999054,0.3964754641056061,0.5579454302787781,0.39985281229019165,0.43746718764305115,0.40297776460647583,0.37288933992385864,0.4085073471069336,0.3193950653076172,0.43059042096138,0.5682212710380554,0.4524749219417572,0.4502086341381073,0.4685371518135071,0.38003358244895935,0.48415520787239075,0.32808250188827515,0.45423075556755066,0.6012099385261536,0.486273854970932,0.5099581480026245,0.5095735788345337,0.45383015275001526,0.5302180647850037,0.40924692153930664,0.4705398380756378,0.6444961428642273,0.5058705806732178,0.5965896248817444,0.5295172333717346,0.5703498125076294,0.5518031716346741,0.5456228852272034,PALM
0.39174923300743103,0.7931623458862305,0.34694159030914307,0.7168583273887634,0.32223355770111084,0.6408276557922363,0.30198949575424194,0.579721212387085,0.28153499960899353,0.5417195558547974,0.3925740122795105,0.5626523494720459,0.39562246203422546,0.4463309347629547,0.39830657839775085,0.3803454041481018,0.40268540382385254,0.3276843726634979,0.42724162340164185,0.5730412006378174,0.44807013869285583,0.45592981576919556,0.46258559823036194,0.3851177990436554,0.4767853915691376,0.3329736590385437,0.45310330390930176,0.6042910218238831,0.48365122079849243,0.5078577995300293,0.5065849423408508,0.44992613792419434,0.5267217755317688,0.4037482440471649,0.4714182913303375,0.6449487805366516,0.5063430070877075,0.5947283506393433,0.5302237272262573,0.5677799582481384,0.5524332523345947,0.5443823337554932,PALM
0.3934130370616913,0.7838667035102844,0.3467823565006256,0.7120897769927979,0.3220547139644623,0.6404442191123962,0.30176815390586853,0.581580638885498,0.28196707367897034,0.546871542930603,0.39193376898765564,0.5592226982116699,0.39442360401153564,0.44583073258399963,0.3971862196922302,0.37937378883361816,0.4018736481666565,0.3277094066143036,0.42666617035865784,0.5692557692527771,0.447642982006073,0.45194000005722046,0.4617294669151306,0.38143986463546753,0.4756139814853668,0.32939445972442627,0.45330408215522766,0.6004518270492554,0.4834733009338379,0.5029256343841553,0.5050482153892517,0.4455510675907135,0.5240721106529236,0.40014538168907166,0.4718185067176819,0.641785204410553,0.5062375664710999,0.5928897857666016,0.5296089053153992,0.5657995939254761,0.5514463782310486,0.5426181554794312,PALM
0.39198675751686096,0.78643399477005,0.3476507067680359,0.7153071165084839,0.32373133301734924,0.6432055830955505,0.3035474121570587,0.5845925211906433,0.28335314989089966,0.5500156879425049,0.39238888025283813,0.5639585852622986,0.3943570852279663,0.4491371214389801,0.39677420258522034,0.3809722363948822,0.40107572078704834,0.328517884016037,0.42604196071624756,0.5739297270774841,0.44653773307800293,0.45660364627838135,0.4608384072780609,0.38622692227363586,0.47490179538726807,0.3347882032394409,0.45190948247909546,0.6043806076049805,0.48291289806365967,0.5082189440727234,0.5052787661552429,0.4501049220561981,0.524739682674408,0.4042779803276062,0.4703042507171631,0.6446806788444519,0.5057947039604187,0.594865083694458,0.5296772718429565,0.5676564574241638,0.5513044595718384,0.5440894961357117,PALM
0.3925018012523651,0.7869178652763367,0.34648117423057556,0.7153899669647217,0.32290393114089966,0.6453680396080017,0.302874892950058,0.5870251059532166,0.283548504114151,0.552360475063324,0.3927112817764282,0.5617901086807251,0.3950265049934387,0.44756168127059937,0.39743801951408386,0.38087180256843567,0.40183278918266296,0.3295668959617615,0.42715227603912354,0.5732094645500183,0.44779908657073975,0.45570269227027893,0.46200576424598694,0.38489967584609985,0.4762217104434967,0.3321894109249115,0.45315274596214294,0.6049972772598267,0.48291733860969543,0.5065155625343323,0.504856526851654,0.44855502247810364,0.5242990851402283,0.4028894901275635,0.4711262881755829,0.6456699371337891,0.5059635639190674,0.595581591129303,0.5295001268386841,0.5679776072502136,0.5514319539070129,0.5441868901252747,PALM
0.3916419446468353,0.7873083353042603,0.3457951247692108,0.7155471444129944,0.3224535882472992,0.6445872187614441,0.30268388986587524,0.5869559645652771,0.28309109807014465,0.5535724759101868,0.39177367091178894,0.5621145367622375,0.39416438341140747,0.4487367570400238,0.3963390290737152,0.3821984529495239,0.40053680539131165,0.33054065704345703,0.4260137379169464,0.572223424911499,0.4455792009830475,0.4556623101234436,0.4592840373516083,0.38481903076171875,0.47315073013305664,0.33224761486053467,0.4524732530117035,0.603371798992157,0.48244714736938477,0.5053248405456543,0.5041794776916504,0.44726699590682983,0.5235196948051453,0.40118494629859924,0.4712526798248291,0.6440001130104065,0.506219744682312,0.5942974090576172,0.5296127796173096,0.5671598315238953,0.5515499711036682,0.5437007546424866,PALM
0.3907086253166199,0.7894411087036133,0.34619536995887756,0.7178152799606323,0.3231883645057678,0.6477044820785522,0.3040551245212555,0.5898412466049194,0.2849065363407135,0.5563929080963135,0.39172422885894775,0.563576877117157,0.3938242793083191,0.44903603196144104,0.39564505219459534,0.38246214389801025,0.3995990455150604,0.33066365122795105,0.42576801776885986,0.5735617280006409,0.4451577663421631,0.45491012930870056,0.4586701989173889,0.38265910744667053,0.47236254811286926,0.32929742336273193,0.4523617625236511,0.6047724485397339,0.4813287556171417,0.5050212144851685,0.5030670762062073,0.445652574300766,0.5223621129989624,0.3987371623516083,0.4711829125881195,0.6453990936279297,0.5063026547431946,0.5933994054794312,0.5300552248954773,0.5643576383590698,0.5522478818893433,0.5391133427619934,PALM
0.3895905613899231,0.7880510091781616,0.3465847671031952,0.7204289436340332,0.3251849412918091,0.6526981592178345,0.3085598349571228,0.594463586807251,0.2939581871032715,0.5602332949638367,0.3910605311393738,0.5660910606384277,0.39286521077156067,0.4525358974933624,0.3937797546386719,0.3849039673805237,0.39644235372543335,0.3333936035633087,0.42424169182777405,0.5721697807312012,0.44386374950408936,0.452432781457901,0.45710280537605286,0.3782295882701874,0.4691274166107178,0.32513004541397095,0.4525179862976074,0.6000034809112549,0.48152080178260803,0.49976298213005066,0.5023143887519836,0.43787187337875366,0.5196282267570496,0.3897671699523926,0.473456472158432,0.6410737633705139,0.5102781057357788,0.5887706279754639,0.5332292914390564,0.5550930500030518,0.5537484288215637,0.5261361598968506,PALM
0.3862505555152893,0.7782771587371826,0.3532381057739258,0.717425525188446,0.34110596776008606,0.6593034863471985,0.33686310052871704,0.6099734902381897,0.3330784738063812,0.5757931470870972,0.3933495283126831,0.5511339902877808,0.39582663774490356,0.45182469487190247,0.39661985635757446,0.3907678425312042,0.39754003286361694,0.3437071740627289,0.42454034090042114,0.5508260130882263,0.44183894991874695,0.43715476989746094,0.45347288250923157,0.3649740517139435,0.4634515941143036,0.3124374449253082,0.45238959789276123,0.5763438940048218,0.47883713245391846,0.47860124707221985,0.4989893138408661,0.41690781712532043,0.5158889293670654,0.3685593008995056,0.47399359941482544,0.6221862435340881,0.5117206573486328,0.5672016143798828,0.53557950258255,0.5311017632484436,0.5556818842887878,0.4997852146625519,PALM
0.38289040327072144,0.7873742580413818,0.3869988024234772,0.6884837746620178,0.39866071939468384,0.6166687607765198,0.4124007225036621,0.5774018168449402,0.4283455014228821,0.5439363718032837,0.3895246982574463,0.5658712387084961,0.403219074010849,0.4634656310081482,0.41204479336738586,0.40087801218032837,0.4186585247516632,0.3543614149093628,0.3949999511241913,0.5648775100708008,0.40703848004341125,0.4418202042579651,0.41938653588294983,0.36780279874801636,0.4300052523612976,0.31126004457473755,0.4102824926376343,0.5776710510253906,0.4232368767261505,0.45378026366233826,0.4378352463245392,0.382898211479187,0.45167678594589233,0.33041104674339294,0.4398605227470398,0.6016867160797119,0.46339181065559387,0.5220884084701538,0.47899389266967773,0.47055327892303467,0.49295079708099365,0.4270177483558655,PALM
0.3889755606651306,0.807582437992096,0.42638498544692993,0.7439299821853638,0.4371089041233063,0.6848471760749817,0.4454381465911865,0.6516315340995789,0.45824939012527466,0.6216527819633484,0.4086076617240906,0.5856654047966003,0.40830281376838684,0.49886953830718994,0.40509602427482605,0.43809008598327637,0.4035212993621826,0.3864211440086365,0.40403974056243896,0.5794206261634827,0.3982674479484558,0.46770158410072327,0.3958805203437805,0.3931432366371155,0.39471563696861267,0.33128008246421814,0.4024214446544647,0.5848513841629028,0.3995698392391205,0.4695969521999359,0.398739218711853,0.4009202718734741,0.39673006534576416,0.34211140871047974,0.40766772627830505,0.5979844927787781,0.4117313623428345,0.5186474919319153,0.4139162600040436,0.46379634737968445,0.4138101637363434,0.41353124380111694,PALM
0.39766067266464233,0.7930150032043457,0.43884918093681335,0.7486401200294495,0.4585121273994446,0.6862207651138306,0.4743504226207733,0.6489952802658081,0.4939880669116974,0.6282809376716614,0.42294153571128845,0.5535409450531006,0.4166381359100342,0.4695330858230591,0.4108855724334717,0.4230036735534668,0.40587425231933594,0.3829166293144226,0.41297969222068787,0.546378493309021,0.3975968658924103,0.44493550062179565,0.3875104784965515,0.38164007663726807,0.3772483468055725,0.3344935178756714,0.4018905460834503,0.5560865998268127,0.3851051330566406,0.45880255103111267,0.3756161332130432,0.40320104360580444,0.36601993441581726,0.3566828668117523,0.39115551114082336,0.582647442817688,0.3755247890949249,0.5132047533988953,0.36880677938461304,0.46798640489578247,0.36254799365997314,0.42668548226356506,PALM
0.3906465172767639,0.7899139523506165,0.43366333842277527,0.7520661354064941,0.46186450123786926,0.6878390908241272,0.4849843680858612,0.6435415744781494,0.5066559910774231,0.6230202317237854,0.4176871180534363,0.5482984781265259,0.4229722321033478,0.47000688314437866,0.4240463972091675,0.4254533648490906,0.42162051796913147,0.3868400752544403,0.3956201374530792,0.5367224216461182,0.3824891448020935,0.43786945939064026,0.37612980604171753,0.37996047735214233,0.3676033020019531,0.3319604694843292,0.3782063126564026,0.5453571677207947,0.354824423789978,0.4608880877494812,0.3418581187725067,0.41696879267692566,0.3286970853805542,0.3792745769023895,0.36405736207962036,0.5729168057441711,0.34122180938720703,0.5128896236419678,0.3249785602092743,0.47319310903549194,0.30907484889030457,0.4361192286014557,PALM
0.38029468059539795,0.7885868549346924,0.4243546724319458,0.7436027526855469,0.4559186100959778,0.6594465970993042,0.4812008738517761,0.6009256839752197,0.5063514113426208,0.5746138095855713,0.3977760076522827,0.529232919216156,0.40707430243492126,0.44515231251716614,0.41232773661613464,0.39223161339759827,0.41383546590805054,0.3488848805427551,0.36463820934295654,0.5237250328063965,0.3507114350795746,0.42857733368873596,0.34443068504333496,0.37108302116394043,0.33609628677368164,0.3240521550178528,0.3399612605571747,0.5397064089775085,0.31120458245277405,0.45665794610977173,0.2970864474773407,0.4067002236843109,0.28439030051231384,0.3672903776168823,0.3211359977722168,0.5762350559234619,0.2861388325691223,0.5235894918441772,0.2609378397464752,0.484011173248291,0.24020272493362427,0.4465496242046356,PALM
0.3716095983982086,0.7821111679077148,0.41118621826171875,0.7202027440071106,0.4367620646953583,0.6240313053131104,0.4567272365093231,0.5559717416763306,0.47883468866348267,0.513839066028595,0.36223146319389343,0.5174583196640015,0.35994383692741394,0.43134164810180664,0.3602316081523895,0.3793424963951111,0.35572558641433716,0.33606019616127014,0.3277600109577179,0.527140736579895,0.304902046918869,0.4308444857597351,0.2977270483970642,0.3802347183227539,0.28809067606925964,0.3455048203468323,0.3037230670452118,0.5566919445991516,0.26546525955200195,0.4863131046295166,0.2452242076396942,0.4359992742538452,0.2270776927471161,0.39660024642944336,0.287550151348114,0.604739785194397,0.24849972128868103,0.5643789172172546,0.22104644775390625,0.5360574126243591,0.19745570421218872,0.5069244503974915,PALM
0.3676868975162506,0.7788121104240417,0.40725263953208923,0.7022132277488708,0.4275066554546356,0.6051307320594788,0.4442444443702698,0.526441216468811,0.4616880416870117,0.47151097655296326,0.34076687693595886,0.5129521489143372,0.33124208450317383,0.4258134067058563,0.323981374502182,0.3750690519809723,0.31340497732162476,0.335503488779068,0.3053479790687561,0.5320150852203369,0.2722032368183136,0.4507836103439331,0.2550264000892639,0.404815673828125,0.23722705245018005,0.3706963360309601,0.2829850912094116,0.5681194067001343,0.238914355635643,0.5147525072097778,0.21393123269081116,0.4773975908756256,0.19045434892177582,0.44516807794570923,0.2710663676261902,0.6173816323280334,0.22677145898342133,0.5880003571510315,0.19841234385967255,0.5716267228126526,0.17381039261817932,0.5519443154335022,PALM
0.3671208322048187,0.7730977535247803,0.4053138792514801,0.6994685530662537,0.42429327964782715,0.6004905700683594,0.44007644057273865,0.5203925967216492,0.45543959736824036,0.46695661544799805,0.3386179804801941,0.5152938365936279,0.3254541754722595,0.4295647442340851,0.31501567363739014,0.37731459736824036,0.3032454550266266,0.3387119472026825,0.30277353525161743,0.5384880304336548,0.2655099034309387,0.4612673819065094,0.24455204606056213,0.4183884859085083,0.22400379180908203,0.38604384660720825,0.2804702818393707,0.5765976309776306,0.23407824337482452,0.5246456861495972,0.20692570507526398,0.4916283190250397,0.18192172050476074,0.4637892544269562,0.26848822832107544,0.6268934607505798,0.22227992117404938,0.6058699488639832,0.19196781516075134,0.5956940650939941,0.16511885821819305,0.5815844535827637,PALM
0.3647889494895935,0.7806939482688904,0.40407416224479675,0.7023201584815979,0.42219334840774536,0.6023529171943665,0.4386294484138489,0.5204905271530151,0.4544767737388611,0.4658738970756531,0.33606964349746704,0.5155556201934814,0.32522472739219666,0.42567524313926697,0.3156149983406067,0.3714579939842224,0.3053935468196869,0.33292311429977417,0.30088216066360474,0.5399468541145325,0.26706233620643616,0.45498624444007874,0.2472781240940094,0.4064304530620575,0.22750845551490784,0.37061354517936707,0.27857518196105957,0.5795560479164124,0.2339339554309845,0.5257880687713623,0.20629099011421204,0.48912495374679565,0.1808333396911621,0.4576084017753601,0.2660062611103058,0.631331741809845,0.22100330889225006,0.6130325198173523,0.19039468467235565,0.6033207178115845,0.16320322453975677,0.5889503359794617,PALM
0.36567223072052,0.7854198813438416,0.40484222769737244,0.7050808072090149,0.42352089285850525,0.6028358936309814,0.4389140009880066,0.5206341743469238,0.4526781141757965,0.4626910090446472,0.3379933536052704,0.5165644884109497,0.32626840472221375,0.42242729663848877,0.3166806995868683,0.3634134531021118,0.30738723278045654,0.3208107650279999,0.3025323748588562,0.5397634506225586,0.2680525779724121,0.4462304711341858,0.24917292594909668,0.3908085227012634,0.2311622053384781,0.34922632575035095,0.2796117067337036,0.5802271962165833,0.23344790935516357,0.5195550322532654,0.2046997994184494,0.4778235852718353,0.17921359837055206,0.4423304796218872,0.2663286030292511,0.6339998245239258,0.2205318659543991,0.6112574338912964,0.18959331512451172,0.5980362296104431,0.16230444610118866,0.5809703469276428,PALM
0.36855000257492065,0.7879238724708557,0.4076412618160248,0.7077643871307373,0.425025999546051,0.6047972440719604,0.43777042627334595,0.5209722518920898,0.4498671293258667,0.4604440927505493,0.3411816656589508,0.5173413753509521,0.3280697762966156,0.42237716913223267,0.3184552490711212,0.36299315094947815,0.30908992886543274,0.31709933280944824,0.3058403432369232,0.5400258302688599,0.2712717056274414,0.44518330693244934,0.2531525492668152,0.38748669624328613,0.23627696931362152,0.34201934933662415,0.2830914258956909,0.5805898904800415,0.23958973586559296,0.5175684094429016,0.21304941177368164,0.4720124304294586,0.1894652247428894,0.4309248626232147,0.27006053924560547,0.6339238286018372,0.22541935741901398,0.6086575388908386,0.19503895938396454,0.5926832556724548,0.16794289648532867,0.5720078945159912,PALM
0.37132877111434937,0.7924319505691528,0.41105324029922485,0.7119764685630798,0.4285406768321991,0.6132383942604065,0.44324126839637756,0.5300634503364563,0.4562244117259979,0.47026628255844116,0.34666159749031067,0.5242472290992737,0.33476412296295166,0.42989468574523926,0.3256845772266388,0.36997583508491516,0.3164132535457611,0.3244969844818115,0.3111368417739868,0.5459192395210266,0.2770977020263672,0.45180121064186096,0.2588052451610565,0.3950994312763214,0.24120613932609558,0.3502984642982483,0.28786391019821167,0.5857465267181396,0.24340325593948364,0.5236007571220398,0.2166650891304016,0.4789111316204071,0.19262896478176117,0.43830031156539917,0.27432334423065186,0.6382259130477905,0.22945840656757355,0.6117472648620605,0.19930970668792725,0.5942022204399109,0.17244184017181396,0.5715619921684265,PALM
0.37341898679733276,0.7962656617164612,0.41353073716163635,0.7196475863456726,0.4330838620662689,0.6161208152770996,0.448543518781662,0.5330285429954529,0.46658802032470703,0.4789620041847229,0.3519691824913025,0.5276363492012024,0.34123241901397705,0.4307786822319031,0.3327297866344452,0.3697413504123688,0.3237038850784302,0.32287970185279846,0.3162761330604553,0.5486879944801331,0.282929390668869,0.45267245173454285,0.26521173119544983,0.395112007856369,0.2481575757265091,0.3491566479206085,0.2925280034542084,0.5873603820800781,0.24930502474308014,0.5228363275527954,0.22288019955158234,0.47587141394615173,0.19906045496463776,0.4328997731208801,0.27823367714881897,0.6395015716552734,0.2349192351102829,0.6124354004859924,0.20526447892189026,0.5947516560554504,0.17864225804805756,0.5720807909965515,PALM
0.3839775025844574,0.8003362417221069,0.4231939911842346,0.7283464670181274,0.4463370740413666,0.6313941478729248,0.46821483969688416,0.557205855846405,0.4935235381126404,0.5050947070121765,0.36994701623916626,0.5270289182662964,0.36421480774879456,0.431260883808136,0.3599291741847992,0.3740420341491699,0.35338518023490906,0.32627734541893005,0.3347644805908203,0.5425130128860474,0.3053627610206604,0.44483208656311035,0.28902748227119446,0.38539233803749084,0.2734074890613556,0.33817344903945923,0.3099772036075592,0.5793830156326294,0.2708570659160614,0.5116637945175171,0.2460920810699463,0.46484264731407166,0.22433100640773773,0.4219995141029358,0.29420265555381775,0.6333165168762207,0.25389233231544495,0.598944902420044,0.22592084109783173,0.5762019753456116,0.20040369033813477,0.548984706401825,PALM
0.38104280829429626,0.814233660697937,0.4308111369609833,0.7664649486541748,0.47135061025619507,0.6890654563903809,0.5073769092559814,0.6337025165557861,0.5433487892150879,0.6035075783729553,0.42146772146224976,0.544815182685852,0.4345972239971161,0.44663432240486145,0.4403426945209503,0.3855974078178406,0.4443342983722687,0.33461129665374756,0.3861364424228668,0.5346450805664062,0.3775797188282013,0.423828125,0.3744710385799408,0.3562224507331848,0.3715285062789917,0.302132785320282,0.35601186752319336,0.550851047039032,0.33233603835105896,0.4598483443260193,0.3199670612812042,0.4025163948535919,0.31076887249946594,0.35141056776046753,0.3304923474788666,0.5920346975326538,0.29840636253356934,0.5364328026771545,0.27664804458618164,0.4983125329017639,0.25748205184936523,0.45900794863700867,PALM
0.3836110830307007,0.8308114409446716,0.4462776482105255,0.810590922832489,0.4993901550769806,0.7537209987640381,0.5425668358802795,0.720241904258728,0.5813527703285217,0.7180101275444031,0.47889748215675354,0.5871738195419312,0.5125875473022461,0.5025683045387268,0.5324212312698364,0.4520651400089264,0.5481215119361877,0.41244158148765564,0.44606056809425354,0.5568436980247498,0.4622224271297455,0.4462534487247467,0.47527939081192017,0.38057076930999756,0.48483139276504517,0.33062759041786194,0.41333189606666565,0.5531241297721863,0.41468265652656555,0.453207790851593,0.41912537813186646,0.3939783275127411,0.4229133427143097,0.3455927073955536,0.3798494040966034,0.5732824206352234,0.3642103374004364,0.5069326162338257,0.35396772623062134,0.4651098847389221,0.3450832962989807,0.4261353015899658,PALM
0.39693528413772583,0.8248873949050903,0.45818066596984863,0.8316476345062256,0.5179632306098938,0.7970224618911743,0.5666926503181458,0.7687481641769409,0.6048616766929626,0.7683637142181396,0.5110998153686523,0.628049910068512,0.5548107624053955,0.5557522773742676,0.5795859694480896,0.5118704438209534,0.5988473296165466,0.47386905550956726,0.4816746413707733,0.5869084596633911,0.5102724432945251,0.48550719022750854,0.5304336547851562,0.429213285446167,0.5449669361114502,0.38300102949142456,0.45105162262916565,0.5711123943328857,0.4610944986343384,0.47554272413253784,0.47153815627098083,0.4216209053993225,0.48031169176101685,0.3746938705444336,0.4168969392776489,0.576577365398407,0.41304707527160645,0.5038998126983643,0.4106263816356659,0.4572482407093048,0.4088950753211975,0.41433361172676086,PALM
0.3991701900959015,0.832614541053772,0.46173790097236633,0.854103684425354,0.5241157412528992,0.8239261507987976,0.575364351272583,0.7992432713508606,0.6122479438781738,0.8071979284286499,0.5253534913063049,0.6444193720817566,0.571962296962738,0.5840815305709839,0.5997844338417053,0.5426771640777588,0.6213465332984924,0.5084543228149414,0.49814271926879883,0.5990168452262878,0.5323222279548645,0.5049238801002502,0.5543355941772461,0.44914644956588745,0.5705690979957581,0.40440860390663147,0.46784359216690063,0.5785810351371765,0.4842803180217743,0.4846731126308441,0.49762824177742004,0.4267594516277313,0.5078451037406921,0.37895652651786804,0.43373799324035645,0.5782768130302429,0.432167112827301,0.5053589344024658,0.4312383830547333,0.45414382219314575,0.43160995841026306,0.40796980261802673,PALM
0.39807191491127014,0.8348372578620911,0.46087589859962463,0.8581004738807678,0.5240494608879089,0.8306747674942017,0.5755383372306824,0.8100099563598633,0.6105652451515198,0.8186768889427185,0.5282961130142212,0.6486689448356628,0.5752471685409546,0.5903977155685425,0.6027318239212036,0.5479488968849182,0.6232542991638184,0.5124047994613647,0.5013970732688904,0.6011086702346802,0.536442220211029,0.5067797899246216,0.5586670637130737,0.45352718234062195,0.5753771662712097,0.4111575484275818,0.4708583950996399,0.5786818265914917,0.4881809949874878,0.48300379514694214,0.5015720725059509,0.4278416931629181,0.51283860206604,0.38144534826278687,0.4359613358974457,0.5776246190071106,0.43337368965148926,0.49920621514320374,0.4321051239967346,0.4466371536254883,0.43288761377334595,0.39955103397369385,PALM
0.39731892943382263,0.8388397693634033,0.4600839614868164,0.862637460231781,0.5234887599945068,0.8379321694374084,0.5749850273132324,0.8209173679351807,0.6093595623970032,0.8318372368812561,0.5293313264846802,0.653321385383606,0.5774816870689392,0.596705436706543,0.6057212352752686,0.5549968481063843,0.6264188289642334,0.5206813812255859,0.5025849342346191,0.6049497127532959,0.5392534732818604,0.5112537145614624,0.5627582669258118,0.4578758776187897,0.5803687572479248,0.415587455034256,0.4720492959022522,0.5818157196044922,0.49042269587516785,0.4859485924243927,0.504915714263916,0.4298679828643799,0.5171031951904297,0.38299262523651123,0.43725475668907166,0.5798896551132202,0.43503716588020325,0.5013694763183594,0.4344886839389801,0.4476102292537689,0.43618807196617126,0.40005800127983093,PALM
0.39550068974494934,0.8385853171348572,0.45687511563301086,0.8667095303535461,0.5194032788276672,0.8518486022949219,0.5716190338134766,0.8392964601516724,0.6064913272857666,0.8532304167747498,0.5327739715576172,0.6682441234588623,0.5828826427459717,0.6178438067436218,0.6128954291343689,0.5806682705879211,0.6354537010192871,0.550376296043396,0.5083525776863098,0.6180380582809448,0.5493695735931396,0.5344155430793762,0.5747916102409363,0.48511895537376404,0.595776379108429,0.4427146017551422,0.4792666733264923,0.5902475714683533,0.5012224316596985,0.4965085983276367,0.5161561369895935,0.4396972954273224,0.5288260579109192,0.39233437180519104,0.4444740116596222,0.5823423266410828,0.44392868876457214,0.5031481385231018,0.4436452090740204,0.4495134651660919,0.44516313076019287,0.4017733931541443,PALM
0.39640453457832336,0.8373971581459045,0.4565414786338806,0.8681790232658386,0.5211865901947021,0.8603891730308533,0.573227047920227,0.853823721408844,0.6060220003128052,0.8700405359268188,0.5363505482673645,0.6777088642120361,0.5881081223487854,0.6324549317359924,0.619860053062439,0.5986461639404297,0.6439067721366882,0.5702665448188782,0.5139062404632568,0.6271263360977173,0.5581987500190735,0.5478726029396057,0.5856543183326721,0.49926072359085083,0.607367753982544,0.45660504698753357,0.4857723116874695,0.5977182388305664,0.5092871785163879,0.5042889714241028,0.5269672274589539,0.44713425636291504,0.5418776273727417,0.39850592613220215,0.4509318768978119,0.5866249799728394,0.45234763622283936,0.5040728449821472,0.45326024293899536,0.44960224628448486,0.4559434652328491,0.4011026918888092,PALM
0.40015676617622375,0.8368955254554749,0.4595080614089966,0.8709179162979126,0.5239064693450928,0.8703916072845459,0.5772730112075806,0.8687261939048767,0.6092130541801453,0.8855927586555481,0.5417143702507019,0.6881096363067627,0.5950806736946106,0.6472029089927673,0.6276333928108215,0.6151788234710693,0.6519988775253296,0.588922381401062,0.5209196209907532,0.6363256573677063,0.5683299899101257,0.5597379207611084,0.5971132516860962,0.5132668614387512,0.6194567084312439,0.4732401371002197,0.4941486716270447,0.6057661175727844,0.5196994543075562,0.514031171798706,0.5393774509429932,0.4582870602607727,0.5553839206695557,0.4120064079761505,0.4601990580558777,0.5926860570907593,0.4630337953567505,0.5129939317703247,0.46548786759376526,0.4593659043312073,0.46956855058670044,0.4127466380596161,PALM
0.40696004033088684,0.8394283652305603,0.46573227643966675,0.879522442817688,0.5260448455810547,0.8942108154296875,0.5780673623085022,0.8965429067611694,0.6123846769332886,0.9123765230178833,0.5533884167671204,0.7202376127243042,0.6084327101707458,0.6844399571418762,0.6404830813407898,0.6582042574882507,0.6659889221191406,0.6322744488716125,0.534714937210083,0.664460301399231,0.5813836455345154,0.5962886810302734,0.6097823977470398,0.5528353452682495,0.6316155195236206,0.5138869285583496,0.5084983110427856,0.6287230849266052,0.5359419584274292,0.5442816019058228,0.55392986536026,0.49461865425109863,0.5685328245162964,0.45354485511779785,0.47492146492004395,0.6088514924049377,0.482513427734375,0.5316152572631836,0.4869917333126068,0.47827261686325073,0.49180153012275696,0.43198347091674805,PALM
0.41675564646720886,0.8615226745605469,0.4754219651222229,0.9149037599563599,0.5334277153015137,0.9352448582649231,0.5838531255722046,0.9443110227584839,0.6174954175949097,0.9564412832260132,0.5649598240852356,0.7647233009338379,0.6226266622543335,0.7383032441139221,0.6578589677810669,0.7187973260879517,0.6853625774383545,0.7001652717590332,0.5505042672157288,0.7069166898727417,0.6015800833702087,0.6442790031433105,0.6336222290992737,0.605337381362915,0.6566055417060852,0.5703374147415161,0.5264672040939331,0.6703763008117676,0.559114396572113,0.5880504846572876,0.5828698873519897,0.5423274636268616,0.6025369167327881,0.5005606412887573,0.49341073632240295,0.6490321159362793,0.5061967372894287,0.5713433623313904,0.5140905380249023,0.5186396837234497,0.5214946866035461,0.47163012623786926,PALM
0.42245858907699585,0.8703833818435669,0.47743451595306396,0.9243491291999817,0.5354361534118652,0.944575309753418,0.5865511894226074,0.9534928798675537,0.6197003126144409,0.9660680890083313,0.5678606033325195,0.7688915133476257,0.6251530051231384,0.7503992319107056,0.6615704894065857,0.7312983870506287,0.6892123222351074,0.7123856544494629,0.5529892444610596,0.7141497731208801,0.6056532263755798,0.65701824426651,0.6384035348892212,0.6204164624214172,0.6645205616950989,0.5862703323364258,0.5297191739082336,0.6798986792564392,0.5638659596443176,0.5995845198631287,0.5888605713844299,0.5559463500976562,0.6100701093673706,0.517032265663147,0.4984961152076721,0.6599924564361572,0.5100396871566772,0.5790953636169434,0.5183977484703064,0.5241362452507019,0.5276039242744446,0.47566744685173035,PALM
0.42153623700141907,0.867910623550415,0.47746074199676514,0.9148960113525391,0.5351191759109497,0.931694746017456,0.586515486240387,0.9351669549942017,0.6232729554176331,0.944744348526001,0.5655315518379211,0.7597713470458984,0.6227265000343323,0.7344881296157837,0.656762957572937,0.7119807004928589,0.6834982633590698,0.6877478361129761,0.5481889247894287,0.702395498752594,0.5995920896530151,0.6426864862442017,0.6318225860595703,0.6041867733001709,0.6564363241195679,0.5679284930229187,0.5224095582962036,0.6670603156089783,0.5555905103683472,0.5866528153419495,0.5793966054916382,0.540483832359314,0.5989878177642822,0.4993419647216797,0.4898160696029663,0.6482803821563721,0.5012816190719604,0.567777693271637,0.5088598132133484,0.5139499306678772,0.518024206161499,0.4660346806049347,PALM
0.4297158122062683,0.8688631653785706,0.4899122714996338,0.8943459391593933,0.5539067387580872,0.8724744915962219,0.6040383577346802,0.8544275760650635,0.6417933702468872,0.8508713245391846,0.5608367919921875,0.7045828104019165,0.6082856059074402,0.6515251994132996,0.6374112367630005,0.6181906461715698,0.6591997146606445,0.586453914642334,0.5358018279075623,0.6551582217216492,0.5725129842758179,0.5717263221740723,0.5968782305717468,0.5239454507827759,0.6127230525016785,0.4829769432544708,0.5058542490005493,0.6319170594215393,0.5240655541419983,0.5432679057121277,0.5376853942871094,0.4933640658855438,0.5476399064064026,0.4486578702926636,0.4714702367782593,0.6265155076980591,0.47204795479774475,0.5529186725616455,0.4707418382167816,0.5047038793563843,0.4712405800819397,0.46060967445373535,PALM
0.4433057904243469,0.8669748902320862,0.5050382018089294,0.8542742133140564,0.5598875880241394,0.7956174612045288,0.6023758053779602,0.7468633055686951,0.6337466835975647,0.7132334113121033,0.5380699634552002,0.6360518932342529,0.5715520977973938,0.5559494495391846,0.5897574424743652,0.5059188604354858,0.6014185547828674,0.46268612146377563,0.5048395991325378,0.6015522480010986,0.521170437335968,0.49655571579933167,0.5314636826515198,0.4361552298069,0.5351591110229492,0.38714832067489624,0.4724499583244324,0.5968537926673889,0.47004902362823486,0.4963403046131134,0.4743537902832031,0.4402974545955658,0.4760896861553192,0.3922441601753235,0.4411233365535736,0.6136212944984436,0.42368683218955994,0.5409383773803711,0.41442301869392395,0.4915412962436676,0.4095531404018402,0.44813254475593567,PALM
0.45559126138687134,0.8773190379142761,0.513837993144989,0.823440432548523,0.5484203100204468,0.7216784954071045,0.5752049684524536,0.6444380283355713,0.5946303009986877,0.5908188223838806,0.495427668094635,0.5911960601806641,0.5092911720275879,0.49177175760269165,0.5157957673072815,0.434000700712204,0.5163573026657104,0.3857157528400421,0.46089714765548706,0.5794703960418701,0.4525212347507477,0.4645915925502777,0.449689656496048,0.40010643005371094,0.44047510623931885,0.34922826290130615,0.4338935315608978,0.5944824814796448,0.405636727809906,0.502852737903595,0.3963117301464081,0.45107871294021606,0.3851225674152374,0.4091798961162567,0.4120733141899109,0.6271387934684753,0.3763916790485382,0.5580214262008667,0.3562418222427368,0.5169668197631836,0.34056177735328674,0.48276159167289734,PALM
0.4636373519897461,0.872201681137085,0.5118643641471863,0.8056005835533142,0.5320447087287903,0.6877986192703247,0.5523337125778198,0.6013241410255432,0.5736359357833862,0.5449701547622681,0.46639272570610046,0.5755407810211182,0.4633690416812897,0.47219547629356384,0.4620833694934845,0.4102519452571869,0.4571208655834198,0.3560435175895691,0.43258586525917053,0.5801839232444763,0.4056856036186218,0.4741170108318329,0.39327242970466614,0.4080774188041687,0.376503050327301,0.3550899624824524,0.4091629981994629,0.6074779629707336,0.36930352449417114,0.5251570343971252,0.3515247404575348,0.46944230794906616,0.33286672830581665,0.41854581236839294,0.395394891500473,0.6509260535240173,0.3518352210521698,0.5988439917564392,0.32423898577690125,0.5667046904563904,0.30076223611831665,0.5338168740272522,PALM
0.4647405445575714,0.8651838898658752,0.5084438323974609,0.7834598422050476,0.5183882117271423,0.6611827611923218,0.5336258411407471,0.5727032423019409,0.5495505332946777,0.5099520683288574,0.44718101620674133,0.5625666379928589,0.434817910194397,0.4561077058315277,0.42806726694107056,0.39231204986572266,0.41881099343299866,0.33849117159843445,0.41585779190063477,0.576413631439209,0.3754521906375885,0.48077666759490967,0.35482707619667053,0.42101380228996277,0.33330124616622925,0.3765603005886078,0.3965848386287689,0.6104074716567993,0.3509047329425812,0.5404012799263,0.32706522941589355,0.48787567019462585,0.3024529814720154,0.44280529022216797,0.3873196244239807,0.6592235565185547,0.3381027579307556,0.620820939540863,0.30523523688316345,0.5966634750366211,0.27570679783821106,0.5704209804534912,PALM
0.4640854001045227,0.8340436220169067,0.4992679953575134,0.7446719408035278,0.5011991858482361,0.630429208278656,0.5086219906806946,0.5430822372436523,0.521439790725708,0.47604861855506897,0.4217096269130707,0.5417158603668213,0.4020237624645233,0.43602973222732544,0.38858914375305176,0.3771512508392334,0.37188294529914856,0.32687249779701233,0.39012911915779114,0.5626665353775024,0.34000164270401,0.470637708902359,0.3111772835254669,0.4133790135383606,0.2834083139896393,0.3713395893573761,0.3724355101585388,0.6040738224983215,0.31474819779396057,0.5410005450248718,0.2846496105194092,0.4941830635070801,0.2560187876224518,0.4521559774875641,0.3682398498058319,0.6610243916511536,0.3122537434101105,0.6295571327209473,0.2773267924785614,0.6094846725463867,0.24637214839458466,0.5858765244483948,PALM
0.45604804158210754,0.7975377440452576,0.47913259267807007,0.7007533311843872,0.471381813287735,0.593498170375824,0.4723745584487915,0.5090934634208679,0.4827594459056854,0.44017237424850464,0.3833419680595398,0.5271367430686951,0.3504520654678345,0.43533143401145935,0.33143115043640137,0.38137874007225037,0.312652051448822,0.33628198504447937,0.3562847673892975,0.5540490746498108,0.2964962422847748,0.4770045280456543,0.262149840593338,0.4306967854499817,0.23095399141311646,0.3949052393436432,0.3428495228290558,0.5965762734413147,0.2783046364784241,0.5490284562110901,0.24357002973556519,0.5083613991737366,0.2124108523130417,0.47040826082229614,0.3429953455924988,0.6508725881576538,0.28046953678131104,0.6380689144134521,0.24292297661304474,0.6254558563232422,0.20962312817573547,0.6069065928459167,PALM
0.4318733215332031,0.7665164470672607,0.4468229115009308,0.6668086647987366,0.43672510981559753,0.5623390674591064,0.4331504702568054,0.4775151014328003,0.43483850359916687,0.4077490270137787,0.3407866954803467,0.5169155597686768,0.29582902789115906,0.4446597397327423,0.2723070979118347,0.3947824537754059,0.25122976303100586,0.3519110679626465,0.31763729453086853,0.549727201461792,0.24962782859802246,0.488770991563797,0.21191997826099396,0.44714683294296265,0.17818012833595276,0.4141924977302551,0.3076932728290558,0.5929189324378967,0.2380601316690445,0.5568051338195801,0.1980861872434616,0.5232109427452087,0.16285675764083862,0.49294668436050415,0.31084272265434265,0.6453124284744263,0.24793578684329987,0.6461227536201477,0.20927691459655762,0.643116295337677,0.17438514530658722,0.6345806121826172,PALM
0.4079235792160034,0.7453494668006897,0.4205816984176636,0.6462074518203735,0.4066660702228546,0.5462163090705872,0.4005706012248993,0.4612995982170105,0.4015520215034485,0.3941379189491272,0.3074406087398529,0.5144090056419373,0.2562514543533325,0.45000120997428894,0.22785258293151855,0.40780508518218994,0.20162475109100342,0.3702145516872406,0.2850668430328369,0.5495296716690063,0.21156427264213562,0.4943861663341522,0.16768679022789001,0.4539232850074768,0.12806425988674164,0.42237699031829834,0.27738118171691895,0.5951891541481018,0.2030424326658249,0.5680417418479919,0.15932422876358032,0.5409702062606812,0.12007381021976471,0.5163996815681458,0.2828141450881958,0.6481500267982483,0.2185898870229721,0.6541551351547241,0.17829793691635132,0.6553246974945068,0.14093679189682007,0.6512160301208496,PALM
0.39608627557754517,0.7423903346061707,0.406747430562973,0.6404619812965393,0.3873206675052643,0.5366675853729248,0.3798407316207886,0.44836875796318054,0.380468487739563,0.37846994400024414,0.2859451472759247,0.5167787075042725,0.23130501806735992,0.45651763677597046,0.20040559768676758,0.41476693749427795,0.17222030460834503,0.37557846307754517,0.2676805555820465,0.5536289811134338,0.1910211592912674,0.5075474381446838,0.14392144978046417,0.46672436594963074,0.10144505649805069,0.43246856331825256,0.2644083499908447,0.6007497906684875,0.1860806941986084,0.5802956223487854,0.13951638340950012,0.5540661811828613,0.09761008620262146,0.5292953252792358,0.27524247765541077,0.6517387628555298,0.2100113183259964,0.6654241681098938,0.16744080185890198,0.6707391738891602,0.1275748461484909,0.6706016063690186,PALM
0.38842999935150146,0.7385589480400085,0.3973492681980133,0.6336638331413269,0.3690189719200134,0.5313500761985779,0.35588979721069336,0.44292113184928894,0.3551333546638489,0.3720451593399048,0.26817160844802856,0.52266925573349,0.20936186611652374,0.47007665038108826,0.17575876414775848,0.43312397599220276,0.14509250223636627,0.3970732092857361,0.2521105706691742,0.5619258880615234,0.171665221452713,0.5216085314750671,0.11974013596773148,0.48412609100341797,0.07210484892129898,0.4527013301849365,0.2526508867740631,0.6106328368186951,0.17188400030136108,0.600378155708313,0.12167075276374817,0.5815485715866089,0.07582829147577286,0.5629538297653198,0.2681618332862854,0.662219762802124,0.20378418266773224,0.6842407584190369,0.16111049056053162,0.69328373670578,0.11977032572031021,0.6964387893676758,PALM
0.3790071904659271,0.7281849384307861,0.3808298707008362,0.6205878853797913,0.35017311573028564,0.5240324139595032,0.3334597051143646,0.43756166100502014,0.32474592328071594,0.36157774925231934,0.24594812095165253,0.5323505401611328,0.1861637979745865,0.48277390003204346,0.14878784120082855,0.44681641459465027,0.1149577796459198,0.41214311122894287,0.23042865097522736,0.5749682188034058,0.14453212916851044,0.5416622161865234,0.0897984504699707,0.5084914565086365,0.040784504264593124,0.4809595048427582,0.23399807512760162,0.6253423094749451,0.14967630803585052,0.6230144500732422,0.09517691284418106,0.6077070832252502,0.04660641774535179,0.5926573872566223,0.2541176974773407,0.6771972179412842,0.1901780515909195,0.7081896662712097,0.147166445851326,0.7227635383605957,0.10550849139690399,0.7330768704414368,PALM
0.3725137710571289,0.73057621717453,0.3702414631843567,0.6175519227981567,0.33759361505508423,0.5180249810218811,0.31815865635871887,0.42962977290153503,0.3092091381549835,0.3568233847618103,0.2302263230085373,0.5349639654159546,0.1657206267118454,0.4867522120475769,0.12502607703208923,0.4537018835544586,0.08745314925909042,0.42259353399276733,0.21526534855365753,0.582892656326294,0.12397614121437073,0.5588158965110779,0.06590837985277176,0.532427966594696,0.013450231403112411,0.5101255178451538,0.21972189843654633,0.6369120478630066,0.1329323649406433,0.6436375379562378,0.07678394019603729,0.6353141665458679,0.0264087226241827,0.6257714629173279,0.24121706187725067,0.6897202730178833,0.1757642775774002,0.7298975586891174,0.13117045164108276,0.7519876956939697,0.08810807764530182,0.7682403922080994,PALM
0.3734871745109558,0.735260009765625,0.3706575930118561,0.6191328167915344,0.34165021777153015,0.5180051922798157,0.3259935677051544,0.4285539984703064,0.3177611827850342,0.35463836789131165,0.22726520895957947,0.5351635813713074,0.1625768542289734,0.4849611818790436,0.12173193693161011,0.45263972878456116,0.08289612829685211,0.42325565218925476,0.2107405662536621,0.5889435410499573,0.12272609025239944,0.5616066455841064,0.06626252830028534,0.5375514030456543,0.014483524486422539,0.5200668573379517,0.21366971731185913,0.6471113562583923,0.12839919328689575,0.6540061831474304,0.07198850810527802,0.6456751227378845,0.02132927067577839,0.6370334029197693,0.23270079493522644,0.7048784494400024,0.16553157567977905,0.7452548742294312,0.1196630448102951,0.7670066356658936,0.07660634070634842,0.7830932140350342,PALM
0.37976932525634766,0.7472082376480103,0.3801581859588623,0.6297671794891357,0.35372763872146606,0.5239359736442566,0.3384518623352051,0.4313109815120697,0.3323841989040375,0.35262104868888855,0.24090848863124847,0.5357219576835632,0.17642374336719513,0.47861775755882263,0.13448655605316162,0.44534870982170105,0.09517206996679306,0.4170216917991638,0.22171519696712494,0.591358482837677,0.1297275573015213,0.5575209259986877,0.07325621694326401,0.5295981764793396,0.02183527685701847,0.5108968019485474,0.2233298122882843,0.6515945196151733,0.1347937136888504,0.6547060608863831,0.0770060196518898,0.6444140076637268,0.025800488889217377,0.6364694833755493,0.24143540859222412,0.7113474011421204,0.1711864173412323,0.7527158260345459,0.1245790347456932,0.7756634950637817,0.08079259097576141,0.7940313220024109,PALM
0.3889670968055725,0.7594947814941406,0.392763614654541,0.6391893029212952,0.3667396903038025,0.5270649194717407,0.35256484150886536,0.43612802028656006,0.35144948959350586,0.3595447540283203,0.2536657750606537,0.5388811230659485,0.18729084730148315,0.48367342352867126,0.14537806808948517,0.4468381404876709,0.10611660778522491,0.41374003887176514,0.23551714420318604,0.5932832360267639,0.14567933976650238,0.5605988502502441,0.08710231631994247,0.5291397571563721,0.03382615000009537,0.5066975951194763,0.23743988573551178,0.6534284949302673,0.1485886573791504,0.6546548008918762,0.09125176817178726,0.6414050459861755,0.03977296128869057,0.6296728849411011,0.2552698254585266,0.7139573693275452,0.18442532420158386,0.7524662017822266,0.13772930204868317,0.7752599716186523,0.09350141137838364,0.7930126190185547,PALM
0.3943774402141571,0.7517182230949402,0.39202865958213806,0.6342856287956238,0.3678543269634247,0.5283823013305664,0.35713398456573486,0.43465518951416016,0.35464581847190857,0.3583112955093384,0.25989097356796265,0.5433096289634705,0.18889743089675903,0.4873153567314148,0.14474163949489594,0.4501163065433502,0.10451032966375351,0.41501384973526,0.2459465116262436,0.5962477326393127,0.15475167334079742,0.5618743896484375,0.09386570006608963,0.5331586599349976,0.03808123618364334,0.5109865665435791,0.25261759757995605,0.6589124798774719,0.16185374557971954,0.6632377505302429,0.10229568183422089,0.6527907252311707,0.049441419541835785,0.6411548852920532,0.2749852240085602,0.7213758230209351,0.20763495564460754,0.7634158134460449,0.1623803675174713,0.7884010672569275,0.11872228235006332,0.8074443340301514,PALM
0.3951605558395386,0.7560297846794128,0.39258331060409546,0.6408793330192566,0.36704373359680176,0.5328514575958252,0.3544306755065918,0.440645694732666,0.34783923625946045,0.3659430742263794,0.26332494616508484,0.5420369505882263,0.19232897460460663,0.4881645441055298,0.14813372492790222,0.45021510124206543,0.10845167934894562,0.41372203826904297,0.25090956687927246,0.593070387840271,0.15743054449558258,0.5611311197280884,0.09750056266784668,0.5302287936210632,0.04351995512843132,0.504172682762146,0.2597086727619171,0.6531233787536621,0.16893814504146576,0.6579809784889221,0.11009391397237778,0.644700288772583,0.05776802822947502,0.6291259527206421,0.2846335768699646,0.7124910950660706,0.2215976119041443,0.7518150806427002,0.1779581755399704,0.7742249965667725,0.13553212583065033,0.7909834980964661,PALM
0.3961734175682068,0.7587130069732666,0.3919500410556793,0.6337366700172424,0.3598877191543579,0.5379911661148071,0.3456498682498932,0.45290082693099976,0.33807456493377686,0.38055312633514404,0.27127060294151306,0.5332230925559998,0.20357844233512878,0.47536560893058777,0.16206258535385132,0.4407384991645813,0.12474287301301956,0.40536990761756897,0.2632904052734375,0.569430410861969,0.17440307140350342,0.5319449305534363,0.11939289420843124,0.4947831630706787,0.06899893283843994,0.46190333366394043,0.2756252586841583,0.6188226342201233,0.18954265117645264,0.6129640340805054,0.13777855038642883,0.5933751463890076,0.08845900744199753,0.5717456936836243,0.3049425184726715,0.6677008271217346,0.253590852022171,0.6940165758132935,0.21595360338687897,0.7027766108512878,0.17548197507858276,0.7055609822273254,PALM
0.39414799213409424,0.7772060036659241,0.39239782094955444,0.6512847542762756,0.3624085783958435,0.5637843012809753,0.3460209369659424,0.48802655935287476,0.33847442269325256,0.4215610921382904,0.28841647505760193,0.5331276655197144,0.22222265601158142,0.46620991826057434,0.18171988427639008,0.42707395553588867,0.1483350694179535,0.39051440358161926,0.2842194736003876,0.5565789341926575,0.20270279049873352,0.5038787722587585,0.15290389955043793,0.4616645574569702,0.11049701273441315,0.42574676871299744,0.2958340346813202,0.5946763753890991,0.21752890944480896,0.563650369644165,0.1697508543729782,0.5366201400756836,0.12586438655853271,0.5119100213050842,0.3211820423603058,0.6345621347427368,0.2803747057914734,0.6363601684570312,0.25051459670066833,0.6300884485244751,0.21834731101989746,0.623532235622406,PALM
0.40165889263153076,0.7799690365791321,0.4019799828529358,0.6590243577957153,0.36918559670448303,0.5729053020477295,0.35456234216690063,0.5024534463882446,0.34841465950012207,0.4366627037525177,0.3022047281265259,0.5313622951507568,0.2391536682844162,0.4631388783454895,0.20071209967136383,0.4223329424858093,0.16930125653743744,0.3882807493209839,0.29855257272720337,0.5495585799217224,0.225062757730484,0.4901674687862396,0.1792200803756714,0.44584187865257263,0.14187493920326233,0.41032883524894714,0.3079618513584137,0.5843191742897034,0.2378048598766327,0.5435994863510132,0.19615022838115692,0.5089734792709351,0.1578872799873352,0.47611793875694275,0.32946011424064636,0.6250619888305664,0.29147982597351074,0.6132631897926331,0.2643681764602661,0.5940207242965698,0.236414834856987,0.5732195377349854,PALM
0.40546342730522156,0.7872952222824097,0.40184274315834045,0.6545451879501343,0.37435877323150635,0.5764431357383728,0.36533278226852417,0.5264623165130615,0.35715627670288086,0.4663732647895813,0.310214638710022,0.537250280380249,0.24894621968269348,0.45189857482910156,0.20970238745212555,0.4046090245246887,0.1783229410648346,0.36662477254867554,0.3150224983692169,0.5543782711029053,0.24584011733531952,0.4752880036830902,0.2021550089120865,0.4231760501861572,0.16759084165096283,0.3821460008621216,0.3302685618400574,0.5835984349250793,0.26508089900016785,0.5278671979904175,0.226670503616333,0.4849637448787689,0.19413819909095764,0.44643208384513855,0.3562413454055786,0.6098321080207825,0.31456202268600464,0.5730540752410889,0.28882360458374023,0.5386322736740112,0.26533785462379456,0.5045579671859741,PALM
0.4141613245010376,0.8063982129096985,0.4180106818675995,0.6755097508430481,0.3901017904281616,0.5910942554473877,0.37720930576324463,0.5402873158454895,0.3644060790538788,0.49194157123565674,0.3336222767829895,0.538148045539856,0.2775355875492096,0.45115092396736145,0.23925574123859406,0.3998109996318817,0.20806054770946503,0.35717225074768066,0.3386876881122589,0.5537737607955933,0.26957935094833374,0.46701449155807495,0.2294204980134964,0.4146067202091217,0.19460733234882355,0.368511825799942,0.3515845537185669,0.5790043473243713,0.2862527668476105,0.5057976245880127,0.2499905377626419,0.4619908332824707,0.21707643568515778,0.4202360212802887,0.3741779029369354,0.5992709398269653,0.3334580659866333,0.5518041849136353,0.30543988943099976,0.5131118297576904,0.27915674448013306,0.4719327390193939,PALM
0.4281081259250641,0.8212271332740784,0.4268551468849182,0.6993548274040222,0.39610564708709717,0.6019158959388733,0.3768234848976135,0.5333645343780518,0.353748619556427,0.4825548827648163,0.35616376996040344,0.5640890002250671,0.30710744857788086,0.46160462498664856,0.2715472877025604,0.4005872309207916,0.24194957315921783,0.35300371050834656,0.3597000241279602,0.581382691860199,0.2988191545009613,0.4775843322277069,0.26518967747688293,0.4099051058292389,0.23489892482757568,0.3524491786956787,0.37353965640068054,0.6064335107803345,0.31823036074638367,0.5127334594726562,0.29166990518569946,0.4556233286857605,0.2647800147533417,0.4060516953468323,0.4001043736934662,0.6261609196662903,0.3823363780975342,0.5642085075378418,0.3671116232872009,0.5190802216529846,0.34879958629608154,0.477822482585907,PALM
0.4317971169948578,0.8218647241592407,0.42271658778190613,0.6801943778991699,0.404034823179245,0.5907134413719177,0.39520755410194397,0.5356537103652954,0.3781745731830597,0.47517508268356323,0.3664080798625946,0.5459311604499817,0.3287745714187622,0.4536110460758209,0.29787400364875793,0.38900622725486755,0.27481508255004883,0.34088432788848877,0.3794844448566437,0.5720149278640747,0.32934436202049255,0.469361275434494,0.2975645065307617,0.3993155360221863,0.2694177031517029,0.3419974148273468,0.3982405364513397,0.6038839817047119,0.3540843725204468,0.5099589228630066,0.32621997594833374,0.4468163549900055,0.30227482318878174,0.3948372006416321,0.42631611227989197,0.6272122263908386,0.4094237685203552,0.5584202408790588,0.4003705680370331,0.5094477534294128,0.39027637243270874,0.4699153006076813,PALM
0.4356919229030609,0.8479376435279846,0.432715505361557,0.7140817642211914,0.42373210191726685,0.6169082522392273,0.42923787236213684,0.552497923374176,0.4325384497642517,0.4930906593799591,0.38884612917900085,0.563682496547699,0.35790303349494934,0.4678461253643036,0.33067694306373596,0.4089270830154419,0.3059953451156616,0.36314594745635986,0.3981597423553467,0.5805826187133789,0.3578832745552063,0.4625186324119568,0.335482656955719,0.3857881426811218,0.3138241469860077,0.32215821743011475,0.41524016857147217,0.6083649396896362,0.3856390416622162,0.48766177892684937,0.36912405490875244,0.41145285964012146,0.3534839451313019,0.3468036949634552,0.45011836290359497,0.635796844959259,0.45382240414619446,0.5541621446609497,0.4545837640762329,0.4997471868991852,0.45024389028549194,0.45318901538848877,PALM
0.4293709695339203,0.8456324338912964,0.4096911549568176,0.7438828349113464,0.40383589267730713,0.6395328044891357,0.41002097725868225,0.5708283185958862,0.41438359022140503,0.5190718173980713,0.4014997184276581,0.5731861591339111,0.37873947620391846,0.4541025459766388,0.35629981756210327,0.38834095001220703,0.3312957286834717,0.3401886522769928,0.41568517684936523,0.5799660086631775,0.3990698754787445,0.4378185272216797,0.38559702038764954,0.3521791696548462,0.3714970052242279,0.2862701117992401,0.43962639570236206,0.6037773489952087,0.43376412987709045,0.4664989411830902,0.4326189458370209,0.38580405712127686,0.4319397807121277,0.31963610649108887,0.4732933044433594,0.6383306384086609,0.49677762389183044,0.5615592002868652,0.5081477165222168,0.5086950659751892,0.5181155204772949,0.4564667344093323,PALM
0.43268975615501404,0.8550119996070862,0.39910459518432617,0.7620624303817749,0.39254486560821533,0.6681175827980042,0.38842612504959106,0.5928523540496826,0.3749176859855652,0.5340158343315125,0.41815826296806335,0.5698654055595398,0.40584006905555725,0.4402484893798828,0.3900950253009796,0.3698006272315979,0.3722211420536041,0.31697243452072144,0.44678303599357605,0.5718251466751099,0.445821613073349,0.42397889494895935,0.4426496624946594,0.33680781722068787,0.43814271688461304,0.2711356580257416,0.4766208827495575,0.5980972647666931,0.4880572557449341,0.4643458425998688,0.49649399518966675,0.38533133268356323,0.5044355988502502,0.3197985887527466,0.5086798667907715,0.6441935896873474,0.5442690849304199,0.5704054832458496,0.5665560960769653,0.5234066247940063,0.5864750742912292,0.4787411391735077,PALM
0.4381153881549835,0.8530005812644958,0.3992636501789093,0.7600928544998169,0.3847930133342743,0.6586485505104065,0.37719789147377014,0.5757683515548706,0.3615565598011017,0.5189454555511475,0.43710485100746155,0.5680364370346069,0.4289012849330902,0.4403853416442871,0.41994768381118774,0.3655300736427307,0.41178426146507263,0.3041437566280365,0.473889023065567,0.5677245855331421,0.4879532754421234,0.4324375092983246,0.4960304796695709,0.34704911708831787,0.5011706948280334,0.27871793508529663,0.5053513646125793,0.5967763066291809,0.533482551574707,0.48020023107528687,0.5543590188026428,0.409009724855423,0.5719811916351318,0.3445377051830292,0.5316843390464783,0.6478923559188843,0.5743730664253235,0.5853391289710999,0.6019416451454163,0.5479604005813599,0.6272668242454529,0.5111342668533325,PALM
0.4380665421485901,0.8571165800094604,0.3965205252170563,0.7588505148887634,0.38208839297294617,0.6496189832687378,0.3714618384838104,0.5626741647720337,0.35453498363494873,0.508158266544342,0.4486933648586273,0.5688331127166748,0.4494231045246124,0.43819451332092285,0.4468834698200226,0.3609147369861603,0.44595062732696533,0.29750487208366394,0.4875643849372864,0.5734591484069824,0.513307511806488,0.4377218186855316,0.5302361249923706,0.3523353040218353,0.542057454586029,0.2864733636379242,0.5185247659683228,0.6057865619659424,0.5534897446632385,0.4972120523452759,0.5810444355010986,0.4328712522983551,0.6048752069473267,0.377875417470932,0.5426269173622131,0.6573821902275085,0.5873603820800781,0.5984309315681458,0.6156328320503235,0.5667076706886292,0.64167720079422,0.5381113886833191,PALM
0.4374186396598816,0.8572370409965515,0.3956628441810608,0.749217689037323,0.38081735372543335,0.6324593424797058,0.371401846408844,0.5415903925895691,0.35311123728752136,0.4886462092399597,0.46408402919769287,0.5652139782905579,0.4765603542327881,0.43418675661087036,0.48336324095726013,0.3628939390182495,0.4903483986854553,0.29993829131126404,0.5016592741012573,0.5856052041053772,0.5377059578895569,0.4551575183868408,0.5629836916923523,0.3804844617843628,0.582112193107605,0.32052865624427795,0.5263077020645142,0.6266992688179016,0.568773090839386,0.53498774766922,0.5973149538040161,0.4781525135040283,0.6226251721382141,0.42815080285072327,0.5435342788696289,0.6788256168365479,0.5893985033035278,0.6311485767364502,0.6182288527488708,0.6087037324905396,0.6465744972229004,0.5836876034736633,PALM
0.4402714669704437,0.8562621474266052,0.394718736410141,0.7279285192489624,0.38338568806648254,0.6236982345581055,0.37798255681991577,0.5375634431838989,0.3658646047115326,0.47415319085121155,0.470060795545578,0.57615065574646,0.49358227849006653,0.44844189286231995,0.5078509449958801,0.37663525342941284,0.522286057472229,0.3125053346157074,0.5075217485427856,0.6052824854850769,0.5543442964553833,0.4812409281730652,0.5850067734718323,0.4134685695171356,0.6095123291015625,0.3579676151275635,0.5309189558029175,0.6467803716659546,0.5784014463424683,0.5581797957420349,0.610386848449707,0.504810631275177,0.6404427289962769,0.4584915339946747,0.5457415580749512,0.6970565915107727,0.5925483703613281,0.6544605493545532,0.6205790638923645,0.6385180354118347,0.6493266224861145,0.6169571280479431,PALM
0.44071346521377563,0.8691790103912354,0.396677702665329,0.729281485080719,0.39092206954956055,0.6228572130203247,0.38783976435661316,0.5410476922988892,0.3771158456802368,0.4783473312854767,0.47719666361808777,0.5804836750030518,0.5023911595344543,0.4597720503807068,0.5185613036155701,0.3893963694572449,0.5342779755592346,0.33087658882141113,0.5125203132629395,0.6164315342903137,0.559643030166626,0.5016555786132812,0.5906379222869873,0.43935108184814453,0.6159953474998474,0.39190903306007385,0.5348678827285767,0.6623722314834595,0.5850128531455994,0.5767941474914551,0.6178687810897827,0.5300037860870361,0.6482220888137817,0.49138227105140686,0.546074390411377,0.7137460112571716,0.5936642289161682,0.6786218285560608,0.6207498908042908,0.6662041544914246,0.6496411561965942,0.6495019793510437,PALM
0.44359511137008667,0.8737776279449463,0.40044257044792175,0.7395516633987427,0.3947264552116394,0.6314190626144409,0.3914016783237457,0.5480744242668152,0.38272249698638916,0.48345431685447693,0.4814850389957428,0.5885014533996582,0.5063524842262268,0.47091612219810486,0.5228687524795532,0.40241411328315735,0.5385600924491882,0.34568729996681213,0.5157964825630188,0.62579745054245,0.5612942576408386,0.5224911570549011,0.5914348363876343,0.4693751335144043,0.6165428161621094,0.4281602203845978,0.5368003845214844,0.6736822128295898,0.5854772925376892,0.594683825969696,0.6195154786109924,0.5493548512458801,0.6506890058517456,0.5119993686676025,0.548329770565033,0.7270703911781311,0.5936346054077148,0.6923879384994507,0.6204707622528076,0.680010974407196,0.649734377861023,0.6637631058692932,PALM
0.4424484074115753,0.8681753277778625,0.3991643488407135,0.7380075454711914,0.3947001099586487,0.6297168135643005,0.3921836018562317,0.5445477366447449,0.38301753997802734,0.4846523404121399,0.4812662601470947,0.5875765681266785,0.5058370232582092,0.4726669490337372,0.5216219425201416,0.4075852632522583,0.536592960357666,0.35482048988342285,0.5138081908226013,0.6244761347770691,0.5549414157867432,0.5284271240234375,0.5793600082397461,0.47756627202033997,0.5996875762939453,0.43713656067848206,0.5339510440826416,0.6738268733024597,0.584215521812439,0.6003119945526123,0.6175994873046875,0.5566805005073547,0.6468124985694885,0.5211899280548096,0.5429561734199524,0.7285137176513672,0.5897214412689209,0.6946556568145752,0.6175238490104675,0.6834613680839539,0.6467537879943848,0.6703559756278992,PALM
0.44360676407814026,0.8645675778388977,0.39709368348121643,0.7332943081855774,0.3927554488182068,0.6281383037567139,0.39049476385116577,0.5440788865089417,0.3810575008392334,0.48606470227241516,0.47979894280433655,0.5860286951065063,0.5035114884376526,0.47084176540374756,0.5190034508705139,0.40525755286216736,0.5341953635215759,0.3538740575313568,0.5125311613082886,0.623289167881012,0.554325520992279,0.5231267213821411,0.5797679424285889,0.470944881439209,0.6012896299362183,0.43057239055633545,0.5337038636207581,0.6727988123893738,0.5831863284111023,0.5980526208877563,0.6156256198883057,0.5552821159362793,0.6443958878517151,0.5200481414794922,0.5435276627540588,0.7283173203468323,0.5898973345756531,0.6931791305541992,0.6161641478538513,0.6825994849205017,0.6441485285758972,0.6694939732551575,PALM
0.4424900710582733,0.8588047623634338,0.3969651460647583,0.731141984462738,0.3930903673171997,0.6273218393325806,0.3921799659729004,0.5429397821426392,0.3840266764163971,0.48424339294433594,0.48115700483322144,0.5893993377685547,0.5049312114715576,0.47365114092826843,0.5202807784080505,0.4074060618877411,0.5357038974761963,0.3556928038597107,0.5134086608886719,0.6275354623794556,0.5554842352867126,0.5296775102615356,0.5797634124755859,0.47752922773361206,0.6008279323577881,0.4374854266643524,0.533614456653595,0.6777769327163696,0.5833612084388733,0.6035500764846802,0.615066409111023,0.5600307583808899,0.6442352533340454,0.5240678787231445,0.542846143245697,0.7332384586334229,0.589111328125,0.7022942900657654,0.6149460077285767,0.6935814619064331,0.6432273983955383,0.681145966053009,PALM
0.43922293186187744,0.8641448020935059,0.39607033133506775,0.7274072170257568,0.3950730860233307,0.6254857778549194,0.39470264315605164,0.5429219603538513,0.38725370168685913,0.4838745892047882,0.4808037281036377,0.5883859395980835,0.5063913464546204,0.4761609137058258,0.5227861404418945,0.41097426414489746,0.5387822985649109,0.36213523149490356,0.5121961236000061,0.6292852759361267,0.555803120136261,0.5303147435188293,0.5815046429634094,0.47725316882133484,0.602870523929596,0.43809041380882263,0.5324191451072693,0.6815365552902222,0.5818431973457336,0.6085553765296936,0.6135913133621216,0.5668874979019165,0.6416741609573364,0.5327179431915283,0.5419153571128845,0.7376342415809631,0.5892444849014282,0.7088789343833923,0.6153542399406433,0.7019476890563965,0.6434313654899597,0.6906455755233765,PALM
0.4251648187637329,0.8457640409469604,0.39560064673423767,0.7206978797912598,0.40399548411369324,0.6191723346710205,0.4149678349494934,0.5348391532897949,0.4104476571083069,0.47409674525260925,0.4853929877281189,0.6005542874336243,0.5201956033706665,0.4870780110359192,0.5405285358428955,0.42507481575012207,0.5579710602760315,0.3729088306427002,0.5187828540802002,0.643288254737854,0.5744910836219788,0.54433274269104,0.6058818101882935,0.48998889327049255,0.6301915645599365,0.4456208050251007,0.5359794497489929,0.6996729969978333,0.594909131526947,0.6420266032218933,0.6308757066726685,0.6090632081031799,0.6603381633758545,0.5833958387374878,0.5410980582237244,0.7624252438545227,0.5888187885284424,0.7425445914268494,0.6160016059875488,0.7379828095436096,0.642036497592926,0.7320741415023804,PALM
0.4080045819282532,0.8300904035568237,0.38876116275787354,0.7153584957122803,0.4038047790527344,0.6138884425163269,0.4236236810684204,0.5346214175224304,0.42505842447280884,0.4726477861404419,0.4836314022541046,0.6024119853973389,0.5259693264961243,0.4941311478614807,0.549705982208252,0.4341672658920288,0.5692980885505676,0.3881165683269501,0.5134462714195251,0.6477797031402588,0.5742414593696594,0.5557390451431274,0.6101043224334717,0.5006217956542969,0.6370298862457275,0.4659269452095032,0.5298967361450195,0.710074782371521,0.5917221903800964,0.6635237336158752,0.628919780254364,0.6384955048561096,0.6576574444770813,0.6212217211723328,0.5326306223869324,0.7779560089111328,0.5826454758644104,0.7703390121459961,0.6129612326622009,0.7698501348495483,0.6377547383308411,0.7674017548561096,PALM
0.37406662106513977,0.7916118502616882,0.37731024622917175,0.6722076535224915,0.4091658294200897,0.594730794429779,0.44412997364997864,0.5361188054084778,0.46358683705329895,0.48320791125297546,0.4778313636779785,0.6097614169120789,0.5385734438896179,0.5353443622589111,0.5739818811416626,0.4890354573726654,0.6020496487617493,0.45286133885383606,0.5010148286819458,0.6609269380569458,0.5773771405220032,0.6053431034088135,0.6230526566505432,0.5696467161178589,0.657662034034729,0.548028290271759,0.5115028619766235,0.7212582230567932,0.5825507044792175,0.7015683054924011,0.6270931363105774,0.6924036145210266,0.6611744165420532,0.6889351606369019,0.5094440579414368,0.7821809649467468,0.561999499797821,0.7991539239883423,0.5947791934013367,0.8107847571372986,0.6217306852340698,0.8217061161994934,PALM
0.34134721755981445,0.7716418504714966,0.352681428194046,0.6538329720497131,0.39410120248794556,0.5744695067405701,0.4381794035434723,0.522783100605011,0.4656793475151062,0.47061529755592346,0.45189061760902405,0.5913572311401367,0.5242876410484314,0.5283421874046326,0.5676751732826233,0.4919886291027069,0.6010764241218567,0.4659916162490845,0.4705577492713928,0.6515817046165466,0.5562571287155151,0.6095594763755798,0.6089016795158386,0.5901021361351013,0.6462657451629639,0.5813860893249512,0.47720664739608765,0.7207918763160706,0.5563173890113831,0.7126631736755371,0.6066126227378845,0.7167534828186035,0.6428882479667664,0.7206275463104248,0.4726504683494568,0.7877321243286133,0.5323151350021362,0.8099141120910645,0.5666065216064453,0.8226122856140137,0.5943840146064758,0.8298235535621643,PALM
0.32304370403289795,0.766652524471283,0.34976232051849365,0.6559193730354309,0.3974759578704834,0.5897014141082764,0.44008976221084595,0.5472965240478516,0.4700622856616974,0.5050037503242493,0.43795329332351685,0.5944711565971375,0.5158211588859558,0.5455080270767212,0.5591264367103577,0.5168172717094421,0.5921833515167236,0.4932490587234497,0.445526123046875,0.6494805812835693,0.5374988317489624,0.6294280886650085,0.5912502408027649,0.6268823742866516,0.6303145885467529,0.6306256055831909,0.4459408223628998,0.7161248326301575,0.5296517610549927,0.731460690498352,0.5800268650054932,0.7450438737869263,0.6192376613616943,0.7558327913284302,0.4389287829399109,0.783534586429596,0.49877965450286865,0.8296389579772949,0.5334008932113647,0.8559799194335938,0.5633133053779602,0.876591145992279,PALM
0.3112865686416626,0.7689098715782166,0.3618372678756714,0.6883090138435364,0.4208444058895111,0.6587426066398621,0.4667322337627411,0.6486939191818237,0.499180406332016,0.633969783782959,0.45087143778800964,0.628680944442749,0.5252850651741028,0.6458842754364014,0.5670855641365051,0.6707470417022705,0.5984380841255188,0.6914937496185303,0.4417319893836975,0.6659141182899475,0.5292023420333862,0.7084923386573792,0.5760546326637268,0.74308180809021,0.6130962371826172,0.7745521068572998,0.4278501868247986,0.7192684412002563,0.5099183320999146,0.7828539609909058,0.5521529912948608,0.8301581740379333,0.5840935707092285,0.8667523860931396,0.4114765524864197,0.7811830043792725,0.46614325046539307,0.849018931388855,0.5002902746200562,0.8850342035293579,0.5311587452888489,0.9140509963035583,PALM
0.2938753664493561,0.7955923080444336,0.3659670054912567,0.803391695022583,0.4250168800354004,0.8217392563819885,0.4695154130458832,0.8512375354766846,0.5025578737258911,0.8716366291046143,0.4572417438030243,0.7494454383850098,0.5206326842308044,0.8027756214141846,0.5519694685935974,0.863114595413208,0.5734261274337769,0.9159302711486816,0.4487222731113434,0.7506579756736755,0.5200112462043762,0.8206577897071838,0.556786060333252,0.8891319632530212,0.5839958786964417,0.9501177072525024,0.43321776390075684,0.7693176865577698,0.4988073408603668,0.8578776121139526,0.5338442921638489,0.9286273717880249,0.5575599074363708,0.98779296875,0.41230958700180054,0.8039031028747559,0.4567892253398895,0.8864558935165405,0.4846077859401703,0.9355788826942444,0.5077390074729919,0.9770885109901428,PALM
0.2887428104877472,0.8418495655059814,0.33489251136779785,0.815056324005127,0.3898249566555023,0.8323160409927368,0.43050944805145264,0.8630905747413635,0.4599393308162689,0.8955902457237244,0.43425965309143066,0.816980242729187,0.4762360751628876,0.8923805952072144,0.4958536922931671,0.9538728594779968,0.5061958432197571,1.0055598020553589,0.43783482909202576,0.8250836133956909,0.4843328595161438,0.9074965119361877,0.5005376935005188,0.9664902687072754,0.5084911584854126,1.0173059701919556,0.4341830313205719,0.843674898147583,0.4791043996810913,0.9270763993263245,0.49363911151885986,0.9865076541900635,0.49941062927246094,1.0349730253219604,0.427470326423645,0.8723666071891785,0.4603784382343292,0.9408644437789917,0.47195228934288025,0.9844387769699097,0.47693702578544617,1.020182490348816,PALM
0.6699766516685486,0.7722362875938416,0.6965996623039246,0.7110955715179443,0.6992026567459106,0.6455336809158325,0.6976004838943481,0.5907930135726929,0.7130199074745178,0.5589314699172974,0.6545242071151733,0.583269476890564,0.6474683880805969,0.49071091413497925,0.6449710130691528,0.4321337640285492,0.6456141471862793,0.38614583015441895,0.6336425542831421,0.5893725752830505,0.6145585775375366,0.4877338111400604,0.6037311553955078,0.4223408102989197,0.5974599123001099,0.36817681789398193,0.6134729385375977,0.6123754382133484,0.5911497473716736,0.5156057476997375,0.5766420960426331,0.4551458954811096,0.5673575401306152,0.4043137729167938,0.5935449600219727,0.6493404507637024,0.5673782825469971,0.5853109955787659,0.5550501346588135,0.5440031886100769,0.5455800294876099,0.5026997327804565,PALM
0.6731382012367249,0.7842698693275452,0.7026453018188477,0.7117210626602173,0.7095922827720642,0.6394472718238831,0.7129685282707214,0.5772262811660767,0.7277008891105652,0.5353026390075684,0.6530328392982483,0.584696888923645,0.6462666988372803,0.48953837156295776,0.642580509185791,0.42712435126304626,0.6418226957321167,0.3784371614456177,0.6273040175437927,0.593801736831665,0.6047236919403076,0.48899316787719727,0.591471791267395,0.42037391662597656,0.5831292271614075,0.367167204618454,0.6056385636329651,0.6202476620674133,0.5784741640090942,0.525971531867981,0.5623511075973511,0.46461373567581177,0.5521284341812134,0.41538292169570923,0.5867069959640503,0.6602447032928467,0.5573369264602661,0.6033579111099243,0.5422530770301819,0.5615170001983643,0.5318505167961121,0.5211284756660461,PALM
0.6720155477523804,0.7860118746757507,0.7031599879264832,0.7104910016059875,0.7130119204521179,0.6336121559143066,0.7184871435165405,0.5649814605712891,0.734221339225769,0.5183892846107483,0.6514943242073059,0.5749330520629883,0.644540011882782,0.4734865427017212,0.639564573764801,0.41037747263908386,0.6372308135032654,0.3623698949813843,0.6223805546760559,0.589483380317688,0.5976681709289551,0.48399314284324646,0.5836106538772583,0.4201986789703369,0.5740845203399658,0.372994989156723,0.5997954607009888,0.6202670931816101,0.5714910626411438,0.526688277721405,0.5539915561676025,0.4691569209098816,0.5418273210525513,0.42552661895751953,0.5833457708358765,0.6605636477470398,0.5535206198692322,0.6064499616622925,0.5368146300315857,0.5700090527534485,0.524167001247406,0.5359395146369934,PALM
0.6737189292907715,0.791015088558197,0.7050989866256714,0.7119215726852417,0.7137391567230225,0.630089521408081,0.7186107635498047,0.5585179924964905,0.7337267398834229,0.5094528198242188,0.6494502425193787,0.5734055638313293,0.6399247646331787,0.4683809280395508,0.6336250305175781,0.40658968687057495,0.6294839382171631,0.3597542643547058,0.6210010647773743,0.5889040231704712,0.5938743352890015,0.48090308904647827,0.5775343179702759,0.4201728403568268,0.5650902390480042,0.3762824833393097,0.5987138748168945,0.620378315448761,0.5693508386611938,0.5285283923149109,0.5507633686065674,0.474181205034256,0.5362020134925842,0.4340073764324188,0.5827354788780212,0.6618574857711792,0.5537156462669373,0.6078753471374512,0.5363600254058838,0.5734400749206543,0.5217593908309937,0.5430576801300049,PALM
0.6680694818496704,0.8016414642333984,0.6968234181404114,0.7170609831809998,0.7044680118560791,0.6318636536598206,0.709470808506012,0.5632649660110474,0.7253550887107849,0.5169562697410583,0.6379417777061462,0.5703378915786743,0.631443977355957,0.47295957803726196,0.6272110939025879,0.4124493896961212,0.6239571571350098,0.364629328250885,0.6108575463294983,0.5870401263237,0.5857313871383667,0.4847983121871948,0.5708537101745605,0.4240598976612091,0.5596319437026978,0.377583771944046,0.5904561281204224,0.6189337372779846,0.561874508857727,0.5338945984840393,0.5442923307418823,0.4817206859588623,0.5311735272407532,0.4402884244918823,0.5757002830505371,0.6634814739227295,0.5482021570205688,0.6145596504211426,0.5307741165161133,0.5802358984947205,0.516015350818634,0.5484667420387268,PALM
0.6645182967185974,0.8050479292869568,0.6928402185440063,0.7193604111671448,0.6996849179267883,0.6349856853485107,0.7033839225769043,0.5663796663284302,0.7194575071334839,0.5209629535675049,0.6337512135505676,0.5803961157798767,0.6230075359344482,0.48296552896499634,0.6180585026741028,0.4250623881816864,0.6153300404548645,0.38043397665023804,0.6072075963020325,0.5981047749519348,0.5806746482849121,0.49469947814941406,0.5647534728050232,0.43600642681121826,0.5529714822769165,0.39101073145866394,0.5871255993843079,0.6307793855667114,0.5578887462615967,0.5447610020637512,0.5397102236747742,0.49320465326309204,0.5264959931373596,0.4524318277835846,0.5726404786109924,0.6755856275558472,0.5440356135368347,0.6278300285339355,0.5263512134552002,0.5947673916816711,0.5119689106941223,0.565433919429779,PALM
0.6641430854797363,0.8031834959983826,0.6920281052589417,0.7202059626579285,0.6987611055374146,0.6356164813041687,0.7029753923416138,0.5655532479286194,0.7184388637542725,0.520815372467041,0.6348992586135864,0.5859422087669373,0.6235299706459045,0.4888395667076111,0.6163959503173828,0.4334830939769745,0.6114398837089539,0.3924056589603424,0.6074312329292297,0.6037230491638184,0.5807144045829773,0.49957865476608276,0.5634544491767883,0.44075244665145874,0.5492101311683655,0.39596229791641235,0.5866316556930542,0.6365172863006592,0.5563621520996094,0.5499974489212036,0.5373648405075073,0.4988043010234833,0.5225688219070435,0.45985305309295654,0.5716692805290222,0.6795143485069275,0.5414427518844604,0.6316795945167542,0.5231373310089111,0.5990840792655945,0.5083000659942627,0.5703902840614319,PALM
0.6620508432388306,0.7983009815216064,0.687810480594635,0.7145617008209229,0.6920262575149536,0.6383919715881348,0.6931923627853394,0.573032021522522,0.7077136635780334,0.5289360284805298,0.6328198313713074,0.5892205238342285,0.6204715967178345,0.49961045384407043,0.6124608516693115,0.4448135197162628,0.6062152981758118,0.4022662937641144,0.6063427925109863,0.6042323112487793,0.580610454082489,0.5018293261528015,0.5628097653388977,0.44160139560699463,0.548301637172699,0.3947169780731201,0.5857099294662476,0.6358605623245239,0.5550679564476013,0.5498369932174683,0.5347236394882202,0.49788179993629456,0.5191824436187744,0.4564005136489868,0.5699161291122437,0.6804964542388916,0.5380868315696716,0.6345668435096741,0.5197317600250244,0.6023033261299133,0.5046787261962891,0.572208821773529,PALM
0.6646270155906677,0.7986412644386292,0.6745437383651733,0.7216048836708069,0.6673251390457153,0.6542730331420898,0.6601946949958801,0.6051292419433594,0.6714655160903931,0.5672346949577332,0.6353145837783813,0.591209888458252,0.6196090579032898,0.5062548518180847,0.6104645133018494,0.4516393840312958,0.605609655380249,0.4114465117454529,0.6172255873680115,0.5988923907279968,0.5872861742973328,0.4977901577949524,0.5701697468757629,0.4391675591468811,0.5585755109786987,0.39443254470825195,0.5986738801002502,0.6232171058654785,0.5631773471832275,0.5325093865394592,0.543651819229126,0.47992774844169617,0.5315162539482117,0.4363074004650116,0.5795044898986816,0.6645151972770691,0.543612539768219,0.6107125282287598,0.5251114964485168,0.5734627842903137,0.5118085145950317,0.537622332572937,PALM
0.6658825278282166,0.8332971930503845,0.6290537118911743,0.7726444602012634,0.6157461404800415,0.7086378335952759,0.6063465476036072,0.6681389808654785,0.5994831919670105,0.6312389373779297,0.6284472346305847,0.624915599822998,0.6117734909057617,0.5343169569969177,0.6007524728775024,0.47185811400413513,0.5939182639122009,0.4221697449684143,0.634671688079834,0.6220117807388306,0.6131500005722046,0.5121443867683411,0.6004292368888855,0.44399017095565796,0.5933977961540222,0.3875799775123596,0.628922700881958,0.6343546509742737,0.6061273217201233,0.5261061191558838,0.5928434729576111,0.46446168422698975,0.5859135985374451,0.4120902121067047,0.610443115234375,0.6553249359130859,0.5886743068695068,0.5860105156898499,0.5768633484840393,0.539595365524292,0.5697518587112427,0.4952445924282074,PALM
0.6623467803001404,0.8400558233261108,0.6117201447486877,0.7854325771331787,0.5957923531532288,0.7291833758354187,0.582646369934082,0.6910950541496277,0.5699878931045532,0.6611223816871643,0.6033435463905334,0.6218729615211487,0.6010799407958984,0.5519840717315674,0.5962305665016174,0.5063841938972473,0.5922943949699402,0.4685627818107605,0.6141068339347839,0.6206643581390381,0.6128066182136536,0.5334749817848206,0.6084778904914856,0.48368868231773376,0.6033796072006226,0.44297245144844055,0.6238791346549988,0.6290813088417053,0.6264144778251648,0.5468839406967163,0.6223459243774414,0.4960612654685974,0.6174313426017761,0.45262211561203003,0.633482813835144,0.6446164846420288,0.6347768306732178,0.573024332523346,0.6316148042678833,0.5266410112380981,0.6293014287948608,0.48335498571395874,PALM
0.6503673791885376,0.8345530033111572,0.6038981676101685,0.7924782037734985,0.5802360773086548,0.7289213538169861,0.5611036419868469,0.6890150904655457,0.5439071655273438,0.6675711274147034,0.6083182692527771,0.609684407711029,0.6065280437469482,0.5318001508712769,0.6039921045303345,0.48686274886131287,0.6019449830055237,0.4481496214866638,0.6262531876564026,0.6018019914627075,0.6341918706893921,0.5081629157066345,0.6373044848442078,0.4496563971042633,0.6403561234474182,0.40556058287620544,0.6409702897071838,0.6097474098205566,0.6515427827835083,0.521307110786438,0.6555489301681519,0.4681593179702759,0.6565608978271484,0.4207706153392792,0.6521438360214233,0.6284852027893066,0.6631019115447998,0.5603084564208984,0.667736828327179,0.5154597759246826,0.6711634397506714,0.47276970744132996,PALM
0.6472069025039673,0.8396028280258179,0.6018691658973694,0.7993906736373901,0.5661041736602783,0.7274708151817322,0.539998471736908,0.6806939840316772,0.5145407319068909,0.6658219695091248,0.6105051040649414,0.6038205027580261,0.6015687584877014,0.530017614364624,0.5974207520484924,0.4863370954990387,0.5952248573303223,0.44675394892692566,0.6365385055541992,0.5957229733467102,0.641054630279541,0.5110059380531311,0.6435421109199524,0.4599653482437134,0.6449835896492004,0.41783735156059265,0.6592711210250854,0.6059139370918274,0.672353208065033,0.5263869166374207,0.6789865493774414,0.4756142497062683,0.68270343542099,0.4301251769065857,0.6767001748085022,0.6298106908798218,0.6926061511039734,0.5689342617988586,0.7030037641525269,0.5283637046813965,0.7117472290992737,0.4889931082725525,PALM
0.6489039063453674,0.8434978127479553,0.6003322005271912,0.803618311882019,0.5604748725891113,0.72722989320755,0.5300940871238708,0.6763356328010559,0.501084566116333,0.6543219685554504,0.6085988283157349,0.6038587689399719,0.596644937992096,0.5277122855186462,0.5910149812698364,0.48143652081489563,0.587926983833313,0.4442332088947296,0.6384689211845398,0.5969504714012146,0.6406033039093018,0.5101834535598755,0.642119824886322,0.4591876268386841,0.6424761414527893,0.4193173348903656,0.6664023995399475,0.6090063452720642,0.6780345439910889,0.5289738178253174,0.6857602596282959,0.4770773947238922,0.6906471252441406,0.43480247259140015,0.6887912154197693,0.6354919075965881,0.7078515291213989,0.577732503414154,0.7204952239990234,0.5361643433570862,0.7318155765533447,0.4986856281757355,PALM
0.6463517546653748,0.8456776142120361,0.5988042950630188,0.8061336278915405,0.5577863454818726,0.728390634059906,0.5260798335075378,0.6761569380760193,0.49677574634552,0.6530000567436218,0.6046310663223267,0.6029334664344788,0.5914513468742371,0.5257267951965332,0.5841920971870422,0.4805300533771515,0.5790213346481323,0.4419476389884949,0.6355680823326111,0.5967780351638794,0.6362737417221069,0.5131612420082092,0.6368663907051086,0.4648134112358093,0.6360094547271729,0.4274601936340332,0.6644128561019897,0.6098704934120178,0.6749289631843567,0.5327861309051514,0.681407630443573,0.4829804301261902,0.6846302151679993,0.4410484731197357,0.6880949139595032,0.636164665222168,0.7069770693778992,0.5806571245193481,0.7193549871444702,0.5426667332649231,0.7302901148796082,0.5068035125732422,PALM
0.6459099650382996,0.8468935489654541,0.5989397168159485,0.8081820607185364,0.5576651096343994,0.7307975888252258,0.5249110460281372,0.679570734500885,0.4949789345264435,0.6574553847312927,0.6025525331497192,0.6062793135643005,0.5876430869102478,0.5280897617340088,0.5793757438659668,0.4816000461578369,0.5734233260154724,0.4424602687358856,0.6335443258285522,0.5988754034042358,0.6313551664352417,0.5124982595443726,0.629693329334259,0.46029534935951233,0.6266565918922424,0.41978806257247925,0.6631001830101013,0.6117982268333435,0.6721827387809753,0.5336008667945862,0.6777238845825195,0.48263320326805115,0.6799376010894775,0.4402255415916443,0.6877660155296326,0.6382538676261902,0.7069100737571716,0.5843524932861328,0.7187548875808716,0.5458032488822937,0.7291039228439331,0.5093258619308472,PALM
