0.7957022190093994,0.8449940085411072,0.8155670762062073,0.8507717251777649,0.8311512470245361,0.8748160004615784,0.8364656567573547,0.9003658294677734,0.8376911878585815,0.9228830933570862,0.8376956582069397,0.8839313983917236,0.85404372215271,0.9276857972145081,0.8558061718940735,0.9526335000991821,0.8529101014137268,0.9651999473571777,0.8313246369361877,0.892591118812561,0.847506046295166,0.9371369481086731,0.8482435941696167,0.9602039456367493,0.844939649105072,0.9696783423423767,0.8210657835006714,0.9003329277038574,0.8349667191505432,0.9434069991111755,0.8351327776908875,0.9616597294807434,0.8323009610176086,0.967987596988678,0.8072758913040161,0.9073027968406677,0.8170305490493774,0.9421776533126831,0.8179680109024048,0.9531899094581604,0.816615879535675,0.9542710781097412,Thumb
0.7606858611106873,0.8796244263648987,0.7760220766067505,0.9204052686691284,0.7777293920516968,0.962795615196228,0.7690010070800781,0.9951150417327881,0.7608847618103027,1.0154340267181396,0.7595726847648621,0.9612149000167847,0.7471213340759277,0.9999768733978271,0.744744598865509,1.018662452697754,0.7455903887748718,1.0281212329864502,0.7429282665252686,0.949368953704834,0.7316664457321167,0.9907263517379761,0.7331140637397766,1.0071665048599243,0.7367594242095947,1.0128525495529175,0.7309169769287109,0.9357101321220398,0.7244094610214233,0.9743849635124207,0.7302319407463074,0.980637788772583,0.7358940243721008,0.9759191274642944,0.7229123115539551,0.9217433333396912,0.7223802208900452,0.9502130746841431,0.7282178401947021,0.9558708071708679,0.7329304814338684,0.9512810707092285,Thumb
0.18838106095790863,1.0161508321762085,0.19488674402236938,0.888451099395752,0.23264186084270477,0.7773559093475342,0.2585304081439972,0.6830114722251892,0.2521376311779022,0.5997716784477234,0.2845265567302704,0.8224127292633057,0.38010257482528687,0.8048608303070068,0.36217615008354187,0.8141934871673584,0.33054572343826294,0.8214476704597473,0.2993786931037903,0.9023101329803467,0.39180541038513184,0.8838112950325012,0.3676321506500244,0.8836578726768494,0.3359207510948181,0.8865996599197388,0.305722177028656,0.9738019108772278,0.3848944306373596,0.9543463587760925,0.36396870017051697,0.951246976852417,0.33641156554222107,0.9535925388336182,0.30759909749031067,1.0343432426452637,0.3657399117946625,1.0112249851226807,0.3489955961704254,1.0077495574951172,0.32677575945854187,1.0094112157821655,Thumb
0.1979687213897705,0.9483438730239868,0.20465390384197235,0.8124013543128967,0.23200742900371552,0.699580192565918,0.25554269552230835,0.6025816798210144,0.24617011845111847,0.5288586616516113,0.3017958998680115,0.7068237662315369,0.3679516017436981,0.697627067565918,0.34954315423965454,0.7271364331245422,0.3232392370700836,0.7370571494102478,0.32216140627861023,0.7783457040786743,0.3733702600002289,0.7611658573150635,0.3527577221393585,0.783697783946991,0.328531414270401,0.7954604625701904,0.33242183923721313,0.8524700999259949,0.372750848531723,0.8241773843765259,0.3550976812839508,0.8407323360443115,0.3316860795021057,0.8530159592628479,0.33801600337028503,0.9209626317024231,0.3666674792766571,0.8825142979621887,0.3492495119571686,0.8927971720695496,0.3301340639591217,0.9059187173843384,Thumb
0.20267190039157867,0.9007430076599121,0.2008955478668213,0.7691352367401123,0.21447445452213287,0.6603625416755676,0.23282292485237122,0.5655713081359863,0.22824031114578247,0.49905362725257874,0.2921231687068939,0.662988007068634,0.3425822854042053,0.6476597189903259,0.326271116733551,0.672532856464386,0.30609792470932007,0.6870923042297363,0.3153446912765503,0.7260958552360535,0.35500290989875793,0.7023940086364746,0.33749106526374817,0.7198342084884644,0.3174135684967041,0.7356659173965454,0.32756489515304565,0.7932804226875305,0.3582318425178528,0.7618175745010376,0.3436514437198639,0.7760302424430847,0.3237389624118805,0.79237300157547,0.33373746275901794,0.8562406897544861,0.3575153052806854,0.8201107382774353,0.3415476083755493,0.8305193185806274,0.324053019285202,0.8457576036453247,Thumb
0.20676377415657043,0.8899518251419067,0.20551373064517975,0.758547842502594,0.22224296629428864,0.6532434225082397,0.23579856753349304,0.5618796944618225,0.2244575172662735,0.49834293127059937,0.30411484837532043,0.662269115447998,0.3471725881099701,0.6597886681556702,0.3288460075855255,0.6847712993621826,0.3094344735145569,0.693359911441803,0.32372069358825684,0.7229211330413818,0.3537459373474121,0.7156831622123718,0.334879994392395,0.7326009273529053,0.3157654106616974,0.7446521520614624,0.3309974670410156,0.7903585433959961,0.35495129227638245,0.7716881632804871,0.3401571810245514,0.7848650217056274,0.31922101974487305,0.7987238764762878,0.3332546055316925,0.8525320291519165,0.3514605164527893,0.8250901103019714,0.3359488844871521,0.8333314657211304,0.3185127377510071,0.8458077311515808,Thumb
0.2065441757440567,0.8705695271492004,0.20807243883609772,0.7401577830314636,0.22747363150119781,0.6395226120948792,0.24697326123714447,0.5512055158615112,0.24157369136810303,0.4856038987636566,0.3051241338253021,0.6546553373336792,0.346998929977417,0.6600605249404907,0.3292405307292938,0.6831810474395752,0.3101860582828522,0.6898791790008545,0.3234924376010895,0.7172873616218567,0.3513670265674591,0.7148608565330505,0.3328358232975006,0.7297908663749695,0.3137718439102173,0.7404192090034485,0.3291275203227997,0.7847727537155151,0.34992581605911255,0.7693191766738892,0.33557137846946716,0.7813290953636169,0.3151630461215973,0.7938193082809448,0.3302280902862549,0.8459345102310181,0.34425607323646545,0.8216338753700256,0.32946738600730896,0.8296322822570801,0.3135145604610443,0.8405051827430725,Thumb
0.21286465227603912,0.8436218500137329,0.21493184566497803,0.717868447303772,0.23337559401988983,0.6208252310752869,0.252472847700119,0.5353009104728699,0.2500433027744293,0.47061222791671753,0.308315247297287,0.6411051154136658,0.3507280647754669,0.6485716104507446,0.3335004150867462,0.6708444356918335,0.31395241618156433,0.6766620874404907,0.32388898730278015,0.7019760608673096,0.35228273272514343,0.7058159708976746,0.3334448039531708,0.7194817662239075,0.3138154149055481,0.7277762293815613,0.3274616599082947,0.7680649757385254,0.35096707940101624,0.7588151097297668,0.3356536626815796,0.7701435089111328,0.31523698568344116,0.7802645564079285,0.3275684714317322,0.8278428316116333,0.344623327255249,0.8091443777084351,0.3288916051387787,0.8165302276611328,0.3130924701690674,0.826219379901886,Thumb
0.224482923746109,0.8213493824005127,0.2310606837272644,0.7046010494232178,0.25295886397361755,0.6083492636680603,0.2721147835254669,0.5275272727012634,0.2705465853214264,0.4658313989639282,0.3236545920372009,0.6290180683135986,0.3675016462802887,0.6476564407348633,0.34767234325408936,0.6676547527313232,0.32582390308380127,0.6689879298210144,0.3352643549442291,0.6913872361183167,0.36889031529426575,0.701337993144989,0.35020458698272705,0.7147648334503174,0.3300922214984894,0.7200171947479248,0.33726394176483154,0.7568913102149963,0.36428049206733704,0.7512281537055969,0.34892675280570984,0.7632774710655212,0.32880541682243347,0.7714495658874512,0.33570539951324463,0.8152036070823669,0.35498499870300293,0.7984861135482788,0.3390246331691742,0.8059902191162109,0.3231971561908722,0.8144434094429016,Thumb
0.22955065965652466,0.8062219023704529,0.24251127243041992,0.6929540634155273,0.2686654329299927,0.6002196073532104,0.2890649437904358,0.5226001739501953,0.2902395725250244,0.4615003764629364,0.32888171076774597,0.6199274063110352,0.37831419706344604,0.6511139273643494,0.35966894030570984,0.6739492416381836,0.3367885649204254,0.6715869903564453,0.3381677269935608,0.6817933320999146,0.37821125984191895,0.706016480922699,0.3597637712955475,0.7228789329528809,0.33815091848373413,0.7233065366744995,0.3391311466693878,0.7488735914230347,0.3726724088191986,0.7580211162567139,0.3553830683231354,0.7720653414726257,0.3333456814289093,0.775036633014679,0.33571597933769226,0.8099616169929504,0.36040666699409485,0.804771363735199,0.3428537845611572,0.811724841594696,0.32465389370918274,0.8137488961219788,Thumb
0.2251436412334442,0.7981910109519958,0.24444711208343506,0.7007097601890564,0.2839573919773102,0.6105120778083801,0.30886101722717285,0.5365931391716003,0.3099430203437805,0.4706856608390808,0.31568700075149536,0.6045551896095276,0.383084237575531,0.6630576848983765,0.36676856875419617,0.6876381039619446,0.3438262939453125,0.6787379384040833,0.31569451093673706,0.657102644443512,0.37951841950416565,0.7180233597755432,0.3587358593940735,0.7350116968154907,0.3359224200248718,0.7215580344200134,0.3126892149448395,0.7215192317962646,0.36921927332878113,0.7726645469665527,0.3475421965122223,0.7832179069519043,0.3255532383918762,0.7699751853942871,0.30841341614723206,0.7865751385688782,0.35202524065971375,0.8185007572174072,0.33227476477622986,0.8214542269706726,0.31171756982803345,0.8084055781364441,Thumb
0.22465446591377258,0.8246967792510986,0.26576051115989685,0.7481562495231628,0.3059826195240021,0.64898282289505,0.3226166069507599,0.5645348429679871,0.3209749162197113,0.4863913357257843,0.2779627740383148,0.5833165049552917,0.35828471183776855,0.6439339518547058,0.3413821756839752,0.6791538000106812,0.3186103105545044,0.6659305691719055,0.2620641887187958,0.6304197907447815,0.35177022218704224,0.7021181583404541,0.3312298655509949,0.7282567620277405,0.30734097957611084,0.7125666737556458,0.2527638077735901,0.6909343600273132,0.3385714292526245,0.7567630410194397,0.314116507768631,0.7735323309898376,0.2899836003780365,0.7554037570953369,0.24794183671474457,0.7549730539321899,0.3118249177932739,0.8042410016059875,0.293494313955307,0.8116603493690491,0.27111661434173584,0.7931575775146484,Thumb
0.24035124480724335,0.8673542141914368,0.2991480231285095,0.7751262784004211,0.31634628772735596,0.6552337408065796,0.3164932131767273,0.5688110589981079,0.317776083946228,0.48439279198646545,0.24729058146476746,0.5707799792289734,0.3188292682170868,0.5956198573112488,0.3116568624973297,0.6643047332763672,0.2907618582248688,0.6671032905578613,0.21893605589866638,0.6028634309768677,0.30401378870010376,0.6571568846702576,0.2969319224357605,0.7178260684013367,0.27632811665534973,0.708237886428833,0.20068475604057312,0.659105658531189,0.2850450873374939,0.717387855052948,0.281902551651001,0.7701889872550964,0.2618628144264221,0.76380455493927,0.18967710435390472,0.7233729958534241,0.2566598057746887,0.7678104043006897,0.26120802760124207,0.8019729852676392,0.24667446315288544,0.798214316368103,Thumb
0.233394593000412,0.8263001441955566,0.2748051583766937,0.7178448438644409,0.28113025426864624,0.5909373164176941,0.2831903398036957,0.5110784769058228,0.2937294542789459,0.45359858870506287,0.19681870937347412,0.5285840630531311,0.23682549595832825,0.5054781436920166,0.2539609968662262,0.573483943939209,0.24809011816978455,0.6056773066520691,0.16437064111232758,0.5527768135070801,0.212243914604187,0.5449087619781494,0.2327302098274231,0.6238008141517639,0.22388003766536713,0.6463372707366943,0.14144448935985565,0.6057331562042236,0.1858900785446167,0.602089524269104,0.20909187197685242,0.6747203469276428,0.20003177225589752,0.6915879249572754,0.1242142766714096,0.6719797849655151,0.15106962621212006,0.659467875957489,0.17400260269641876,0.7041129469871521,0.17446331679821014,0.7185898423194885,Thumb
0.20322802662849426,0.815516471862793,0.2454434633255005,0.6799299716949463,0.24206481873989105,0.5386331677436829,0.24147336184978485,0.44757115840911865,0.25557294487953186,0.3833739757537842,0.14236415922641754,0.5040522217750549,0.17924483120441437,0.4624868631362915,0.20267723500728607,0.5345936417579651,0.19273583590984344,0.5624577403068542,0.10634399205446243,0.541310727596283,0.15621651709079742,0.5155960321426392,0.18674930930137634,0.5964392423629761,0.16969554126262665,0.6103106737136841,0.0860595703125,0.6042232513427734,0.13039404153823853,0.5805816054344177,0.1645021140575409,0.6509674191474915,0.14761126041412354,0.6652935147285461,0.07191266119480133,0.6734288930892944,0.10054338723421097,0.6483670473098755,0.13177359104156494,0.6841874122619629,0.12642264366149902,0.6939391493797302,Thumb
0.20344007015228271,0.797855019569397,0.24085746705532074,0.6635769605636597,0.23278816044330597,0.5279828906059265,0.2243943214416504,0.4386674165725708,0.22939808666706085,0.37050309777259827,0.12538811564445496,0.4922719895839691,0.15845584869384766,0.4545329213142395,0.18889637291431427,0.5260335206985474,0.17904549837112427,0.5590749979019165,0.08939310908317566,0.5446565747261047,0.13682468235492706,0.5208610892295837,0.17631758749485016,0.5965695381164551,0.1588350236415863,0.6122602820396423,0.0706726685166359,0.6166069507598877,0.11269639432430267,0.5924816131591797,0.15287074446678162,0.6552246809005737,0.1361640840768814,0.6725848913192749,0.05900494381785393,0.6911133527755737,0.08504990488290787,0.6602829694747925,0.12004846334457397,0.6895772814750671,0.11604488641023636,0.7053318023681641,Thumb
0.20100519061088562,0.7924699783325195,0.2308708131313324,0.6632058620452881,0.21633511781692505,0.5247272253036499,0.20497868955135345,0.4279531240463257,0.20909586548805237,0.3590361177921295,0.11940116435289383,0.5122516751289368,0.11775805056095123,0.45003610849380493,0.1562521606683731,0.5126678943634033,0.15676544606685638,0.5486932396888733,0.0875057801604271,0.5674864649772644,0.095302514731884,0.5180662274360657,0.14590321481227875,0.5897903442382812,0.1334884762763977,0.6091651916503906,0.06799262017011642,0.6369295120239258,0.07441582530736923,0.5971972942352295,0.12456142157316208,0.6509045362472534,0.11407817155122757,0.6669076681137085,0.05340063199400902,0.7123435735702515,0.048816319555044174,0.6761835813522339,0.08998939394950867,0.693091869354248,0.09589213877916336,0.7052807807922363,Thumb
0.20091426372528076,0.8001924157142639,0.22455325722694397,0.6767493486404419,0.20593681931495667,0.5396451950073242,0.19108711183071136,0.44146236777305603,0.19405557215213776,0.3714299499988556,0.11034145951271057,0.5405876636505127,0.09057489037513733,0.4817686378955841,0.13606612384319305,0.5401449799537659,0.14658020436763763,0.5703085660934448,0.08331947773694992,0.6028360724449158,0.06771270185709,0.5481051802635193,0.12821486592292786,0.6142501831054688,0.1257658153772354,0.6314049363136292,0.06394952535629272,0.6711013913154602,0.04892110824584961,0.6264938116073608,0.10727530717849731,0.6761800050735474,0.106081023812294,0.6882007122039795,0.04769468680024147,0.745021641254425,0.029269536957144737,0.7128621339797974,0.07512538135051727,0.7260343432426453,0.08748309314250946,0.7309357523918152,Thumb
0.20740440487861633,0.8102349042892456,0.22943836450576782,0.6766395568847656,0.20743413269519806,0.5378431081771851,0.19000303745269775,0.44506415724754333,0.19601424038410187,0.37376368045806885,0.11415927112102509,0.5434919595718384,0.09434463828802109,0.48908865451812744,0.1397593915462494,0.5479713082313538,0.14398692548274994,0.5710546970367432,0.08669254183769226,0.6072062253952026,0.07321242243051529,0.5536551475524902,0.13355641067028046,0.6184066534042358,0.1257936805486679,0.6297556161880493,0.06785307824611664,0.6767544746398926,0.05605649575591087,0.6308677196502686,0.11291211098432541,0.6800500750541687,0.10608060657978058,0.6892654299736023,0.052571091800928116,0.7503333687782288,0.036047402769327164,0.7183290123939514,0.08139023929834366,0.7290716767311096,0.09101550281047821,0.7311186790466309,Thumb
0.2179604172706604,0.7821048498153687,0.24082417786121368,0.6449942588806152,0.22115813195705414,0.5103530287742615,0.20680983364582062,0.4191760718822479,0.2038138210773468,0.3497883081436157,0.10737838596105576,0.5160242915153503,0.13264422118663788,0.4665781557559967,0.1728573590517044,0.5266469120979309,0.1685740202665329,0.5565246939659119,0.07709670066833496,0.5764047503471375,0.11870849877595901,0.5380001664161682,0.16787788271903992,0.600058913230896,0.15305568277835846,0.6210847496986389,0.06522446125745773,0.6502400040626526,0.10182490944862366,0.6169312000274658,0.1504344791173935,0.6633592844009399,0.13677388429641724,0.6816556453704834,0.06145858392119408,0.7259604930877686,0.08363718539476395,0.6938349604606628,0.12325409799814224,0.7098320722579956,0.12287037074565887,0.7234135866165161,Thumb
0.22998416423797607,0.7708291411399841,0.2582828402519226,0.6269270777702332,0.2398061454296112,0.49184975028038025,0.22115951776504517,0.4079984426498413,0.21253450214862823,0.33105066418647766,0.12797360122203827,0.48156240582466125,0.18089203536510468,0.4494570195674896,0.2172766476869583,0.5072415471076965,0.2129451483488083,0.5349592566490173,0.09903150051832199,0.5475156307220459,0.17232511937618256,0.5230275988578796,0.2098313868045807,0.5774022936820984,0.19678767025470734,0.5960057973861694,0.0887698382139206,0.6206232905387878,0.1569332629442215,0.5998253226280212,0.1921292245388031,0.6400091648101807,0.1788407266139984,0.6554569005966187,0.08819699287414551,0.6956368684768677,0.14163006842136383,0.6762507557868958,0.17323336005210876,0.6972533464431763,0.1673201620578766,0.7115251421928406,Thumb
0.2336014360189438,0.7622931599617004,0.2584476172924042,0.6264674067497253,0.24444420635700226,0.49728283286094666,0.22828659415245056,0.40281108021736145,0.21670493483543396,0.31818094849586487,0.1517222374677658,0.46542638540267944,0.23850737512111664,0.4680449664592743,0.2567964792251587,0.5331557393074036,0.2384323626756668,0.5541248321533203,0.12821026146411896,0.5324389338493347,0.23737932741641998,0.5325899124145508,0.2520909905433655,0.5898898243904114,0.2336473912000656,0.6081569194793701,0.12294880300760269,0.6073287725448608,0.2248374968767166,0.6060099005699158,0.23984266817569733,0.6496180891990662,0.22050677239894867,0.6615718603134155,0.1287943571805954,0.6859792470932007,0.20908913016319275,0.6798190474510193,0.22367604076862335,0.7004812955856323,0.20720572769641876,0.7073808908462524,Thumb
0.19768813252449036,0.7772896885871887,0.21825473010540009,0.6348553895950317,0.21933810412883759,0.4943491518497467,0.21033264696598053,0.3943328261375427,0.19525665044784546,0.30103081464767456,0.16692666709423065,0.4740384519100189,0.270414799451828,0.47439080476760864,0.26410502195358276,0.5248244404792786,0.23517188429832458,0.5405441522598267,0.16440615057945251,0.5468277335166931,0.27958476543426514,0.539414644241333,0.2607928216457367,0.583854079246521,0.23400665819644928,0.5940021872520447,0.17322386801242828,0.6261268854141235,0.2794904410839081,0.6159670352935791,0.2581266462802887,0.652138352394104,0.22976809740066528,0.6542209386825562,0.1877078413963318,0.7007668018341064,0.26897215843200684,0.6858478784561157,0.2513202130794525,0.707470178604126,0.22333908081054688,0.7176669239997864,Thumb
0.1885831356048584,0.7348557710647583,0.19611795246601105,0.5936506390571594,0.19953356683254242,0.4650421142578125,0.1918325126171112,0.38021332025527954,0.17214424908161163,0.31174716353416443,0.17946098744869232,0.507194995880127,0.26137349009513855,0.46795302629470825,0.2567172050476074,0.497932106256485,0.23601865768432617,0.5078008770942688,0.18821261823177338,0.5876772999763489,0.290603905916214,0.5368286967277527,0.27366894483566284,0.5585653781890869,0.25014883279800415,0.5685701370239258,0.20198370516300201,0.6604007482528687,0.29765594005584717,0.6050894856452942,0.2810812294483185,0.6203076243400574,0.2626029849052429,0.625781238079071,0.2176336944103241,0.719958484172821,0.28955531120300293,0.6847497820854187,0.27827370166778564,0.690096378326416,0.26006945967674255,0.6970044374465942,Thumb
0.188389390707016,0.7231891751289368,0.18183042109012604,0.5959365963935852,0.19086681306362152,0.47255074977874756,0.18563373386859894,0.3875333368778229,0.16689147055149078,0.32414618134498596,0.19639331102371216,0.5279733538627625,0.2842283546924591,0.48170197010040283,0.2744671106338501,0.4991292655467987,0.2497578263282776,0.5108110904693604,0.2149329036474228,0.6044044494628906,0.30883243680000305,0.5436556935310364,0.2843589782714844,0.5602017641067505,0.2565738260746002,0.5808634757995605,0.23558667302131653,0.6696946024894714,0.3196633458137512,0.6071053743362427,0.2931307256221771,0.6203286647796631,0.2682803273200989,0.6374720931053162,0.2531922459602356,0.7229585647583008,0.3140290379524231,0.6811416149139404,0.2915704846382141,0.6876516342163086,0.26758894324302673,0.7013514041900635,Thumb
0.1947227269411087,0.7237734794616699,0.19045419991016388,0.6000210642814636,0.2052648365497589,0.47890883684158325,0.20925985276699066,0.391833633184433,0.19211384654045105,0.32671457529067993,0.2309010624885559,0.5340810418128967,0.3158041536808014,0.49878522753715515,0.2947903871536255,0.5071406364440918,0.26300063729286194,0.5189914703369141,0.25194302201271057,0.6117458343505859,0.33307379484176636,0.5584226846694946,0.30731046199798584,0.5576509237289429,0.27837488055229187,0.5754385590553284,0.2704141139984131,0.6789414882659912,0.3401245176792145,0.6216095685958862,0.3146754801273346,0.6183421611785889,0.28824910521507263,0.6372475624084473,0.28368285298347473,0.7343958020210266,0.3308768570423126,0.6860875487327576,0.3102338910102844,0.6836117506027222,0.28924572467803955,0.6996899843215942,Thumb
0.20206238329410553,0.7297608852386475,0.2037508636713028,0.6087881326675415,0.22507326304912567,0.4973606467247009,0.23973995447158813,0.4100111722946167,0.23026010394096375,0.34270450472831726,0.26168906688690186,0.5293779969215393,0.34201833605766296,0.5230650305747986,0.3203828036785126,0.5300964117050171,0.29128870368003845,0.5356714129447937,0.2791537046432495,0.6080945730209351,0.3526420295238495,0.5809559226036072,0.33032864332199097,0.5777961015701294,0.3049352765083313,0.5872610211372375,0.2917407751083374,0.6784831285476685,0.35520991683006287,0.6394113898277283,0.33205851912498474,0.6394908428192139,0.3073750436306,0.6535196900367737,0.3008793294429779,0.7380818128585815,0.34364980459213257,0.6995986700057983,0.3233083486557007,0.7019728422164917,0.30387082695961,0.7139503359794617,Thumb
0.21281640231609344,0.7320563793182373,0.22543634474277496,0.615561306476593,0.2494974285364151,0.521638810634613,0.2697771191596985,0.4462693929672241,0.2768048048019409,0.38989198207855225,0.3069324791431427,0.5335323810577393,0.3674100339412689,0.5543466806411743,0.3516233563423157,0.575982391834259,0.32754620909690857,0.5768097043037415,0.3203722834587097,0.6018770933151245,0.3730546832084656,0.6141546964645386,0.3557848334312439,0.627872109413147,0.33219119906425476,0.6311328411102295,0.3273102045059204,0.6722294688224792,0.3690771460533142,0.6737759113311768,0.35327768325805664,0.6843322515487671,0.3311775326728821,0.6882367134094238,0.32930681109428406,0.7352331280708313,0.3580852150917053,0.7276229858398438,0.3412037491798401,0.7351857423782349,0.32399627566337585,0.7371304631233215,Thumb
0.22038912773132324,0.7476944327354431,0.23618175089359283,0.6364763975143433,0.2648387849330902,0.5558971166610718,0.28739428520202637,0.4963839054107666,0.2977162003517151,0.4489992558956146,0.3384784162044525,0.5677367448806763,0.37531474232673645,0.6133437156677246,0.36820343136787415,0.6473140120506287,0.3551325798034668,0.6572479605674744,0.3498706519603729,0.6196476221084595,0.3755473494529724,0.6782935857772827,0.3587891161441803,0.7006663084030151,0.3396833837032318,0.7013904452323914,0.35078901052474976,0.682486891746521,0.3718526065349579,0.725532591342926,0.35379183292388916,0.7419309020042419,0.3342043161392212,0.7384397983551025,0.3466945290565491,0.746293306350708,0.36473312973976135,0.7718607187271118,0.3464522063732147,0.7801762819290161,0.32763034105300903,0.7728897333145142,Thumb
0.22192364931106567,0.7617631554603577,0.24768099188804626,0.6631502509117126,0.2860449254512787,0.5972779989242554,0.31005188822746277,0.5458532571792603,0.3128829896450043,0.4968508780002594,0.34759125113487244,0.5987424850463867,0.38861072063446045,0.6626161932945251,0.37626853585243225,0.6941204071044922,0.3587690591812134,0.6981191635131836,0.3554910123348236,0.6417536735534668,0.39119601249694824,0.7147992253303528,0.37469157576560974,0.7396286725997925,0.35538411140441895,0.7351685166358948,0.35405433177948,0.6982332468032837,0.3854692280292511,0.7645882368087769,0.36536604166030884,0.7825384140014648,0.34712928533554077,0.7692354321479797,0.3472823202610016,0.75978022813797,0.37249934673309326,0.811031699180603,0.3524041175842285,0.819722592830658,0.33454421162605286,0.8035691976547241,Thumb
0.21231471002101898,0.7619590759277344,0.2640818655490875,0.7150201201438904,0.3172549605369568,0.6847547292709351,0.3540334701538086,0.6930422782897949,0.3749646544456482,0.7077983021736145,0.34410881996154785,0.5825782418251038,0.4029023051261902,0.6844403147697449,0.37860217690467834,0.7145296335220337,0.3555910289287567,0.6997389197349548,0.3385350704193115,0.5969752669334412,0.3949870765209198,0.7250034213066101,0.36742889881134033,0.7494177222251892,0.3478070795536041,0.7271456122398376,0.3284550607204437,0.6332456469535828,0.38193368911743164,0.758418619632721,0.3514108657836914,0.7795713543891907,0.3308534324169159,0.7553916573524475,0.31692975759506226,0.6838490962982178,0.3574429452419281,0.78397136926651,0.3307730257511139,0.7995072603225708,0.31136777997016907,0.7785323262214661,Thumb
0.20570577681064606,0.7497546076774597,0.27965614199638367,0.736531674861908,0.32582953572273254,0.6892966628074646,0.3550374209880829,0.6527478098869324,0.3734166920185089,0.626788854598999,0.32706910371780396,0.5305041074752808,0.38496991991996765,0.6275815367698669,0.35678499937057495,0.6577224135398865,0.3366854190826416,0.6396779417991638,0.30874311923980713,0.5260348916053772,0.3704177439212799,0.6568450331687927,0.33828631043434143,0.6783860921859741,0.3197062015533447,0.6514065265655518,0.2884463667869568,0.5460599064826965,0.3444330394268036,0.6737563014030457,0.3124989867210388,0.691889762878418,0.29293960332870483,0.6679736375808716,0.2673799395561218,0.5810108184814453,0.31066158413887024,0.6772269606590271,0.2885175049304962,0.6955369114875793,0.270718514919281,0.6758686304092407,Thumb
0.20906896889209747,0.7252517342567444,0.2761392295360565,0.6918113231658936,0.32681939005851746,0.6334543824195862,0.36406010389328003,0.6119471192359924,0.3999120593070984,0.6117978096008301,0.3009403347969055,0.4769853353500366,0.35071906447410583,0.5257896780967712,0.3283168375492096,0.5863149166107178,0.3064735233783722,0.579240083694458,0.2720930278301239,0.45956847071647644,0.3272124230861664,0.5318343043327332,0.30249929428100586,0.5965671539306641,0.2818732261657715,0.5757758021354675,0.2418445199728012,0.4721830487251282,0.29313892126083374,0.5453451871871948,0.27298253774642944,0.609564483165741,0.2522082030773163,0.5918163657188416,0.21175529062747955,0.5000658631324768,0.2537466883659363,0.5514926910400391,0.24705661833286285,0.6023539900779724,0.22995179891586304,0.5944104790687561,Thumb
0.19337192177772522,0.6837563514709473,0.2590692937374115,0.6614694595336914,0.3193770945072174,0.6035627126693726,0.3655194640159607,0.5813759565353394,0.40294578671455383,0.5933734178543091,0.2778201103210449,0.4525776505470276,0.3182747960090637,0.4652155041694641,0.2961879372596741,0.5322201251983643,0.28161805868148804,0.5193304419517517,0.2448788434267044,0.439250648021698,0.2877987325191498,0.4625314772129059,0.26994356513023376,0.5395268797874451,0.2566186487674713,0.5163745284080505,0.2119213342666626,0.4432191848754883,0.24804025888442993,0.46012771129608154,0.23897652328014374,0.5369644165039062,0.22726604342460632,0.5173698663711548,0.1826920509338379,0.45559319853782654,0.20864342153072357,0.464013934135437,0.20989197492599487,0.5213539600372314,0.19781798124313354,0.5171109437942505,Thumb
0.20032154023647308,0.6551516056060791,0.26137328147888184,0.6461332440376282,0.3200036287307739,0.6040528416633606,0.36619094014167786,0.5750300288200378,0.40143269300460815,0.5961857438087463,0.2911986708641052,0.4854485094547272,0.2989999055862427,0.44466346502304077,0.28481635451316833,0.5121376514434814,0.282786101102829,0.5369793176651001,0.25774872303009033,0.4678950309753418,0.2643878161907196,0.4339037835597992,0.25389835238456726,0.5185956954956055,0.2571510076522827,0.522392749786377,0.2254675328731537,0.4600466787815094,0.23051717877388,0.4303235113620758,0.22469370067119598,0.5056134462356567,0.2278919219970703,0.5087881684303284,0.19294898211956024,0.45527055859565735,0.19624072313308716,0.4352918267250061,0.1948842853307724,0.4885777533054352,0.19597871601581573,0.499701589345932,Thumb
0.20368526875972748,0.6693377494812012,0.26313289999961853,0.6685665845870972,0.3235829770565033,0.6352383494377136,0.3703347444534302,0.6065452694892883,0.40430572628974915,0.6312529444694519,0.3089483678340912,0.5146028995513916,0.31509387493133545,0.453355997800827,0.2988071143627167,0.5211421847343445,0.29776430130004883,0.5542541146278381,0.27664023637771606,0.49726271629333496,0.281416654586792,0.44389772415161133,0.26857250928878784,0.5278874039649963,0.27469468116760254,0.5415073037147522,0.2456170618534088,0.4856525957584381,0.2483973652124405,0.4449107050895691,0.2402927428483963,0.5184904336929321,0.24736741185188293,0.5308830738067627,0.21505151689052582,0.4762938618659973,0.21540094912052155,0.4427189826965332,0.21353410184383392,0.49490711092948914,0.21756939589977264,0.516443133354187,Thumb
0.2071460336446762,0.6730043888092041,0.2631360590457916,0.6828547716140747,0.3252410888671875,0.667021632194519,0.37477734684944153,0.6484231352806091,0.4086865782737732,0.6744088530540466,0.324685662984848,0.539892315864563,0.33139270544052124,0.4707905352115631,0.3105674684047699,0.5366944670677185,0.3084006905555725,0.5722485184669495,0.2951630651950836,0.5148739814758301,0.3029713034629822,0.45492681860923767,0.28260189294815063,0.5369643568992615,0.2873280346393585,0.5593854188919067,0.26660388708114624,0.49897709488868713,0.27155518531799316,0.4531850814819336,0.25628748536109924,0.5273390412330627,0.26219379901885986,0.5507667660713196,0.238289937376976,0.48823413252830505,0.24047107994556427,0.4528968930244446,0.23358477652072906,0.5104049444198608,0.23764103651046753,0.5419931411743164,Thumb
0.20428721606731415,0.674889087677002,0.25999656319618225,0.6886017918586731,0.32099106907844543,0.6845154166221619,0.3732166588306427,0.6734417080879211,0.4051315188407898,0.7054378390312195,0.33220037817955017,0.5585962533950806,0.33655810356140137,0.4853736460208893,0.3136591911315918,0.5501748323440552,0.31327852606773376,0.5876991748809814,0.30148449540138245,0.5319433212280273,0.30830180644989014,0.4648666977882385,0.28499263525009155,0.5485692620277405,0.2912040948867798,0.575172483921051,0.2717288136482239,0.5133283734321594,0.27713170647621155,0.45950523018836975,0.2597426772117615,0.5331548452377319,0.26622113585472107,0.5666333436965942,0.24477459490299225,0.5017828941345215,0.24559733271598816,0.45962008833885193,0.238011434674263,0.514816164970398,0.24334773421287537,0.5510266423225403,Thumb
0.2061106562614441,0.6627846360206604,0.25661414861679077,0.697670578956604,0.3210715651512146,0.7059880495071411,0.3716357350349426,0.7069985270500183,0.4002092778682709,0.7459088563919067,0.33588045835494995,0.5785897374153137,0.3500646948814392,0.5071207880973816,0.3201172649860382,0.5606120228767395,0.3119679391384125,0.6020384430885315,0.3071306347846985,0.544235110282898,0.32124751806259155,0.4782240688800812,0.290116548538208,0.5533134937286377,0.2929081916809082,0.5886355638504028,0.2812321186065674,0.5185076594352722,0.2924884259700775,0.46292781829833984,0.2672179639339447,0.5318024754524231,0.2690761685371399,0.569902777671814,0.25654253363609314,0.49845874309539795,0.2646787762641907,0.45633530616760254,0.24886807799339294,0.506949782371521,0.24767231941223145,0.5442214608192444,Thumb
0.20441053807735443,0.6441523432731628,0.2520822286605835,0.6982510089874268,0.3133733570575714,0.7361968755722046,0.35688352584838867,0.7724317908287048,0.3715995252132416,0.8270877599716187,0.3397769033908844,0.6207426190376282,0.3663397431373596,0.5749883055686951,0.32955804467201233,0.613339900970459,0.3150692880153656,0.6424015164375305,0.3185023367404938,0.5733144283294678,0.34426450729370117,0.5279005169868469,0.3029468357563019,0.582568883895874,0.2994166314601898,0.6073175668716431,0.29988589882850647,0.5331935286521912,0.3228699564933777,0.489106148481369,0.2872615456581116,0.5415675044059753,0.2828710675239563,0.5686240792274475,0.2812781035900116,0.496257483959198,0.30024415254592896,0.4627435505390167,0.2743907570838928,0.5052036643028259,0.26604026556015015,0.5366315245628357,Thumb
0.2146320343017578,0.6219213008880615,0.24714601039886475,0.6989990472793579,0.2964315116405487,0.7699769139289856,0.33327463269233704,0.8277938365936279,0.3410521149635315,0.8940709233283997,0.3439328670501709,0.6779687404632568,0.3780769407749176,0.6461791396141052,0.335603266954422,0.6586204767227173,0.3173140585422516,0.6784679889678955,0.334526002407074,0.6175107359886169,0.36675918102264404,0.586815595626831,0.3175699710845947,0.6126734018325806,0.31139129400253296,0.6340780258178711,0.32547369599342346,0.565595805644989,0.3532137870788574,0.5364779233932495,0.3099362552165985,0.5655672550201416,0.30317482352256775,0.5896974205970764,0.31629565358161926,0.5187514424324036,0.34032922983169556,0.4974046051502228,0.30840325355529785,0.5216668248176575,0.2969954013824463,0.5462438464164734,Thumb
0.22735284268856049,0.6030600070953369,0.24904660880565643,0.6867216229438782,0.2891438603401184,0.7694465517997742,0.3194371461868286,0.8423721194267273,0.32241785526275635,0.9070576429367065,0.3546760082244873,0.6934999823570251,0.38804927468299866,0.6717584729194641,0.3436259627342224,0.6732929944992065,0.32643070816993713,0.6885923147201538,0.3520137369632721,0.6339066624641418,0.3823508322238922,0.6151700019836426,0.32989534735679626,0.6277837157249451,0.3224780559539795,0.6469940543174744,0.3475674092769623,0.5811291933059692,0.37369969487190247,0.5645766258239746,0.3271680176258087,0.5818429589271545,0.31921258568763733,0.6027891635894775,0.3417894244194031,0.5311447381973267,0.3646257519721985,0.518262505531311,0.3320066034793854,0.5361475944519043,0.31918802857398987,0.555607259273529,Thumb
0.23896706104278564,0.5769612193107605,0.2542004883289337,0.6666588187217712,0.28931453824043274,0.7575122714042664,0.31631433963775635,0.8362500667572021,0.3160560429096222,0.9067646265029907,0.35842666029930115,0.6933001279830933,0.39628735184669495,0.6793182492256165,0.35032331943511963,0.6686924695968628,0.3300674855709076,0.6807090640068054,0.3600585162639618,0.6324410438537598,0.39411571621894836,0.6232531070709229,0.3397853672504425,0.6206164956092834,0.32798200845718384,0.6366633176803589,0.3586164116859436,0.578532874584198,0.38781213760375977,0.571153461933136,0.3395381271839142,0.5738977193832397,0.3274511992931366,0.591585636138916,0.3559854328632355,0.527575671672821,0.3816051483154297,0.5216430425643921,0.3476124107837677,0.5277723670005798,0.3319939970970154,0.5422365665435791,Thumb
0.24644598364830017,0.5563361644744873,0.26290497183799744,0.649287760257721,0.29346877336502075,0.7395302653312683,0.3162207007408142,0.8245670795440674,0.3132956326007843,0.897823691368103,0.36456406116485596,0.6837602853775024,0.402820885181427,0.6700512766838074,0.35880446434020996,0.6541721820831299,0.3346001207828522,0.6640332341194153,0.3680255115032196,0.6237140893936157,0.4014720022678375,0.6116644144058228,0.3513985574245453,0.6040060520172119,0.3364306390285492,0.6206509470939636,0.3667963743209839,0.5683265924453735,0.39571020007133484,0.5570693612098694,0.35082584619522095,0.5570790767669678,0.3360327482223511,0.5749338269233704,0.363197386264801,0.5166028738021851,0.38970980048179626,0.5057701468467712,0.3586789667606354,0.5096904039382935,0.34187546372413635,0.525076687335968,Thumb
0.2585611343383789,0.5516296029090881,0.2732853889465332,0.6420792937278748,0.3045039474964142,0.7334879040718079,0.3286684453487396,0.8184441924095154,0.3287677764892578,0.8911402225494385,0.37333741784095764,0.6759589314460754,0.4105425179004669,0.6617883443832397,0.3675110936164856,0.6466400027275085,0.3436032235622406,0.6556016206741333,0.3765793442726135,0.6159151196479797,0.40788233280181885,0.6033873558044434,0.3582160174846649,0.5973830819129944,0.34302762150764465,0.613332211971283,0.3751181364059448,0.561089038848877,0.4032662808895111,0.5477650165557861,0.3583284020423889,0.5501530766487122,0.3437725603580475,0.5685876607894897,0.37117817997932434,0.5094704627990723,0.3961631655693054,0.49737149477005005,0.3640715479850769,0.5026840567588806,0.3474176228046417,0.5164306163787842,Thumb
0.25258615612983704,0.5463878512382507,0.27403849363327026,0.6269107460975647,0.3231959640979767,0.7092970013618469,0.359597772359848,0.7782741785049438,0.36044812202453613,0.8433818221092224,0.38112133741378784,0.6275144815444946,0.4158422648906708,0.6126713752746582,0.3704054057598114,0.6120690703392029,0.3470988869667053,0.6258718967437744,0.37782636284828186,0.567504346370697,0.40685078501701355,0.5478490591049194,0.3550695776939392,0.5617095232009888,0.34554150700569153,0.584194540977478,0.37031611800193787,0.5133277773857117,0.39718374609947205,0.49326202273368835,0.351283997297287,0.513026237487793,0.34083786606788635,0.5347370505332947,0.36174699664115906,0.46059396862983704,0.3869773745536804,0.44083401560783386,0.3570059537887573,0.46064770221710205,0.3430968225002289,0.4789406359195709,Thumb
0.24142734706401825,0.5728516578674316,0.28520041704177856,0.629072904586792,0.3519833981990814,0.6646155714988708,0.40710753202438354,0.6889895796775818,0.432027131319046,0.7412667870521545,0.3871658444404602,0.5497828722000122,0.4141823649406433,0.5100087523460388,0.3712807297706604,0.5459151268005371,0.35319873690605164,0.5732602477073669,0.3700314462184906,0.49888336658477783,0.3894622325897217,0.45944473147392273,0.34348708391189575,0.5108944177627563,0.342538446187973,0.534188985824585,0.349180668592453,0.45739448070526123,0.3676842153072357,0.4191584289073944,0.3288263976573944,0.4696960747241974,0.3264411687850952,0.4931025803089142,0.32813337445259094,0.41825857758522034,0.34447938203811646,0.37862175703048706,0.32124948501586914,0.4211498200893402,0.31347471475601196,0.4464131295681,Thumb
0.24794137477874756,0.6368681192398071,0.3120909035205841,0.6464646458625793,0.377607524394989,0.6088606715202332,0.4263986051082611,0.5706290006637573,0.4595065116882324,0.5821312069892883,0.36807456612586975,0.49899354577064514,0.3809022903442383,0.42836880683898926,0.35326090455055237,0.5014986991882324,0.34853804111480713,0.5331188440322876,0.3352617025375366,0.4719195067882538,0.3434220552444458,0.41338855028152466,0.3199961185455322,0.5054272413253784,0.326825886964798,0.5223200917243958,0.30426153540611267,0.4559136927127838,0.31214800477027893,0.4037243127822876,0.2937438488006592,0.4888274669647217,0.298557847738266,0.5089655518531799,0.27440547943115234,0.44032156467437744,0.27837279438972473,0.40450289845466614,0.27150318026542664,0.45953574776649475,0.27214568853378296,0.477571964263916,Thumb
0.26315951347351074,0.7281652092933655,0.31764909625053406,0.6960945129394531,0.37392380833625793,0.6283455491065979,0.4135599434375763,0.5724242329597473,0.4465429186820984,0.5712640285491943,0.3446943461894989,0.5153013467788696,0.35207828879356384,0.46056267619132996,0.3409006595611572,0.54412841796875,0.3370390832424164,0.5670173168182373,0.3113486170768738,0.5060084462165833,0.3186987042427063,0.46147334575653076,0.31156113743782043,0.5630649924278259,0.3137257993221283,0.5636047720909119,0.278777539730072,0.5112383961677551,0.2852599322795868,0.47052186727523804,0.2842174470424652,0.5614652633666992,0.28598693013191223,0.5708361268043518,0.24738352000713348,0.5231412649154663,0.24847310781478882,0.4895855486392975,0.2574293911457062,0.5504832863807678,0.2611203193664551,0.5675129890441895,Thumb
0.28117743134498596,0.7708277702331543,0.3313998281955719,0.7297875285148621,0.37331217527389526,0.649409294128418,0.40704894065856934,0.5885336995124817,0.4389418363571167,0.5781553387641907,0.3353995382785797,0.5580368041992188,0.3341570496559143,0.49788898229599,0.3358467221260071,0.5754585862159729,0.33766064047813416,0.6069746613502502,0.30323246121406555,0.559847891330719,0.3022812604904175,0.5095497965812683,0.30845940113067627,0.6015534996986389,0.31151634454727173,0.6135691404342651,0.2726002335548401,0.5720495581626892,0.2720199525356293,0.529225766658783,0.2818916440010071,0.6108141541481018,0.2858770787715912,0.6246052980422974,0.24171258509159088,0.5892841219902039,0.23795638978481293,0.5488054752349854,0.2533169388771057,0.6009464859962463,0.2611273229122162,0.6240327954292297,Thumb
0.2869126498699188,0.7837758660316467,0.33774811029434204,0.7428067326545715,0.37673506140708923,0.6544203758239746,0.40762197971343994,0.5857242941856384,0.4391803443431854,0.5689517855644226,0.3344641625881195,0.5700845718383789,0.32206133008003235,0.5076503157615662,0.32989296317100525,0.5816728472709656,0.3370448350906372,0.6120186448097229,0.30189815163612366,0.5816769599914551,0.2907576858997345,0.5295172929763794,0.3040049970149994,0.6204551458358765,0.3112184405326843,0.628131628036499,0.2731402516365051,0.5963162183761597,0.2626183331012726,0.5523241758346558,0.2775364816188812,0.6304174661636353,0.28587615489959717,0.641879677772522,0.24481868743896484,0.6128494739532471,0.2331085354089737,0.5766435861587524,0.24885763227939606,0.6267005801200867,0.2590131163597107,0.6456185579299927,Thumb
0.29603996872901917,0.7872409820556641,0.3459300994873047,0.7409519553184509,0.3817127048969269,0.642742931842804,0.41115322709083557,0.5697374939918518,0.442388653755188,0.5505696535110474,0.3371778130531311,0.5668235421180725,0.32217422127723694,0.5046111345291138,0.3325328528881073,0.582196056842804,0.3400869071483612,0.609878659248352,0.30450311303138733,0.582162618637085,0.2909933626651764,0.5311260223388672,0.3083411753177643,0.6217387914657593,0.31669384241104126,0.6286337971687317,0.27576330304145813,0.5999352335929871,0.26388993859291077,0.5591739416122437,0.2820304334163666,0.6365472674369812,0.2916966676712036,0.645291805267334,0.24810893833637238,0.6189287304878235,0.23482495546340942,0.5828152298927307,0.2535480856895447,0.633957028388977,0.2659286856651306,0.65477454662323,Thumb
0.303701788187027,0.7949905395507812,0.35411614179611206,0.7268261909484863,0.3828602135181427,0.6174802184104919,0.3966042697429657,0.5437987446784973,0.42118051648139954,0.5100191235542297,0.31790274381637573,0.5227077007293701,0.3434094190597534,0.5184482336044312,0.3489890992641449,0.5930902361869812,0.3389768898487091,0.6145656108856201,0.28270238637924194,0.5361723899841309,0.3135361075401306,0.5567235350608826,0.3257732093334198,0.6369883418083191,0.315787672996521,0.6380050778388977,0.25557005405426025,0.5735037922859192,0.2807459533214569,0.5879508256912231,0.2976783812046051,0.659666895866394,0.28954485058784485,0.6610091328620911,0.23285239934921265,0.6194726824760437,0.2504836320877075,0.6192782521247864,0.27086931467056274,0.6655287742614746,0.2699732184410095,0.674039900302887,Thumb
0.29618725180625916,0.7909844517707825,0.348800927400589,0.7054861783981323,0.36708661913871765,0.6027303338050842,0.3732929825782776,0.5279491543769836,0.3805452287197113,0.4618116617202759,0.3143274188041687,0.5042064785957336,0.3727841079235077,0.533661425113678,0.3707943558692932,0.5920461416244507,0.35294654965400696,0.5924095511436462,0.28334566950798035,0.5305831432342529,0.35547855496406555,0.5892451405525208,0.35334908962249756,0.6431694626808167,0.33382946252822876,0.6354447603225708,0.2611372172832489,0.5780861377716064,0.3315882682800293,0.6387544274330139,0.3321644067764282,0.6849435567855835,0.31268566846847534,0.6788656115531921,0.2453746199607849,0.6342397928237915,0.3013595938682556,0.6791090369224548,0.30754363536834717,0.7128266096115112,0.29356521368026733,0.7114068269729614,Thumb
0.2710927724838257,0.7851042151451111,0.30025357007980347,0.6823559999465942,0.32570111751556396,0.57096928358078,0.33297446370124817,0.48889803886413574,0.32473304867744446,0.4195585548877716,0.32570669054985046,0.5166141390800476,0.4062972068786621,0.5529632568359375,0.3940785229206085,0.5934004783630371,0.3681601881980896,0.5878998041152954,0.3209453523159027,0.5648761987686157,0.40916281938552856,0.6061534881591797,0.38832956552505493,0.6431756019592285,0.36630406975746155,0.6398372054100037,0.31941577792167664,0.6247082352638245,0.401030957698822,0.6626096963882446,0.37978193163871765,0.6910221576690674,0.3586955964565277,0.682727575302124,0.32249686121940613,0.6863861680030823,0.38649696111679077,0.70908123254776,0.3681492507457733,0.7270892858505249,0.3443204462528229,0.7218546271324158,Thumb
0.27067500352859497,0.7623185515403748,0.27562448382377625,0.6511934399604797,0.2992244064807892,0.5605835318565369,0.3173007369041443,0.48456624150276184,0.3194878101348877,0.4310069680213928,0.3483622968196869,0.5460847020149231,0.4158373475074768,0.5652703642845154,0.4027276933193207,0.5979021787643433,0.3787429928779602,0.6061366200447083,0.3589884340763092,0.5985226035118103,0.42096513509750366,0.6287142634391785,0.40304097533226013,0.6526119709014893,0.3828490674495697,0.655136227607727,0.36754727363586426,0.6617093682289124,0.42095044255256653,0.6864849328994751,0.4007810950279236,0.7025414109230042,0.3800267279148102,0.6993960738182068,0.3717345595359802,0.7242468595504761,0.41171151399612427,0.7394174933433533,0.3915729224681854,0.7505267262458801,0.3716806471347809,0.7451992034912109,Thumb
0.2760077118873596,0.7698227167129517,0.27685844898223877,0.6502808332443237,0.2954104244709015,0.5604343414306641,0.31137481331825256,0.48543864488601685,0.31053614616394043,0.43402665853500366,0.3634818196296692,0.5601441264152527,0.412692129611969,0.5806096196174622,0.40212106704711914,0.6098909974098206,0.382763147354126,0.6186423897743225,0.37913429737091064,0.6136337518692017,0.4184109568595886,0.6392521262168884,0.4021570682525635,0.6635189056396484,0.38157224655151367,0.6706292033195496,0.38740935921669006,0.6785067319869995,0.42145925760269165,0.6908203959465027,0.40441086888313293,0.7111504673957825,0.3830445110797882,0.7174965143203735,0.3909558355808258,0.7438475489616394,0.4184693396091461,0.7436740398406982,0.39979323744773865,0.7558659315109253,0.3798244893550873,0.75882887840271,Thumb
0.2738206088542938,0.7770577669143677,0.2747045159339905,0.6531606316566467,0.2890581488609314,0.5650995373725891,0.3045254349708557,0.49071982502937317,0.3037887513637543,0.4409230649471283,0.3665126860141754,0.5606109499931335,0.40275365114212036,0.5820269584655762,0.3881712853908539,0.6079439520835876,0.36993417143821716,0.6138032674789429,0.38679173588752747,0.6122987866401672,0.41017434000968933,0.6364678144454956,0.39294445514678955,0.6582387685775757,0.3732883930206299,0.6678937077522278,0.3953477740287781,0.6762493252754211,0.4145301580429077,0.6859667897224426,0.3984493613243103,0.7044689059257507,0.3769533634185791,0.7131468653678894,0.3983246088027954,0.7405096888542175,0.41699838638305664,0.7363775968551636,0.40029552578926086,0.7493802905082703,0.38072630763053894,0.7560743689537048,Thumb
0.2811006009578705,0.7780337929725647,0.2746342420578003,0.6576011776924133,0.2850933372974396,0.5693168640136719,0.29736587405204773,0.4954242408275604,0.2949272692203522,0.446013480424881,0.37011709809303284,0.5660146474838257,0.37784624099731445,0.5854260325431824,0.3583029806613922,0.6119141578674316,0.34274163842201233,0.6256058812141418,0.39302292466163635,0.615997314453125,0.3911122977733612,0.6345608830451965,0.3707922697067261,0.6534154415130615,0.3555092513561249,0.6684799194335938,0.40134620666503906,0.6778756380081177,0.396335631608963,0.6829175353050232,0.37875592708587646,0.69792640209198,0.3614804744720459,0.7115157246589661,0.4036088287830353,0.7365405559539795,0.4046284258365631,0.7330989837646484,0.38898956775665283,0.745071530342102,0.3740632236003876,0.7564899325370789,Thumb
0.28320565819740295,0.7868021726608276,0.26910972595214844,0.6629780530929565,0.28089475631713867,0.5754337906837463,0.29371190071105957,0.5032598972320557,0.2918512225151062,0.45036250352859497,0.36874672770500183,0.5693491101264954,0.3655400276184082,0.584649384021759,0.3457196056842804,0.6102102994918823,0.33210277557373047,0.6245372295379639,0.3937765657901764,0.6180363893508911,0.37794429063796997,0.6329802870750427,0.3585578501224518,0.6497974395751953,0.34615927934646606,0.6679183840751648,0.4021132290363312,0.6769928336143494,0.38397979736328125,0.6789013743400574,0.3676607012748718,0.6922691464424133,0.3533746302127838,0.7065739631652832,0.4040847420692444,0.7314001321792603,0.39417344331741333,0.7275561690330505,0.37988045811653137,0.7392128705978394,0.3661004900932312,0.7535649538040161,Thumb
0.28593242168426514,0.789608895778656,0.2684694528579712,0.6674780249595642,0.2780265212059021,0.579390287399292,0.29105743765830994,0.5060101747512817,0.2901863157749176,0.4524005651473999,0.36763113737106323,0.5683432221412659,0.35898420214653015,0.5738967657089233,0.33927759528160095,0.6004055738449097,0.3279452621936798,0.6166424751281738,0.39218053221702576,0.6165819764137268,0.3742569088935852,0.6191418170928955,0.3559052646160126,0.6347702741622925,0.3445057272911072,0.6570413708686829,0.39972981810569763,0.6734656691551208,0.3811109662055969,0.6669906973838806,0.36584946513175964,0.6786866188049316,0.352714478969574,0.697430431842804,0.40147802233695984,0.7258781790733337,0.3912868797779083,0.7128175497055054,0.37781697511672974,0.7238103151321411,0.36499983072280884,0.7420718669891357,Thumb
0.2901260554790497,0.7851877808570862,0.2711508870124817,0.6688664555549622,0.280179888010025,0.5818256735801697,0.29365912079811096,0.5082538723945618,0.2913631200790405,0.4551079571247101,0.3681355118751526,0.5691526532173157,0.36479511857032776,0.5816556811332703,0.34684717655181885,0.6069647073745728,0.33499768376350403,0.6212009191513062,0.3932521641254425,0.6176708340644836,0.37862667441368103,0.6291380524635315,0.3613131046295166,0.644496738910675,0.3497099280357361,0.6627052426338196,0.4017740488052368,0.675269603729248,0.3852775990962982,0.6758025884628296,0.3716600835323334,0.6877652406692505,0.3588327467441559,0.7022228240966797,0.4036640524864197,0.7284192442893982,0.3929537534713745,0.7216199040412903,0.38020241260528564,0.7318263053894043,0.3675120174884796,0.7455790638923645,Thumb
0.28441765904426575,0.7666999697685242,0.2682510316371918,0.6586362719535828,0.2754969000816345,0.5763366222381592,0.28581708669662476,0.5077746510505676,0.2806664705276489,0.4559459090232849,0.3585425019264221,0.5631940364837646,0.36780768632888794,0.5926579236984253,0.35267287492752075,0.6166771650314331,0.3390291929244995,0.6263232827186584,0.3838552236557007,0.6070468425750732,0.37976518273353577,0.6381635069847107,0.36269891262054443,0.654582142829895,0.349437952041626,0.666210412979126,0.3952454626560211,0.6648462414741516,0.3872101604938507,0.6796397566795349,0.37121254205703735,0.6942262053489685,0.3559998571872711,0.7047645449638367,0.3998420238494873,0.7221903800964355,0.39698559045791626,0.7276908159255981,0.38231441378593445,0.7402956485748291,0.36802971363067627,0.7506317496299744,Thumb
0.27353209257125854,0.76237952709198,0.263003408908844,0.667661190032959,0.266030490398407,0.5857690572738647,0.2647915780544281,0.5187206864356995,0.24759170413017273,0.475829154253006,0.3304232060909271,0.5416725277900696,0.3675565719604492,0.5723819136619568,0.35548853874206543,0.612619161605835,0.3377394676208496,0.6298838257789612,0.35391613841056824,0.5669692754745483,0.3847283720970154,0.6159164905548096,0.36813318729400635,0.648977518081665,0.34740254282951355,0.6589474081993103,0.37065500020980835,0.6087425947189331,0.3995750844478607,0.657858669757843,0.3803708255290985,0.6878377795219421,0.36055320501327515,0.6922769546508789,0.38318172097206116,0.6620192527770996,0.4057267904281616,0.7061288356781006,0.3868676722049713,0.728486955165863,0.3681907653808594,0.7278097867965698,Thumb
0.2704410254955292,0.7625972032546997,0.2581835687160492,0.6834536790847778,0.25408411026000977,0.6115220189094543,0.2466249018907547,0.5529140830039978,0.2258041650056839,0.5228487253189087,0.3005257546901703,0.5344972610473633,0.3544837534427643,0.5461094975471497,0.3523296117782593,0.5902193784713745,0.3389700949192047,0.6137894988059998,0.32007136940956116,0.5475930571556091,0.3736876845359802,0.5756843686103821,0.363203227519989,0.6176278591156006,0.342682808637619,0.6320430040359497,0.33905208110809326,0.5739754438400269,0.38826984167099,0.6087381839752197,0.3752938508987427,0.6484416127204895,0.35587242245674133,0.6568541526794434,0.3571142852306366,0.6118951439857483,0.39653879404067993,0.6512001752853394,0.38321444392204285,0.6838651895523071,0.3638899326324463,0.6886933445930481,Thumb
0.2805798351764679,0.7787880301475525,0.2705269455909729,0.6886485815048218,0.27119016647338867,0.6071534752845764,0.2661671042442322,0.5487992167472839,0.24364528059959412,0.5251667499542236,0.2839414179325104,0.5316523909568787,0.3540523052215576,0.5296642184257507,0.35261911153793335,0.573620080947876,0.33600562810897827,0.5906366109848022,0.29473280906677246,0.5451281666755676,0.37109655141830444,0.5514622926712036,0.3659922778606415,0.6001723408699036,0.34670519828796387,0.6139544248580933,0.30930405855178833,0.5731090903282166,0.3834797441959381,0.5819071531295776,0.3741267919540405,0.6313023567199707,0.3537355959415436,0.6424992680549622,0.3270917236804962,0.6115605235099792,0.3843238651752472,0.6251194477081299,0.3750469982624054,0.6663665771484375,0.35712549090385437,0.6774294972419739,Thumb
0.2904748320579529,0.7966828346252441,0.3254970908164978,0.7043532729148865,0.3226390779018402,0.6110332608222961,0.3085809648036957,0.5474919080734253,0.28912973403930664,0.5018712878227234,0.2844393849372864,0.5416929721832275,0.3562992215156555,0.5325462222099304,0.35262158513069153,0.5854417085647583,0.3328264355659485,0.5998598337173462,0.2784515917301178,0.5635011196136475,0.36204230785369873,0.5654668211936951,0.35568374395370483,0.6202411651611328,0.337446928024292,0.6293646693229675,0.280439168214798,0.602885901927948,0.36037135124206543,0.607620894908905,0.3524421453475952,0.6586043834686279,0.3325483798980713,0.667643129825592,0.28724348545074463,0.6476122736930847,0.351773202419281,0.6506744027137756,0.34636160731315613,0.6900451183319092,0.32759371399879456,0.6978699564933777,Thumb
0.2802981436252594,0.7918109893798828,0.3220956325531006,0.6912757754325867,0.322694331407547,0.6017172932624817,0.31271621584892273,0.5404496192932129,0.29733574390411377,0.4835107624530792,0.28172165155410767,0.5369486808776855,0.3534877598285675,0.5393171906471252,0.3511503040790558,0.5909311771392822,0.3316933810710907,0.5992358922958374,0.26821884512901306,0.5666620135307312,0.35203471779823303,0.5833798050880432,0.34497666358947754,0.6377082467079163,0.32576075196266174,0.6409178376197815,0.2629155218601227,0.6143251657485962,0.34331002831459045,0.6321315169334412,0.33655545115470886,0.6797328591346741,0.31656911969184875,0.6824899315834045,0.2637248635292053,0.667831301689148,0.3263842761516571,0.6800002455711365,0.32369503378868103,0.7143141627311707,0.30507633090019226,0.7172138094902039,Thumb
0.27813440561294556,0.7913826107978821,0.3135167360305786,0.6995256543159485,0.3155800700187683,0.5993761420249939,0.30774635076522827,0.5289120674133301,0.2955086827278137,0.45938408374786377,0.2644486129283905,0.5301823616027832,0.33589649200439453,0.5418207049369812,0.33591020107269287,0.5983532071113586,0.31314414739608765,0.6038548350334167,0.24312281608581543,0.5653681755065918,0.3311630189418793,0.6007011532783508,0.32722628116607666,0.6496052145957947,0.3054652214050293,0.6524991393089294,0.2326756715774536,0.6209421753883362,0.3182078003883362,0.6561950445175171,0.316862553358078,0.6970016360282898,0.29838696122169495,0.698227047920227,0.23104512691497803,0.6848078370094299,0.2968716025352478,0.7080589532852173,0.30132490396499634,0.7324299216270447,0.28784647583961487,0.7315425872802734,Thumb
0.26391980051994324,0.7821093201637268,0.29505258798599243,0.6923745274543762,0.2973460853099823,0.5843240022659302,0.2890791594982147,0.5056493282318115,0.27212655544281006,0.4333368241786957,0.23013848066329956,0.5319547653198242,0.3098577857017517,0.5532472133636475,0.3062736988067627,0.6095269918441772,0.2801125645637512,0.6115462779998779,0.2073802947998047,0.5828737616539001,0.3031018078327179,0.6158918142318726,0.29403263330459595,0.6625157594680786,0.2710916996002197,0.6648025512695312,0.19767101109027863,0.6505742073059082,0.28726130723953247,0.6844296455383301,0.2810979187488556,0.7204214930534363,0.2622288167476654,0.7200759649276733,0.19631530344486237,0.7214289307594299,0.26483380794525146,0.7481735348701477,0.2642034590244293,0.7633106112480164,0.24868342280387878,0.7580968141555786,Thumb
0.22816284000873566,0.7882975935935974,0.26234063506126404,0.6972417235374451,0.2711482644081116,0.5808650851249695,0.2680707573890686,0.49157780408859253,0.2561700642108917,0.41163769364356995,0.20495298504829407,0.5459995865821838,0.29638394713401794,0.5818976759910583,0.2973346710205078,0.6343172192573547,0.2700046896934509,0.6404651999473572,0.18444041907787323,0.6145483255386353,0.2924324870109558,0.6509585976600647,0.28256213665008545,0.6950682997703552,0.2562561631202698,0.6983128786087036,0.17748413980007172,0.6921749114990234,0.27746719121932983,0.7233729958534241,0.2667236626148224,0.7563118934631348,0.2433239370584488,0.7560688853263855,0.17696784436702728,0.7689274549484253,0.2516946494579315,0.7857785820960999,0.2452160269021988,0.7958120107650757,0.2251068353652954,0.7919792532920837,Thumb
0.20332618057727814,0.7888381481170654,0.24040061235427856,0.6991968154907227,0.25425103306770325,0.58781498670578,0.2569561004638672,0.4995343089103699,0.24770210683345795,0.41292378306388855,0.19295161962509155,0.5778522491455078,0.28986886143684387,0.6219985485076904,0.28221842646598816,0.6621300578117371,0.25086188316345215,0.661464512348175,0.1705903559923172,0.6522676944732666,0.2849857211112976,0.6963608860969543,0.2678571045398712,0.7189484238624573,0.23865540325641632,0.7111973166465759,0.1645851582288742,0.7331350445747375,0.2705838978290558,0.7681326270103455,0.25236931443214417,0.7815818786621094,0.22535063326358795,0.7739160060882568,0.1656009554862976,0.8082024455070496,0.2429618239402771,0.8277778625488281,0.23169651627540588,0.8205617070198059,0.20752954483032227,0.806978166103363,Thumb
0.18134784698486328,0.8086003661155701,0.2290080338716507,0.7096320390701294,0.24782982468605042,0.5914170145988464,0.25076165795326233,0.5013219714164734,0.2375885546207428,0.41071730852127075,0.18209891021251678,0.6009131669998169,0.28087106347084045,0.6534237861633301,0.2714898884296417,0.6851691007614136,0.23805949091911316,0.6788862347602844,0.1577642410993576,0.6767269968986511,0.27532559633255005,0.7287459373474121,0.2584424614906311,0.7366430163383484,0.22756877541542053,0.7199022173881531,0.15107089281082153,0.7584713101387024,0.2611810564994812,0.801285982131958,0.24453896284103394,0.8023455142974854,0.21577629446983337,0.7857411503791809,0.15275533497333527,0.8332715034484863,0.23650792241096497,0.8572697043418884,0.22649772465229034,0.8432062268257141,0.202126607298851,0.8259097933769226,Thumb
0.17381741106510162,0.8387107849121094,0.22433403134346008,0.7283164858818054,0.24446412920951843,0.6068280935287476,0.24601808190345764,0.5118103623390198,0.23472367227077484,0.4151088297367096,0.1806211620569229,0.6003168225288391,0.28056707978248596,0.651786744594574,0.27115097641944885,0.6851901412010193,0.2384498119354248,0.67696613073349,0.15862798690795898,0.6736910939216614,0.27482855319976807,0.7259389758110046,0.2574087977409363,0.7394517660140991,0.22577190399169922,0.7273693680763245,0.15151576697826385,0.7551323771476746,0.25993096828460693,0.7974694967269897,0.24484099447727203,0.8037909269332886,0.21614520251750946,0.7889222502708435,0.1529742181301117,0.8296738266944885,0.23751072585582733,0.8601523637771606,0.22914007306098938,0.8517841696739197,0.20281191170215607,0.8353715538978577,Thumb
0.1751827746629715,0.8366177678108215,0.2201007753610611,0.7224569320678711,0.2473389208316803,0.6074552536010742,0.2528489828109741,0.5137372612953186,0.24518129229545593,0.41443654894828796,0.19639945030212402,0.6033185720443726,0.2951493263244629,0.6525301933288574,0.2802051901817322,0.6857099533081055,0.2443619966506958,0.6740129590034485,0.17660194635391235,0.6789489984512329,0.28916457295417786,0.7249012589454651,0.26484036445617676,0.7402570247650146,0.23183664679527283,0.7282680869102478,0.1690482646226883,0.7618966102600098,0.27435237169265747,0.7984203696250916,0.25352972745895386,0.8052043318748474,0.2252681851387024,0.7867608666419983,0.17048947513103485,0.8378333449363708,0.2526736259460449,0.8613778948783875,0.23815162479877472,0.8542582392692566,0.2090146839618683,0.8381602168083191,Thumb
0.18298494815826416,0.8243384957313538,0.22012004256248474,0.7047271728515625,0.25798967480659485,0.5899240970611572,0.27705493569374084,0.5005330443382263,0.276549756526947,0.41785863041877747,0.2518380880355835,0.5861072540283203,0.3476889133453369,0.6204266548156738,0.3323805034160614,0.661492645740509,0.3035571575164795,0.6568161845207214,0.24370741844177246,0.6608788967132568,0.34997355937957764,0.6945313811302185,0.3247428834438324,0.720313549041748,0.29882219433784485,0.7087068557739258,0.2400689721107483,0.7384530901908875,0.3384038805961609,0.7671937346458435,0.31119781732559204,0.7826445698738098,0.28662505745887756,0.7672664523124695,0.24022798240184784,0.8093752861022949,0.31611165404319763,0.8337093591690063,0.2943856418132782,0.8357129096984863,0.26736176013946533,0.8218165040016174,Thumb
0.18932148814201355,0.8002935647964478,0.21720045804977417,0.6867926716804504,0.2578302323818207,0.5870992541313171,0.28036677837371826,0.5034356713294983,0.2785022258758545,0.4366077184677124,0.30740511417388916,0.5988158583641052,0.3837122321128845,0.6433164477348328,0.36495551466941833,0.672344982624054,0.3377828001976013,0.667231023311615,0.3122015595436096,0.668416440486908,0.3820706605911255,0.7186517119407654,0.3543744683265686,0.7351835370063782,0.32665398716926575,0.7270108461380005,0.3130953311920166,0.7441446781158447,0.3715498447418213,0.7811960577964783,0.34570854902267456,0.7876977920532227,0.32061728835105896,0.7785742878913879,0.30894285440444946,0.8146560788154602,0.35250499844551086,0.8350771069526672,0.3293248116970062,0.8383151888847351,0.30669671297073364,0.8314807415008545,Thumb
0.1996774673461914,0.8068997859954834,0.22556442022323608,0.6882478594779968,0.2589592933654785,0.5963590145111084,0.27931085228919983,0.5192367434501648,0.2807837128639221,0.45668476819992065,0.3313007950782776,0.6212654113769531,0.38445600867271423,0.6661158800125122,0.36812105774879456,0.6934237480163574,0.3444255590438843,0.6905115842819214,0.33864226937294006,0.6897640824317932,0.38193437457084656,0.7314916253089905,0.3612001836299896,0.7505313158035278,0.33562925457954407,0.7457278370857239,0.33770960569381714,0.7655331492424011,0.37510445713996887,0.7904887199401855,0.3544544279575348,0.8037773966789246,0.3291838467121124,0.7997438311576843,0.33109360933303833,0.8364615440368652,0.36223721504211426,0.8455886840820312,0.34105291962623596,0.8504428863525391,0.31846684217453003,0.8447359800338745,Thumb
0.20251405239105225,0.8107490539550781,0.2275034487247467,0.6889361143112183,0.26048246026039124,0.6011757254600525,0.2816786766052246,0.5236766934394836,0.28265097737312317,0.4580734670162201,0.3452768921852112,0.6455682516098022,0.3800536096096039,0.6975720524787903,0.36155980825424194,0.71852046251297,0.34062162041664124,0.713283121585846,0.35256755352020264,0.7143718600273132,0.37509265542030334,0.7575840353965759,0.35427379608154297,0.7710853815078735,0.33167991042137146,0.7670515179634094,0.3482959270477295,0.7867661714553833,0.3660193681716919,0.8126713037490845,0.3467802107334137,0.8213605880737305,0.32274511456489563,0.8153548240661621,0.3388529121875763,0.853074312210083,0.35364019870758057,0.8646051287651062,0.33416008949279785,0.8660190105438232,0.31355753540992737,0.8578798770904541,Thumb
0.21270519495010376,0.8200465440750122,0.2304546982049942,0.6880012154579163,0.25846579670906067,0.59952712059021,0.2784225344657898,0.5234817862510681,0.27678626775741577,0.45978549122810364,0.3530123829841614,0.6584579348564148,0.3507128655910492,0.6780529022216797,0.32594844698905945,0.6938599348068237,0.3079226315021515,0.6993927359580994,0.36521100997924805,0.7301135063171387,0.35316431522369385,0.7376549243927002,0.3303290605545044,0.743069052696228,0.3123013973236084,0.7493775486946106,0.3593522012233734,0.8001286387443542,0.34574994444847107,0.7930310964584351,0.32758042216300964,0.7947816848754883,0.3079877495765686,0.7969566583633423,0.3481365442276001,0.8574423789978027,0.3396582007408142,0.8506587147712708,0.32264670729637146,0.847660481929779,0.3057720959186554,0.8461434841156006,Thumb
0.22355055809020996,0.8274394869804382,0.23406752943992615,0.6952099204063416,0.26173973083496094,0.6028530597686768,0.2811465561389923,0.5250115394592285,0.2766633927822113,0.45877325534820557,0.3566257953643799,0.6568807363510132,0.3375955820083618,0.6604546904563904,0.3132036328315735,0.6789225339889526,0.2973141670227051,0.6925328373908997,0.3718460202217102,0.7267897129058838,0.3480752408504486,0.7193403244018555,0.32713955640792847,0.726232647895813,0.31255191564559937,0.7406061887741089,0.3682692348957062,0.7929157018661499,0.3478808104991913,0.7720353007316589,0.33104220032691956,0.7768800258636475,0.31440895795822144,0.7874280214309692,0.35833051800727844,0.8457760810852051,0.34871140122413635,0.8270263075828552,0.3328203558921814,0.8285062313079834,0.31621915102005005,0.8346636295318604,Thumb
0.23237131536006927,0.8312938809394836,0.24037015438079834,0.7005714178085327,0.26610803604125977,0.6051636338233948,0.28146183490753174,0.5247962474822998,0.27590152621269226,0.4574598968029022,0.36400100588798523,0.6527182459831238,0.3429432511329651,0.6589064002037048,0.3187858760356903,0.6772611141204834,0.3034307658672333,0.6891481280326843,0.37923434376716614,0.7208403944969177,0.35338157415390015,0.7163032293319702,0.3324308395385742,0.7236576080322266,0.3181122839450836,0.7367753386497498,0.3759550452232361,0.785476803779602,0.35376039147377014,0.7671849131584167,0.33791103959083557,0.7723947763442993,0.32209524512290955,0.7821248173713684,0.36616238951683044,0.8366233110427856,0.3548431098461151,0.8203957080841064,0.34008166193962097,0.8224930167198181,0.32432398200035095,0.8276069164276123,Thumb
0.24243201315402985,0.8325623273849487,0.24402540922164917,0.704461932182312,0.2651407718658447,0.6077678799629211,0.2792935073375702,0.5259848237037659,0.27264514565467834,0.4587291181087494,0.3629980683326721,0.6506668329238892,0.3405279219150543,0.6593712568283081,0.318409264087677,0.6787281632423401,0.3040938079357147,0.6913548111915588,0.3793627619743347,0.717430591583252,0.3539097011089325,0.7157571315765381,0.33476024866104126,0.7234951257705688,0.3212006986141205,0.736855149269104,0.37799766659736633,0.7824034094810486,0.356693297624588,0.7669472694396973,0.34132298827171326,0.7725826501846313,0.32656529545783997,0.7831419706344604,0.369367778301239,0.8364623188972473,0.3597796559333801,0.8230928778648376,0.3450968563556671,0.8253179788589478,0.3300914168357849,0.8317827582359314,Thumb
0.2447875738143921,0.8356501460075378,0.24705150723457336,0.711214005947113,0.2680131793022156,0.6171947717666626,0.2868891954421997,0.5367732644081116,0.28609833121299744,0.4696943461894989,0.3622998893260956,0.6474460363388062,0.35079631209373474,0.6713252663612366,0.3319620192050934,0.6929286122322083,0.3166760504245758,0.7038992643356323,0.3806287348270416,0.7111461162567139,0.3620685040950775,0.7248643040657043,0.3439657390117645,0.7341182231903076,0.3289976119995117,0.742733359336853,0.3821590840816498,0.7781568765640259,0.3651012182235718,0.7740769982337952,0.34942206740379333,0.7811344861984253,0.3329642117023468,0.7884021997451782,0.37624433636665344,0.8367249965667725,0.36749109625816345,0.8300635814666748,0.35182416439056396,0.833060085773468,0.3358708620071411,0.8372299075126648,Thumb
0.2355392426252365,0.8315132856369019,0.24270541965961456,0.7077920436859131,0.259976863861084,0.6078858971595764,0.27770087122917175,0.5266953706741333,0.2785203456878662,0.4618683457374573,0.3389694094657898,0.60507732629776,0.38589149713516235,0.6388821601867676,0.3672061264514923,0.6708049774169922,0.3444739282131195,0.6754929423332214,0.35589534044265747,0.6651520133018494,0.3893589675426483,0.7008222937583923,0.3677670955657959,0.7269928455352783,0.34352171421051025,0.7313522100448608,0.3631148934364319,0.7347421646118164,0.39182600378990173,0.7582671642303467,0.37172001600265503,0.7782172560691833,0.34742608666419983,0.7822340726852417,0.3656492233276367,0.8044556379318237,0.3880619704723358,0.8133125901222229,0.3670741319656372,0.8272734880447388,0.3461683690547943,0.8321710228919983,Thumb
0.22928686439990997,0.8185741305351257,0.24720647931098938,0.7095044851303101,0.27864933013916016,0.6103420257568359,0.29716476798057556,0.5256240367889404,0.29008665680885315,0.45707985758781433,0.31955012679100037,0.5851033329963684,0.39596813917160034,0.6394314765930176,0.37725165486335754,0.6765587329864502,0.35231301188468933,0.6747426986694336,0.32463011145591736,0.635206937789917,0.3954724073410034,0.7014002203941345,0.3726761043071747,0.7299381494522095,0.349075585603714,0.7196271419525146,0.3275794982910156,0.7013065814971924,0.38980206847190857,0.7616125345230103,0.3652225434780121,0.7810198068618774,0.3423406779766083,0.7680662274360657,0.33040228486061096,0.7715393900871277,0.37611082196235657,0.8142331838607788,0.35250306129455566,0.827115535736084,0.3315088450908661,0.8153085112571716,Thumb
0.22825421392917633,0.8231045603752136,0.24652273952960968,0.7238774299621582,0.2773391902446747,0.6212915778160095,0.2949911057949066,0.536088764667511,0.28461262583732605,0.4660997986793518,0.2840629816055298,0.5540324449539185,0.37014636397361755,0.5896548628807068,0.3595561683177948,0.6355683207511902,0.33660387992858887,0.6385385990142822,0.28245124220848083,0.5944886803627014,0.37155938148498535,0.6540648341178894,0.3527604937553406,0.6940932273864746,0.328880250453949,0.6854450702667236,0.28269103169441223,0.6552929282188416,0.3688677251338959,0.7115441560745239,0.346790611743927,0.7424655556678772,0.3219229578971863,0.731298565864563,0.2852533459663391,0.7243273854255676,0.3533770442008972,0.767242968082428,0.33390143513679504,0.7896906137466431,0.30909714102745056,0.7795181274414062,Thumb
0.24119685590267181,0.8411964178085327,0.27221155166625977,0.7378748655319214,0.28860974311828613,0.6222420334815979,0.28903570771217346,0.5333160758018494,0.27117133140563965,0.467603862285614,0.2395613044500351,0.536882758140564,0.3280899226665497,0.5528309345245361,0.3186303973197937,0.6022093892097473,0.2956317961215973,0.60161292552948,0.23046636581420898,0.5777050852775574,0.3309185802936554,0.6082900166511536,0.3163728713989258,0.6547648310661316,0.2936357855796814,0.6503079533576965,0.23092524707317352,0.6395384073257446,0.32806113362312317,0.6669219732284546,0.3111549913883209,0.7092278003692627,0.28790998458862305,0.7080448269844055,0.2368418127298355,0.7078210711479187,0.3184954822063446,0.727455198764801,0.30659717321395874,0.7558744549751282,0.2821796238422394,0.7553219795227051,Thumb
0.2657272219657898,0.829859733581543,0.3027028739452362,0.724514901638031,0.2968742251396179,0.6132422089576721,0.28357645869255066,0.5346525311470032,0.2692544162273407,0.45990580320358276,0.22109271585941315,0.5459758639335632,0.2998993396759033,0.5234392881393433,0.30879539251327515,0.5948254466056824,0.28933483362197876,0.6119974255561829,0.19780752062797546,0.5855706334114075,0.29625874757766724,0.589203417301178,0.3018495440483093,0.6610977053642273,0.27980613708496094,0.6668136119842529,0.18948400020599365,0.6463876366615295,0.28795096278190613,0.6520261764526367,0.2958122491836548,0.7097622156143188,0.27630117535591125,0.7155120968818665,0.19217157363891602,0.7135540246963501,0.26561328768730164,0.7146816253662109,0.28011900186538696,0.7491436004638672,0.27037298679351807,0.7550223469734192,Thumb
0.26015689969062805,0.8044753670692444,0.2977534234523773,0.6796379089355469,0.28682437539100647,0.578352153301239,0.2711864709854126,0.5030747056007385,0.25648337602615356,0.4338274896144867,0.2062566578388214,0.5341420769691467,0.2677455246448517,0.4780406057834625,0.28918254375457764,0.5591253638267517,0.2736856937408447,0.5924923419952393,0.1815112829208374,0.5770712494850159,0.2602360248565674,0.5352902412414551,0.2828620672225952,0.627812922000885,0.26268771290779114,0.6460113525390625,0.16876056790351868,0.638566792011261,0.24869930744171143,0.6047210693359375,0.26927050948143005,0.6770884990692139,0.24773430824279785,0.6921863555908203,0.16327956318855286,0.7011547684669495,0.21935440599918365,0.6868814826011658,0.24346163868904114,0.7212427854537964,0.2334165722131729,0.7272029519081116,Thumb
0.2448824644088745,0.7860628962516785,0.29354292154312134,0.6508816480636597,0.2784847021102905,0.5408127903938293,0.262070894241333,0.4656409025192261,0.26244086027145386,0.40002304315567017,0.20158880949020386,0.48210078477859497,0.25443077087402344,0.445090651512146,0.27347901463508606,0.5249655842781067,0.26210761070251465,0.5649719834327698,0.17020873725414276,0.5155476331710815,0.23721949756145477,0.48293036222457886,0.26072797179222107,0.575424313545227,0.24592310190200806,0.6045040488243103,0.14988645911216736,0.5752111673355103,0.21380707621574402,0.5402572751045227,0.24159792065620422,0.6221824884414673,0.22578497231006622,0.6454735398292542,0.13716980814933777,0.6456970572471619,0.18282723426818848,0.619861900806427,0.2144959419965744,0.6609196662902832,0.21288767457008362,0.671053946018219,Thumb
0.24105672538280487,0.7528414726257324,0.27568933367729187,0.592413604259491,0.25385770201683044,0.4894144833087921,0.23842932283878326,0.41974055767059326,0.23429781198501587,0.3617960810661316,0.16150353848934174,0.4603389501571655,0.21103854477405548,0.401272714138031,0.24118976294994354,0.46126729249954224,0.23896725475788116,0.502217710018158,0.13825073838233948,0.4933827221393585,0.2021777331829071,0.44579988718032837,0.23529228568077087,0.5292693376541138,0.2224411964416504,0.562808632850647,0.12397032976150513,0.5496004819869995,0.1800096184015274,0.4884553551673889,0.21698501706123352,0.5730719566345215,0.20428453385829926,0.6078041791915894,0.11469626426696777,0.6161389350891113,0.15564340353012085,0.5672481656074524,0.19172245264053345,0.6093863248825073,0.19528688490390778,0.6277918219566345,Thumb
0.2544184923171997,0.7339833974838257,0.27663925290107727,0.5617883801460266,0.2429468184709549,0.4712633490562439,0.21967512369155884,0.411037415266037,0.20457392930984497,0.3573421537876129,0.15287669003009796,0.45654577016830444,0.19007861614227295,0.37509849667549133,0.2239115834236145,0.4333155155181885,0.22593390941619873,0.4842146635055542,0.13462872803211212,0.49841612577438354,0.1818280965089798,0.41517186164855957,0.22267590463161469,0.49595174193382263,0.21547362208366394,0.5427001118659973,0.12254594266414642,0.554583728313446,0.1633053421974182,0.47017931938171387,0.20918630063533783,0.5473805665969849,0.2038266658782959,0.5902552008628845,0.11250496655702591,0.6167711019515991,0.14555208384990692,0.5525890588760376,0.18764519691467285,0.5888499021530151,0.1941964477300644,0.6112489104270935,Thumb
0.27435606718063354,0.7312354445457458,0.2931271493434906,0.5795535445213318,0.26255324482917786,0.48476263880729675,0.23761197924613953,0.4211882948875427,0.2162494957447052,0.38186633586883545,0.17783889174461365,0.45767921209335327,0.185794860124588,0.37963345646858215,0.22274677455425262,0.4237465560436249,0.23524142801761627,0.4643291234970093,0.15586619079113007,0.4992200434207916,0.17678476870059967,0.4193350374698639,0.22067761421203613,0.49498432874679565,0.21940840780735016,0.5435830354690552,0.13557887077331543,0.5518734455108643,0.15525145828723907,0.4715575873851776,0.20325838029384613,0.5457888245582581,0.203552708029747,0.5958823561668396,0.11575926095247269,0.6141571998596191,0.1274086833000183,0.5392287373542786,0.17169752717018127,0.5747600793838501,0.18497084081172943,0.6073334217071533,Thumb
0.289424866437912,0.7401742339134216,0.30743417143821716,0.6018432378768921,0.27666351199150085,0.5016735792160034,0.25377628207206726,0.43916764855384827,0.23407290875911713,0.40416601300239563,0.19421465694904327,0.4792575240135193,0.18578192591667175,0.39020079374313354,0.22076638042926788,0.4337576925754547,0.2339000552892685,0.48101088404655457,0.17008759081363678,0.5203214287757874,0.17676547169685364,0.4391784965991974,0.22213797271251678,0.5148208141326904,0.22696007788181305,0.5691224932670593,0.14706528186798096,0.577029287815094,0.1527438908815384,0.4872223436832428,0.2051754742860794,0.5598956942558289,0.21407224237918854,0.6177245378494263,0.12593382596969604,0.6516638994216919,0.12092588096857071,0.5722827911376953,0.16980144381523132,0.6000599265098572,0.19293785095214844,0.629841685295105,Thumb
0.3082999289035797,0.7635250687599182,0.3183335065841675,0.6027722954750061,0.28337234258651733,0.5112913846969604,0.2612583637237549,0.4496927261352539,0.24654313921928406,0.4113360047340393,0.2006503939628601,0.5062714219093323,0.19084084033966064,0.42077916860580444,0.22877641022205353,0.45275628566741943,0.24789538979530334,0.5059171915054321,0.17953334748744965,0.5497893691062927,0.18271048367023468,0.46000364422798157,0.23410558700561523,0.5308117866516113,0.24512723088264465,0.5976143479347229,0.1592278927564621,0.6102302670478821,0.15734833478927612,0.5126634836196899,0.21466508507728577,0.5813259482383728,0.22583696246147156,0.6457472443580627,0.14064447581768036,0.6930431723594666,0.12993241846561432,0.607454240322113,0.18245847523212433,0.63218092918396,0.2071143388748169,0.6645215153694153,Thumb
0.3242573142051697,0.7806059122085571,0.32812491059303284,0.6217232346534729,0.285244345664978,0.5250580310821533,0.2583448588848114,0.45978304743766785,0.24111124873161316,0.4095578193664551,0.20495663583278656,0.5256657600402832,0.19296890497207642,0.4389194846153259,0.23274032771587372,0.46376147866249084,0.2548748254776001,0.5086023211479187,0.1844835728406906,0.5708578824996948,0.18648481369018555,0.4764612913131714,0.2419622540473938,0.5444064140319824,0.25331929326057434,0.6083602905273438,0.16583341360092163,0.6326402425765991,0.16590017080307007,0.5349758267402649,0.22688665986061096,0.6055518388748169,0.2367607057094574,0.6707563400268555,0.1489906758069992,0.7164300680160522,0.13969343900680542,0.6300022602081299,0.1931544840335846,0.655401349067688,0.21581856906414032,0.6888983845710754,Thumb
0.33266884088516235,0.801210880279541,0.3358738422393799,0.639369785785675,0.288568913936615,0.537051796913147,0.2557365298271179,0.4721897840499878,0.23835931718349457,0.4206404685974121,0.21235008537769318,0.5382135510444641,0.19627052545547485,0.4529801607131958,0.2396126240491867,0.4859599769115448,0.2637583911418915,0.5360875129699707,0.1925721913576126,0.5881697535514832,0.18952630460262299,0.49428635835647583,0.2465849220752716,0.5608457922935486,0.2577764391899109,0.624092161655426,0.17523802816867828,0.6545450687408447,0.17133589088916779,0.5568941235542297,0.23317943513393402,0.6245142817497253,0.24336935579776764,0.6897693276405334,0.15996451675891876,0.7428967356681824,0.14694844186306,0.659133791923523,0.20022505521774292,0.6795654892921448,0.22237104177474976,0.7104454636573792,Thumb
0.32994258403778076,0.827078104019165,0.3309473991394043,0.6590410470962524,0.28000974655151367,0.5436108708381653,0.24522627890110016,0.4689553380012512,0.22833554446697235,0.39544135332107544,0.1837373822927475,0.5566242933273315,0.19002321362495422,0.463794469833374,0.23933887481689453,0.501610279083252,0.26282280683517456,0.5550679564476013,0.1611315906047821,0.6160919666290283,0.18504920601844788,0.517468273639679,0.24556805193424225,0.583132266998291,0.2562093734741211,0.6465060114860535,0.15133874118328094,0.6941012144088745,0.17155250906944275,0.5939651131629944,0.23541712760925293,0.6561028957366943,0.24399623274803162,0.7184313535690308,0.14962948858737946,0.7887872457504272,0.15703675150871277,0.709308385848999,0.21000583469867706,0.720917284488678,0.22764986753463745,0.7465060949325562,Thumb
0.3244655430316925,0.8069373965263367,0.3155674338340759,0.646382749080658,0.2572696805000305,0.5350574851036072,0.21470624208450317,0.46527934074401855,0.19225093722343445,0.38916945457458496,0.13897554576396942,0.5812181234359741,0.16461800038814545,0.47827643156051636,0.22584740817546844,0.5187222957611084,0.24509941041469574,0.5698354244232178,0.11763852089643478,0.6603274345397949,0.16821381449699402,0.5515808463096619,0.24025988578796387,0.6123138666152954,0.23709668219089508,0.6637786626815796,0.12033074349164963,0.7483053803443909,0.16923613846302032,0.6481378674507141,0.23590733110904694,0.7014513611793518,0.22848010063171387,0.7503841519355774,0.1346445232629776,0.8396081924438477,0.1577388048171997,0.7672330141067505,0.20789335668087006,0.7719975113868713,0.21297140419483185,0.7925918102264404,Thumb
0.3070107102394104,0.8160054683685303,0.2996411621570587,0.643412709236145,0.24151068925857544,0.5290854573249817,0.19554829597473145,0.4515080749988556,0.16375941038131714,0.37244051694869995,0.11520939320325851,0.5935173630714417,0.15331552922725677,0.4921196699142456,0.2140684574842453,0.5318266153335571,0.22487397491931915,0.578277587890625,0.09609043598175049,0.686964750289917,0.16154088079929352,0.5805765390396118,0.23071140050888062,0.6288206577301025,0.21683913469314575,0.6661279797554016,0.10412773489952087,0.7772445678710938,0.16422916948795319,0.6853329539299011,0.22407937049865723,0.7198926210403442,0.2060088813304901,0.7534672021865845,0.12249457836151123,0.8616881370544434,0.16190537810325623,0.7965251207351685,0.20572736859321594,0.7953689694404602,0.1981014609336853,0.811590850353241,Thumb
0.29186582565307617,0.7917967438697815,0.28850698471069336,0.6327316761016846,0.23273834586143494,0.5122267603874207,0.1853928118944168,0.42984384298324585,0.15590575337409973,0.34693166613578796,0.09920834749937057,0.5733556151390076,0.1473800241947174,0.48543328046798706,0.20759573578834534,0.5277008414268494,0.21769073605537415,0.5679497122764587,0.07996618747711182,0.6677430272102356,0.15677399933338165,0.5781357884407043,0.21806930005550385,0.620086669921875,0.21029585599899292,0.6551159620285034,0.08633553236722946,0.7606662511825562,0.15877917408943176,0.6790940165519714,0.2131640762090683,0.7089094519615173,0.2031368464231491,0.7407832145690918,0.1055709570646286,0.8469843864440918,0.15139202773571014,0.7877306342124939,0.19292113184928894,0.7893967628479004,0.19072885811328888,0.806816816329956,Thumb
0.27261772751808167,0.7886484861373901,0.27654561400413513,0.6288514733314514,0.2258322685956955,0.5002712607383728,0.1835021823644638,0.4096270501613617,0.15540190041065216,0.32130861282348633,0.08969368040561676,0.5484535098075867,0.14612248539924622,0.4749263525009155,0.2062724530696869,0.523583710193634,0.21638277173042297,0.5617515444755554,0.06927043199539185,0.6412280201911926,0.15423917770385742,0.5647405385971069,0.21103732287883759,0.6102523803710938,0.202278271317482,0.6416705846786499,0.07375015318393707,0.7329180240631104,0.15632912516593933,0.6659775972366333,0.20446863770484924,0.6984737515449524,0.19200126826763153,0.7257043719291687,0.09063183516263962,0.8184240460395813,0.15065066516399384,0.7717157006263733,0.18807798624038696,0.7792872190475464,0.1814255714416504,0.7983541488647461,Thumb
0.26386895775794983,0.7902124524116516,0.2698255479335785,0.6231602430343628,0.22029034793376923,0.48623034358024597,0.17872636020183563,0.398283988237381,0.15011478960514069,0.31240883469581604,0.08642035722732544,0.5399306416511536,0.14063432812690735,0.4627845287322998,0.20080506801605225,0.5141733884811401,0.20363116264343262,0.548824667930603,0.06444074213504791,0.6299511790275574,0.14843231439590454,0.5486058592796326,0.20781853795051575,0.5985419750213623,0.1930786669254303,0.6260381937026978,0.06660902500152588,0.7185147404670715,0.1495891660451889,0.6460468769073486,0.19938012957572937,0.6830945611000061,0.18034285306930542,0.7089396715164185,0.08081809431314468,0.7987475395202637,0.14437787234783173,0.7455695867538452,0.18440407514572144,0.7599716186523438,0.174419566988945,0.7823759913444519,Thumb
0.2596723437309265,0.7928469181060791,0.27586808800697327,0.630559504032135,0.23726114630699158,0.4897650182247162,0.20420052111148834,0.3918089270591736,0.18303033709526062,0.29971954226493835,0.10475756227970123,0.5006083846092224,0.18357761204242706,0.46089258790016174,0.22793060541152954,0.5237645506858826,0.2190847545862198,0.5595474243164062,0.08059181272983551,0.5915651321411133,0.18502801656723022,0.5510836243629456,0.22779929637908936,0.604869544506073,0.2107841968536377,0.6318711638450623,0.07904084771871567,0.6850718855857849,0.1743488609790802,0.6470373272895813,0.21284997463226318,0.6844649910926819,0.1947716623544693,0.7063953280448914,0.08979254215955734,0.7782372236251831,0.160930335521698,0.7454310059547424,0.19456443190574646,0.760408878326416,0.18519227206707,0.7778601050376892,Thumb
0.23702502250671387,0.7950756549835205,0.26810577511787415,0.6537367701530457,0.2750641405582428,0.5154673457145691,0.2787482738494873,0.41133466362953186,0.28357747197151184,0.311876505613327,0.17198847234249115,0.47973451018333435,0.2788480520248413,0.4908543527126312,0.30668169260025024,0.5643499493598938,0.29211995005607605,0.5979785323143005,0.14624661207199097,0.5647302269935608,0.2776149809360504,0.5785933136940002,0.2988969385623932,0.6445248126983643,0.2754061222076416,0.6661911606788635,0.13848739862442017,0.6554709672927856,0.25854939222335815,0.6692031621932983,0.27841195464134216,0.7188335061073303,0.25659695267677307,0.7354035377502441,0.13981667160987854,0.7528573870658875,0.23217995464801788,0.7575460076332092,0.25196367502212524,0.7761691212654114,0.23812954127788544,0.7864043116569519,Thumb
0.22239065170288086,0.8218061923980713,0.2698729932308197,0.7185922861099243,0.30352604389190674,0.614107072353363,0.33336740732192993,0.5236634016036987,0.3657727837562561,0.43824806809425354,0.23144620656967163,0.5539252161979675,0.32010582089424133,0.580029308795929,0.3704833686351776,0.643796443939209,0.403127521276474,0.7040854692459106,0.19634537398815155,0.6388013958930969,0.30506613850593567,0.682170569896698,0.35072699189186096,0.7388421893119812,0.372502863407135,0.784532904624939,0.18061167001724243,0.7369378805160522,0.2714551091194153,0.770808756351471,0.3102332055568695,0.813717246055603,0.3263111710548401,0.8479791879653931,0.1755479872226715,0.8381980061531067,0.2399880290031433,0.8594186305999756,0.2821371555328369,0.869278609752655,0.308065801858902,0.882390558719635,Thumb
0.2113301008939743,0.925678551197052,0.2648468613624573,0.8706180453300476,0.3090079128742218,0.7949050664901733,0.3517859876155853,0.738874614238739,0.39602741599082947,0.6798842549324036,0.2689647376537323,0.7047815918922424,0.32671818137168884,0.7626430988311768,0.36365243792533875,0.8324070572853088,0.39287111163139343,0.889716625213623,0.22694315016269684,0.7363420128822327,0.29311156272888184,0.808523952960968,0.3420740067958832,0.8860496282577515,0.3772752285003662,0.9470727443695068,0.19183747470378876,0.8005368709564209,0.23745784163475037,0.857280969619751,0.2830292880535126,0.9289800524711609,0.31611368060112,0.9778540730476379,0.16719897091388702,0.8817324042320251,0.17193956673145294,0.9152650237083435,0.17634771764278412,0.9417745471000671,0.17780117690563202,0.9594510197639465,Thumb
0.7402241826057434,1.0235652923583984,0.6975460648536682,0.9654508829116821,0.6695516705513,0.8853923678398132,0.6513791084289551,0.8298532366752625,0.636980414390564,0.7882806658744812,0.6935549378395081,0.8083452582359314,0.6474736332893372,0.7848436832427979,0.617935299873352,0.8167315125465393,0.5963038206100464,0.8573524355888367,0.719075620174408,0.8307340741157532,0.6643510460853577,0.8215121030807495,0.620493471622467,0.8694945573806763,0.5879484415054321,0.9241215586662292,0.7429295778274536,0.8767265677452087,0.6965014338493347,0.8536047339439392,0.6511964797973633,0.8821543455123901,0.6171968579292297,0.9165405035018921,0.763011634349823,0.9389575123786926,0.7249703407287598,0.9425745010375977,0.6949655413627625,0.9688018560409546,0.6721330881118774,0.9959666132926941,Thumb
0.737444281578064,0.972192645072937,0.6999662518501282,0.8793479800224304,0.6730582118034363,0.7968003153800964,0.645747721195221,0.7476643919944763,0.6211080551147461,0.7085912227630615,0.7290679216384888,0.7261214852333069,0.6749445796012878,0.6892122626304626,0.6294064521789551,0.6783285737037659,0.5959120392799377,0.675804853439331,0.7437012195587158,0.7673032283782959,0.6774185299873352,0.7151860594749451,0.6245022416114807,0.7146323323249817,0.5895460247993469,0.7280845642089844,0.7452098727226257,0.828789234161377,0.6774764657020569,0.7932083010673523,0.6256603002548218,0.8044833540916443,0.593633234500885,0.8227304816246033,0.7372366786003113,0.9003278613090515,0.6812677979469299,0.8776928186416626,0.6442698836326599,0.8821448683738708,0.6211349368095398,0.893208384513855,Thumb
0.7414138913154602,0.8996074795722961,0.6990517973899841,0.7848357558250427,0.679456889629364,0.6984865665435791,0.6604112386703491,0.6419849991798401,0.6420680284500122,0.591606616973877,0.7145677208900452,0.6373403668403625,0.6525119543075562,0.5972682237625122,0.6134478449821472,0.6172866821289062,0.5937334299087524,0.6419845819473267,0.7221429347991943,0.6809903383255005,0.648884654045105,0.6311248540878296,0.6087562441825867,0.6507610082626343,0.5916028618812561,0.6890161633491516,0.7210450768470764,0.7395094633102417,0.6494912505149841,0.6933152079582214,0.6123476028442383,0.7135568857192993,0.599112331867218,0.7461650371551514,0.7143234014511108,0.8037326335906982,0.6616848707199097,0.7655981779098511,0.6309865117073059,0.7640058994293213,0.6169597506523132,0.7809297442436218,Thumb
0.7395355701446533,0.8230021595954895,0.7015788555145264,0.7101522088050842,0.687675416469574,0.6041993498802185,0.684395968914032,0.5184102058410645,0.690392017364502,0.44629716873168945,0.7087108492851257,0.5354973077774048,0.6302719116210938,0.5220888257026672,0.614388108253479,0.5743902921676636,0.6229549646377563,0.6034998893737793,0.7145918607711792,0.5771968960762024,0.6230282783508301,0.5602800846099854,0.6105785369873047,0.6170283555984497,0.6225510835647583,0.6462564468383789,0.7136096358299255,0.6349725723266602,0.6275116205215454,0.6174486875534058,0.6193318963050842,0.6662030816078186,0.6337433457374573,0.6899024844169617,0.7093514800071716,0.6990001797676086,0.6480157971382141,0.6902859807014465,0.6410104632377625,0.7146918177604675,0.6499286890029907,0.7222176194190979,Thumb
0.7437262535095215,0.7516731023788452,0.7180852293968201,0.6471137404441833,0.6994572877883911,0.5383191704750061,0.6922349333763123,0.44867628812789917,0.7032330632209778,0.3792705535888672,0.7125901579856873,0.47548553347587585,0.6291294693946838,0.48283615708351135,0.6385226249694824,0.5297843813896179,0.6622841358184814,0.5416372418403625,0.7136582136154175,0.5191618204116821,0.6199237108230591,0.5357823967933655,0.6378068327903748,0.5730466842651367,0.6631168127059937,0.5779900550842285,0.7101941108703613,0.5741636157035828,0.6243205070495605,0.5850136876106262,0.6425358057022095,0.6204568147659302,0.6668268442153931,0.62513667345047,0.7053453326225281,0.6352773904800415,0.6405127048492432,0.6456750631332397,0.6542208194732666,0.6665651798248291,0.675431489944458,0.6656193733215332,Thumb
0.7485979795455933,0.7087468504905701,0.7283422350883484,0.6093363165855408,0.7071885466575623,0.5003441572189331,0.6991822123527527,0.4123457670211792,0.7114172577857971,0.34477612376213074,0.7060242891311646,0.45078691840171814,0.6262181997299194,0.4739413857460022,0.6340034008026123,0.5147482752799988,0.6562793254852295,0.5210072994232178,0.7058723568916321,0.49802643060684204,0.6139713525772095,0.5286638140678406,0.6276687383651733,0.5644041895866394,0.6512331366539001,0.5669482350349426,0.700689971446991,0.5562906861305237,0.6163746118545532,0.582991361618042,0.6314008235931396,0.612002968788147,0.6550453901290894,0.6120531558990479,0.6936414837837219,0.6193172931671143,0.6280422806739807,0.6385862231254578,0.6410214900970459,0.6555765867233276,0.6623748540878296,0.6519873142242432,Thumb
0.7450596690177917,0.6850132942199707,0.7337863445281982,0.5820021033287048,0.712676465511322,0.4764854311943054,0.7004091739654541,0.393998920917511,0.7074807286262512,0.3302166163921356,0.6889046430587769,0.4524897634983063,0.6132554411888123,0.4763965308666229,0.6269020438194275,0.5138121247291565,0.6504011750221252,0.5170969367027283,0.6804324984550476,0.5082699656486511,0.5987900495529175,0.5376462340354919,0.6186649799346924,0.5656367540359497,0.6447530388832092,0.5635144114494324,0.6722907423973083,0.5700048804283142,0.599023163318634,0.5905240774154663,0.618300199508667,0.6119289398193359,0.6432260274887085,0.6096230149269104,0.6650329828262329,0.6331788301467896,0.6092236638069153,0.6413651704788208,0.6259470582008362,0.65357506275177,0.6487144231796265,0.6514620780944824,Thumb
0.7369357347488403,0.6718526482582092,0.7322375774383545,0.5669713616371155,0.7135574221611023,0.464492529630661,0.6938653588294983,0.38578054308891296,0.6981660723686218,0.3238889276981354,0.6650343537330627,0.4683968722820282,0.5997889637947083,0.49195852875709534,0.6126567125320435,0.5202953815460205,0.6332211494445801,0.5236963629722595,0.6533597707748413,0.5294440984725952,0.5873371362686157,0.5545689463615417,0.6046620607376099,0.5763991475105286,0.627977728843689,0.5749115943908691,0.645301103591919,0.5928819179534912,0.5869338512420654,0.6085512638092041,0.6052615642547607,0.6238946318626404,0.6287491321563721,0.6212345957756042,0.6399017572402954,0.6547839045524597,0.5945703387260437,0.6551259756088257,0.6118476390838623,0.6657365560531616,0.6336085200309753,0.6648469567298889,Thumb
0.7322173118591309,0.6847938299179077,0.7306491136550903,0.5659462213516235,0.7170016169548035,0.4721291959285736,0.6971657276153564,0.39251863956451416,0.6963963508605957,0.338687539100647,0.6426317095756531,0.4815811216831207,0.5976261496543884,0.5010218024253845,0.6154599785804749,0.5246177911758423,0.6358330249786377,0.5303808450698853,0.6253092885017395,0.5459191799163818,0.5898195505142212,0.5580905675888062,0.6055483818054199,0.5775679349899292,0.624966025352478,0.5827105641365051,0.6178494095802307,0.6130783557891846,0.5885525345802307,0.6126005053520203,0.6033187508583069,0.6269519925117493,0.6227130889892578,0.6343520879745483,0.6158549189567566,0.6758847236633301,0.5911005139350891,0.6620203852653503,0.6065431833267212,0.6726056337356567,0.6238110065460205,0.6792856454849243,Thumb
0.7315492630004883,0.7042728662490845,0.723749041557312,0.5810980796813965,0.7072314620018005,0.4982137382030487,0.6897968053817749,0.42469218373298645,0.6881361603736877,0.3792489767074585,0.6163448095321655,0.5194960236549377,0.6024285554885864,0.5260456800460815,0.6255749464035034,0.544558584690094,0.6423066258430481,0.5565670132637024,0.6009413003921509,0.5825091600418091,0.5978430509567261,0.5798937678337097,0.6190956234931946,0.5940118432044983,0.6371146440505981,0.6062819957733154,0.5986591577529907,0.6476313471794128,0.5971226692199707,0.6336489319801331,0.6146522164344788,0.6433877348899841,0.6331561803817749,0.6590657830238342,0.6009751558303833,0.7053031325340271,0.5977638959884644,0.6886050701141357,0.6142209768295288,0.6954017281532288,0.6307938098907471,0.705755352973938,Thumb
0.7218002080917358,0.73175048828125,0.712647020816803,0.6152240037918091,0.6849533319473267,0.528450608253479,0.6627364754676819,0.45531007647514343,0.659127414226532,0.3975319266319275,0.5985048413276672,0.5555173754692078,0.6000248193740845,0.5694637298583984,0.6238537430763245,0.5880581140518188,0.6400258541107178,0.6013761162757874,0.5832982063293457,0.6205922961235046,0.5954360961914062,0.6304852962493896,0.616304874420166,0.6445785164833069,0.6323017477989197,0.6546391844749451,0.5816542506217957,0.6871656179428101,0.5951447486877441,0.6839613318443298,0.6131304502487183,0.6914834380149841,0.6302250027656555,0.7009837627410889,0.5859836935997009,0.747730553150177,0.5970550179481506,0.7399035096168518,0.6158297061920166,0.7406046986579895,0.6315423250198364,0.7448968887329102,Thumb
0.7057345509529114,0.7486016154289246,0.6924922466278076,0.6303496360778809,0.664451539516449,0.5468389391899109,0.6404630541801453,0.4830213785171509,0.633068323135376,0.427508145570755,0.5762550830841064,0.5887753367424011,0.5859996676445007,0.6066865921020508,0.6094908118247986,0.6242086887359619,0.6244522929191589,0.6380739808082581,0.5630062222480774,0.6563677191734314,0.5799459218978882,0.6666916608810425,0.6005983948707581,0.677718997001648,0.6176135540008545,0.6849347949028015,0.5654081702232361,0.7226507067680359,0.5800240635871887,0.7199509739875793,0.5983962416648865,0.7255675196647644,0.6169461011886597,0.7325705885887146,0.5742692947387695,0.7826871275901794,0.5844734907150269,0.774711549282074,0.6037258505821228,0.7726931571960449,0.62038254737854,0.7740518450737,Thumb
0.694546103477478,0.7552306652069092,0.6806614398956299,0.6381838321685791,0.6521493792533875,0.5579186081886292,0.6270901560783386,0.49596288800239563,0.6209301352500916,0.4397748112678528,0.5654033422470093,0.5973125100135803,0.574383020401001,0.6121177077293396,0.5967907309532166,0.6284317970275879,0.6106436252593994,0.6396615505218506,0.5527879595756531,0.6658301949501038,0.5710987448692322,0.6756086349487305,0.5917680263519287,0.6854606866836548,0.607203483581543,0.6913818120956421,0.554694652557373,0.7337172031402588,0.5711337924003601,0.7308868765830994,0.5891793966293335,0.7344260811805725,0.6054151058197021,0.7394440174102783,0.5632379055023193,0.7955005168914795,0.5744255781173706,0.7888895273208618,0.5926574468612671,0.7855504155158997,0.6068927645683289,0.7850997447967529,Thumb
0.6885861158370972,0.7583830952644348,0.6727762222290039,0.6363153457641602,0.6441153883934021,0.5550100803375244,0.6181876063346863,0.4922611713409424,0.6179801821708679,0.4371119439601898,0.5555036067962646,0.6043514609336853,0.5543563365936279,0.6052083373069763,0.5778229832649231,0.6210525035858154,0.5950862765312195,0.6333838105201721,0.5428667068481445,0.6734532713890076,0.5552418231964111,0.6646050214767456,0.5777493119239807,0.6749876737594604,0.5954232215881348,0.6851152777671814,0.5447705984115601,0.7397289872169495,0.556954562664032,0.718738853931427,0.5766000151634216,0.7247223258018494,0.5958035588264465,0.7352455258369446,0.552500307559967,0.7987074255943298,0.5597172379493713,0.777874231338501,0.5791758894920349,0.7763811349868774,0.5968214273452759,0.7791305780410767,Thumb
0.6887152791023254,0.7573896050453186,0.670613169670105,0.6392652988433838,0.6434778571128845,0.5555819272994995,0.6172767877578735,0.48914963006973267,0.614713191986084,0.4333803355693817,0.5610857009887695,0.5878587365150452,0.5241714715957642,0.6359754204750061,0.5433796048164368,0.6596729755401611,0.560922384262085,0.6570655703544617,0.5503901243209839,0.6542345881462097,0.529131293296814,0.6970465183258057,0.5508939623832703,0.7141870856285095,0.5711053013801575,0.7078243494033813,0.5515908002853394,0.7253975868225098,0.5363284349441528,0.7495094537734985,0.5567713975906372,0.7615537047386169,0.5777091979980469,0.7582057118415833,0.5581242442131042,0.7914793491363525,0.5458219051361084,0.7994823455810547,0.5664454102516174,0.8041220307350159,0.5854613184928894,0.7997758984565735,Thumb
0.689181387424469,0.7670183181762695,0.6694058179855347,0.6567298769950867,0.6372256875038147,0.56691974401474,0.6163517832756042,0.4949524402618408,0.6192185878753662,0.43407535552978516,0.5858883857727051,0.5741738677024841,0.5187253355979919,0.6269117593765259,0.5384373664855957,0.6525136828422546,0.5617303848266602,0.6453145742416382,0.5796697735786438,0.6387053728103638,0.5182189345359802,0.6880185008049011,0.5408139824867249,0.7077398300170898,0.5648030638694763,0.6971296072006226,0.5771406888961792,0.7073370218276978,0.5264189839363098,0.7462749481201172,0.5493688583374023,0.7607654929161072,0.5718135237693787,0.7512147426605225,0.5792160034179688,0.7755401730537415,0.5410382747650146,0.7944082617759705,0.5629469156265259,0.8026914596557617,0.5837328433990479,0.7957022786140442,Thumb
0.6885001063346863,0.7886298894882202,0.6651413440704346,0.6872566938400269,0.6293291449546814,0.5831971168518066,0.6161904335021973,0.5018264651298523,0.6298414468765259,0.4340144097805023,0.6325669288635254,0.5457963347434998,0.5434521436691284,0.5827502608299255,0.5590913891792297,0.6196324825286865,0.583186686038971,0.6151599884033203,0.6366794109344482,0.6043000221252441,0.5370879769325256,0.6512205600738525,0.5593990683555603,0.6754477620124817,0.5875993967056274,0.66435307264328,0.6364133358001709,0.6732374429702759,0.5435758233070374,0.7175061106681824,0.5679014325141907,0.7334908843040466,0.5951195955276489,0.7201092839241028,0.6342782974243164,0.7434661388397217,0.5655019283294678,0.7708417773246765,0.5849262475967407,0.7804035544395447,0.6096709966659546,0.7705515623092651,Thumb
0.6627480983734131,0.811278223991394,0.6254676580429077,0.7128587961196899,0.6070953607559204,0.5993194580078125,0.6041045784950256,0.5099917650222778,0.6128221750259399,0.43450379371643066,0.6464850902557373,0.5339093804359436,0.5618057250976562,0.5625981688499451,0.5656524300575256,0.6163814067840576,0.5857563614845276,0.6229343414306641,0.6612737774848938,0.5890445709228516,0.5603054761886597,0.6333744525909424,0.5717334747314453,0.6741754412651062,0.5971056222915649,0.6716012954711914,0.6655020713806152,0.6579789519309998,0.5683313608169556,0.6963658332824707,0.5820431113243103,0.7275553941726685,0.6085184812545776,0.7223405241966248,0.6628658771514893,0.7301555275917053,0.5853575468063354,0.7525603175163269,0.5960642695426941,0.7701301574707031,0.6203992962837219,0.7618182897567749,Thumb
0.6430912017822266,0.8010551333427429,0.5964841842651367,0.6904301047325134,0.5964204668998718,0.5784479379653931,0.605718195438385,0.49165603518486023,0.6096153259277344,0.4237225353717804,0.6672288775444031,0.5094640851020813,0.5957508087158203,0.518604576587677,0.5857494473457336,0.5779494047164917,0.5993112325668335,0.5958297252655029,0.6878783702850342,0.5565868020057678,0.5992848873138428,0.587939977645874,0.5930160284042358,0.6394192576408386,0.6104614734649658,0.649040162563324,0.6950831413269043,0.6198877692222595,0.6094989776611328,0.654030978679657,0.6043795943260193,0.6935735940933228,0.6231960654258728,0.6972418427467346,0.6930411458015442,0.6873716115951538,0.6270127296447754,0.7073791027069092,0.6186549067497253,0.730862557888031,0.6326277852058411,0.7326322197914124,Thumb
0.6285328269004822,0.7729715704917908,0.59736168384552,0.6782055497169495,0.6014654040336609,0.5568575859069824,0.6091388463973999,0.4865368604660034,0.6022619009017944,0.43447554111480713,0.6909594535827637,0.5069808959960938,0.6597678065299988,0.48394620418548584,0.6354508399963379,0.5508489608764648,0.6265451312065125,0.6026553511619568,0.7180763483047485,0.545836329460144,0.6795655488967896,0.536084771156311,0.6506928205490112,0.609392523765564,0.6464564800262451,0.6450669765472412,0.7352708578109741,0.6026839017868042,0.6957417726516724,0.6004652976989746,0.6653404235839844,0.6590202450752258,0.6641631722450256,0.6809653639793396,0.7459955215454102,0.6660074591636658,0.7166843414306641,0.6586936116218567,0.6888683438301086,0.6909468173980713,0.6873348951339722,0.7025078535079956,Thumb
0.6511844992637634,0.7737376689910889,0.6202930212020874,0.677612841129303,0.6261793971061707,0.554111123085022,0.6328728199005127,0.47890400886535645,0.6186182498931885,0.4341711103916168,0.6951253414154053,0.5285472869873047,0.7105947732925415,0.4826599955558777,0.6866053938865662,0.5453905463218689,0.6685311198234558,0.5986244082450867,0.7246353030204773,0.5718533992767334,0.7373973727226257,0.5260123014450073,0.6993504762649536,0.6013033390045166,0.6820505857467651,0.6463766098022461,0.745291531085968,0.6257349848747253,0.7561708688735962,0.5901747941970825,0.7157204747200012,0.6501926183700562,0.698310136795044,0.6833431720733643,0.7630786299705505,0.6877622008323669,0.7702898383140564,0.653102695941925,0.7375305891036987,0.6823979616165161,0.7217398881912231,0.6960391402244568,Thumb
0.6721866726875305,0.7671821713447571,0.6471158862113953,0.6523320078849792,0.6526180505752563,0.5345929861068726,0.6617228984832764,0.4518984258174896,0.6441287994384766,0.40288761258125305,0.7263393402099609,0.5157262682914734,0.756462812423706,0.47302159667015076,0.7272598147392273,0.5332170724868774,0.7016354203224182,0.5813246369361877,0.7555075883865356,0.563234806060791,0.7827727794647217,0.5202862024307251,0.7394638657569885,0.5903289318084717,0.7153917551040649,0.6301535367965698,0.7741526365280151,0.6192805767059326,0.8005704879760742,0.5861222147941589,0.7563903331756592,0.6384705305099487,0.7307350039482117,0.6663581728935242,0.7871338129043579,0.6829814910888672,0.810127317905426,0.6567226052284241,0.7755798697471619,0.6812406182289124,0.7532798051834106,0.6874780654907227,Thumb
0.6939269304275513,0.7663382887840271,0.666682779788971,0.6485549211502075,0.6669931411743164,0.5344573855400085,0.674696147441864,0.4542098045349121,0.6585254073143005,0.4094303548336029,0.742828369140625,0.5251641869544983,0.7774989008903503,0.47973084449768066,0.7488270998001099,0.5304540991783142,0.7236828207969666,0.5756705403327942,0.7694723010063171,0.5713008046150208,0.8042397499084473,0.5242969393730164,0.7600373029708862,0.5840035676956177,0.732194185256958,0.6220548748970032,0.7880080342292786,0.622526228427887,0.8182849287986755,0.5865457653999329,0.7731061577796936,0.6331964731216431,0.7452213168144226,0.6619700789451599,0.8024976253509521,0.6806294918060303,0.8261781930923462,0.6531229615211487,0.7920023798942566,0.6762349009513855,0.7695398926734924,0.6856552362442017,Thumb
0.7098855376243591,0.7595813274383545,0.6820066571235657,0.642483115196228,0.6834446787834167,0.5379943251609802,0.6949933171272278,0.4676137864589691,0.6875760555267334,0.42503324151039124,0.7574517726898193,0.5329084396362305,0.7939174175262451,0.48992738127708435,0.7653470635414124,0.5380832552909851,0.7396143674850464,0.5811209082603455,0.782616138458252,0.5817883014678955,0.8195365071296692,0.5347627401351929,0.7770427465438843,0.5941035747528076,0.7493581771850586,0.6284526586532593,0.8012094497680664,0.6314512491226196,0.8368983268737793,0.5909267067909241,0.7926707863807678,0.6386343240737915,0.7648923397064209,0.6667025685310364,0.8158135414123535,0.6864163279533386,0.8413152098655701,0.6599275469779968,0.8079937100410461,0.6847617030143738,0.786311686038971,0.6942054033279419,Thumb
0.7130117416381836,0.7685776948928833,0.6889780163764954,0.6429216861724854,0.6861708164215088,0.5435763597488403,0.6955893635749817,0.47010889649391174,0.6891791224479675,0.4273808002471924,0.7621461749076843,0.5380691289901733,0.795400083065033,0.4895932376384735,0.7698131203651428,0.5348351001739502,0.7463060617446899,0.5779611468315125,0.7879321575164795,0.5826698541641235,0.8218371868133545,0.5361778140068054,0.7804242968559265,0.593672513961792,0.7533305287361145,0.6283063888549805,0.8043910264968872,0.6336710453033447,0.8394151329994202,0.5922375917434692,0.7975607514381409,0.636538028717041,0.7703104019165039,0.6662922501564026,0.8157755732536316,0.692892849445343,0.8413878679275513,0.6597160696983337,0.8077318072319031,0.6806691884994507,0.7868250012397766,0.6928294897079468,Thumb
0.7096648216247559,0.7537184357643127,0.6841567754745483,0.6361710429191589,0.6822454333305359,0.5360138416290283,0.6909397840499878,0.46620893478393555,0.688184916973114,0.42495155334472656,0.7579843401908875,0.5320664644241333,0.7933283448219299,0.48344722390174866,0.7683323621749878,0.528337836265564,0.7437799572944641,0.5712990164756775,0.7824080586433411,0.5776256918907166,0.8171043992042542,0.528979480266571,0.7782497406005859,0.5856482982635498,0.751166820526123,0.6212577223777771,0.8000181317329407,0.6264740824699402,0.8354760408401489,0.5834854245185852,0.794179379940033,0.6292656064033508,0.7653359770774841,0.6604025363922119,0.814007580280304,0.6820104718208313,0.8408859372138977,0.6495457291603088,0.808150589466095,0.6721413731575012,0.7844980359077454,0.6850199699401855,Thumb
0.7075812220573425,0.7538965344429016,0.681332528591156,0.6332514882087708,0.682981550693512,0.5255334377288818,0.6917980909347534,0.45036739110946655,0.6828393340110779,0.40492117404937744,0.7595523595809937,0.522794246673584,0.7955776453018188,0.4704115688800812,0.7682181000709534,0.5184412598609924,0.7429190278053284,0.5632414817810059,0.7848808765411377,0.5678871273994446,0.8202511072158813,0.5161968469619751,0.7787346839904785,0.5744364857673645,0.7512232065200806,0.6136103868484497,0.8022604584693909,0.6183058023452759,0.8368134498596191,0.574272871017456,0.7936388850212097,0.6211520433425903,0.7646322846412659,0.6540831327438354,0.8164538145065308,0.6759383678436279,0.843770444393158,0.6401273012161255,0.8099061846733093,0.6623399257659912,0.7856003046035767,0.6774972677230835,Thumb
0.7093496918678284,0.7458787560462952,0.6885164380073547,0.6297546029090881,0.7083078622817993,0.5088475942611694,0.7257394194602966,0.4346271753311157,0.7133525013923645,0.3853275775909424,0.7849001288414001,0.5167239904403687,0.8089028596878052,0.4572156071662903,0.7756263613700867,0.5033121705055237,0.7491117119789124,0.5525830388069153,0.8090018630027771,0.561116635799408,0.8351647853851318,0.496877521276474,0.7872748970985413,0.5524782538414001,0.7605262398719788,0.6001312136650085,0.8256520628929138,0.6162658929824829,0.8499041199684143,0.5595320463180542,0.800414502620697,0.6055288910865784,0.7734443545341492,0.6434049010276794,0.8385737538337708,0.6835182309150696,0.8572273850440979,0.6349954605102539,0.8199295997619629,0.6497383713722229,0.7954398989677429,0.6657851934432983,Thumb
0.7218118906021118,0.7643411755561829,0.6938579678535461,0.645264208316803,0.7042436003684998,0.5210878849029541,0.7147426009178162,0.4443536400794983,0.7044024467468262,0.3916487693786621,0.7801123261451721,0.5008275508880615,0.7965195775032043,0.4294185936450958,0.7653599977493286,0.4872741103172302,0.744653046131134,0.5428016185760498,0.8044576644897461,0.542028546333313,0.819125771522522,0.4708157479763031,0.7757169008255005,0.543912947177887,0.7584322690963745,0.6000068783760071,0.8256335258483887,0.5953726172447205,0.8383710980415344,0.5302392840385437,0.7924600839614868,0.5945516228675842,0.7748470306396484,0.6448220014572144,0.8444081544876099,0.6616299152374268,0.8549957871437073,0.6038195490837097,0.8177961707115173,0.627933919429779,0.8010533452033997,0.6569653153419495,Thumb
0.7467316389083862,0.78218674659729,0.6962151527404785,0.6682196259498596,0.6761624813079834,0.5410187840461731,0.6677419543266296,0.4533853530883789,0.6430048942565918,0.4108862280845642,0.7456972002983093,0.4806709885597229,0.7558516263961792,0.40563151240348816,0.7400903701782227,0.4885384440422058,0.7305389642715454,0.551723837852478,0.7815834879875183,0.5063968300819397,0.791230320930481,0.43328046798706055,0.7652543187141418,0.5339796543121338,0.7567580342292786,0.5923164486885071,0.8136153221130371,0.5460817217826843,0.8210666179656982,0.4847266972064972,0.7909567356109619,0.5708560347557068,0.7798373699188232,0.6207967400550842,0.8428659439086914,0.600985050201416,0.8484310507774353,0.5433871746063232,0.8188456892967224,0.5919409394264221,0.8070537447929382,0.6246888637542725,Thumb
0.7610909938812256,0.7284958362579346,0.6943234801292419,0.6541321277618408,0.6480628848075867,0.5623860955238342,0.6145867109298706,0.4941655099391937,0.5752267837524414,0.47812095284461975,0.7045090198516846,0.46760469675064087,0.710563063621521,0.4173513948917389,0.709563672542572,0.4983418881893158,0.7067968249320984,0.5541747808456421,0.7471916675567627,0.46786296367645264,0.7511138916015625,0.4069097340106964,0.7426221966743469,0.5136613249778748,0.7392614483833313,0.5679929852485657,0.7863722443580627,0.48607495427131653,0.790303647518158,0.4390130937099457,0.7767682075500488,0.5310978293418884,0.7676993012428284,0.5768993496894836,0.8219623565673828,0.5189645886421204,0.8228582739830017,0.47593793272972107,0.8037552237510681,0.5386992692947388,0.7932260036468506,0.5710167288780212,Thumb
0.7737155556678772,0.7096949815750122,0.7069286108016968,0.6771859526634216,0.6418691873550415,0.6178878545761108,0.5902371406555176,0.5737152695655823,0.5442301034927368,0.581379234790802,0.6638050079345703,0.4821758568286896,0.6693513989448547,0.4258221983909607,0.6907100081443787,0.5010707378387451,0.6957226395606995,0.5589178800582886,0.7058789730072021,0.4563859701156616,0.7114324569702148,0.40795281529426575,0.7257675528526306,0.5072578191757202,0.7229499816894531,0.5606436133384705,0.7463599443435669,0.4520755112171173,0.7539935111999512,0.4069780707359314,0.7581503391265869,0.4985913336277008,0.749344527721405,0.5557104349136353,0.7813565731048584,0.46307241916656494,0.7891693115234375,0.41527149081230164,0.784891664981842,0.4781903922557831,0.7736940383911133,0.5215908288955688,Thumb
0.7684928774833679,0.6957964897155762,0.7078953981399536,0.6876198053359985,0.6412244439125061,0.647335410118103,0.5857710838317871,0.6184649467468262,0.5435197949409485,0.6373509168624878,0.651489794254303,0.5101103186607361,0.6472907662391663,0.449023962020874,0.674811065196991,0.5206837058067322,0.6867157816886902,0.5772929191589355,0.6886599659919739,0.4750289022922516,0.6895833611488342,0.4288492202758789,0.7107332348823547,0.5243433713912964,0.7112616300582886,0.5727061629295349,0.7263495326042175,0.45856526494026184,0.7290161848068237,0.413362979888916,0.7405170798301697,0.5019572377204895,0.7383643388748169,0.5523383617401123,0.7603800892829895,0.45464515686035156,0.7618016004562378,0.4025530219078064,0.7655128836631775,0.4687449634075165,0.7610472440719604,0.5109691619873047,Thumb
0.7628875374794006,0.6937769055366516,0.7055330872535706,0.7077181935310364,0.635506808757782,0.6912980675697327,0.577599287033081,0.6848118305206299,0.53654545545578,0.7175493836402893,0.6252681016921997,0.5470595955848694,0.6270570755004883,0.5050135850906372,0.6611687541007996,0.5634918212890625,0.6787750124931335,0.6114006042480469,0.658671498298645,0.49470144510269165,0.6648746132850647,0.4589448571205139,0.6953406929969788,0.5417146682739258,0.7030995488166809,0.596081018447876,0.6947109699249268,0.463327020406723,0.704071581363678,0.43775656819343567,0.7242024540901184,0.5179092288017273,0.7265951037406921,0.5715916752815247,0.7295475006103516,0.4465869069099426,0.7343313694000244,0.41766464710235596,0.7456820607185364,0.479113906621933,0.7443839907646179,0.5200455188751221,Thumb
0.7580485939979553,0.7061256170272827,0.7030347585678101,0.7351841330528259,0.6311951875686646,0.7360666990280151,0.5742243528366089,0.7480828762054443,0.5408214926719666,0.7978509068489075,0.6073643565177917,0.601184606552124,0.6055791974067688,0.5603867173194885,0.6469298601150513,0.610012948513031,0.6701403856277466,0.6525917649269104,0.6353925466537476,0.5389316082000732,0.6410039067268372,0.5085898637771606,0.6795859932899475,0.5796138048171997,0.6924370527267456,0.6285778880119324,0.6685053706169128,0.4976067543029785,0.6785297393798828,0.47359341382980347,0.7061272263526917,0.5467715859413147,0.7128892540931702,0.5978565812110901,0.7017847299575806,0.47126540541648865,0.7065517902374268,0.44525671005249023,0.7243603467941284,0.5026718378067017,0.7273997664451599,0.5425459146499634,Thumb
0.7558789849281311,0.7104799151420593,0.7063506245613098,0.7444168329238892,0.6379511952400208,0.7620375156402588,0.5812216997146606,0.7862615585327148,0.546725869178772,0.8364683985710144,0.5993472337722778,0.6251340508460999,0.5968377590179443,0.6007424592971802,0.6409905552864075,0.6397053599357605,0.6677648425102234,0.6719314455986023,0.6208340525627136,0.5558081269264221,0.6270025372505188,0.5382363796234131,0.6699541211128235,0.6012296676635742,0.6870254278182983,0.6424564719200134,0.6516236662864685,0.5086249709129333,0.6611870527267456,0.4925718903541565,0.6924704909324646,0.5591386556625366,0.7040632367134094,0.6037354469299316,0.6836272478103638,0.4778498113155365,0.6869006156921387,0.4573191702365875,0.7074480056762695,0.5123523473739624,0.7144216895103455,0.5494834184646606,Thumb
0.7560532093048096,0.7035073637962341,0.7082000970840454,0.742595374584198,0.6425679326057434,0.7698371410369873,0.5858354568481445,0.8049153685569763,0.5545830726623535,0.860396683216095,0.5938310623168945,0.636415421962738,0.5916064977645874,0.6071451902389526,0.637673020362854,0.6451737880706787,0.6654413342475891,0.6805669069290161,0.6120488047599792,0.5652897357940674,0.6216815710067749,0.5474703907966614,0.6676341891288757,0.6097794771194458,0.6833195686340332,0.6476335525512695,0.6413851380348206,0.5154109597206116,0.6544895172119141,0.49896541237831116,0.6889893412590027,0.5659806132316589,0.7005072236061096,0.6066697239875793,0.673288881778717,0.48208579421043396,0.6777088046073914,0.4580494165420532,0.7006977200508118,0.5143906474113464,0.7083863019943237,0.5516204833984375,Thumb
0.7494023442268372,0.6969271898269653,0.7028090953826904,0.7422899603843689,0.6425169706344604,0.7817240357398987,0.5911772847175598,0.8281589150428772,0.5599378943443298,0.8873611092567444,0.5793938636779785,0.6502774357795715,0.5866239070892334,0.6290083527565002,0.6346157789230347,0.6601166129112244,0.6623084545135498,0.6888289451599121,0.5950199365615845,0.5760506391525269,0.6107404828071594,0.565462589263916,0.6577165126800537,0.6175529360771179,0.6755969524383545,0.650102972984314,0.6243467926979065,0.522182285785675,0.6402912735939026,0.5092869400978088,0.6760255694389343,0.5673919916152954,0.689358651638031,0.6035391688346863,0.6575533747673035,0.4841831624507904,0.6629457473754883,0.46339038014411926,0.68758225440979,0.5167805552482605,0.6968806385993958,0.5524807572364807,Thumb
0.7369857430458069,0.6872950196266174,0.6942803263664246,0.7401277422904968,0.636272132396698,0.7884598970413208,0.5888991951942444,0.8427488803863525,0.5605047345161438,0.9075300693511963,0.5663174986839294,0.6607615947723389,0.5762495398521423,0.6408172249794006,0.6247649788856506,0.6668733358383179,0.652990996837616,0.6907969117164612,0.5793785452842712,0.5850921869277954,0.598886251449585,0.575498104095459,0.6473780274391174,0.6224462389945984,0.6663531064987183,0.6509309411048889,0.6069970726966858,0.5285109877586365,0.6273526549339294,0.517852783203125,0.6649672389030457,0.5725202560424805,0.6781620383262634,0.604994535446167,0.6390745639801025,0.48567724227905273,0.6480608582496643,0.4689406454563141,0.6743311882019043,0.5200096964836121,0.6832342743873596,0.5534042716026306,Thumb
0.7349063158035278,0.6789340972900391,0.6956622004508972,0.7345123291015625,0.6387078166007996,0.791274905204773,0.5924230813980103,0.8510055541992188,0.5644015073776245,0.917754590511322,0.564957857131958,0.6743033528327942,0.5677843689918518,0.6537286639213562,0.6162105202674866,0.6720834374427795,0.646611750125885,0.6885369420051575,0.5737124681472778,0.5983818173408508,0.5829365253448486,0.583829402923584,0.6351029276847839,0.6245554089546204,0.6592550277709961,0.6488582491874695,0.5967386364936829,0.5386213660240173,0.612607479095459,0.5253044962882996,0.653481662273407,0.576553225517273,0.6701487898826599,0.6071730256080627,0.6251648664474487,0.49084892868995667,0.6309126019477844,0.47582876682281494,0.6591752767562866,0.5231835246086121,0.669795036315918,0.5532194972038269,Thumb
0.7360286116600037,0.6367790102958679,0.7046175003051758,0.7067382335662842,0.6555026173591614,0.7837658524513245,0.6172160506248474,0.8625695705413818,0.6004565358161926,0.9392893314361572,0.5663008093833923,0.6907262802124023,0.5753205418586731,0.6682279109954834,0.625535249710083,0.667280375957489,0.655853271484375,0.6754316091537476,0.5645164847373962,0.611930787563324,0.5844266414642334,0.591044545173645,0.6386070847511292,0.6106951236724854,0.6619093418121338,0.6306909322738647,0.5798453688621521,0.5448886752128601,0.6057923436164856,0.5278818607330322,0.6506220102310181,0.5596712231636047,0.6670601963996887,0.5862542390823364,0.602921724319458,0.48923948407173157,0.6201993823051453,0.4724601209163666,0.6519322395324707,0.5079480409622192,0.661161482334137,0.5381875038146973,Thumb
0.7332260608673096,0.5938888788223267,0.7086558938026428,0.6681082248687744,0.6679270267486572,0.7541491389274597,0.6409901976585388,0.8404974341392517,0.634250283241272,0.916258692741394,0.5729945302009583,0.6786585450172424,0.5851290822029114,0.6541277766227722,0.6316302418708801,0.6400721073150635,0.6606917977333069,0.6384274363517761,0.5663222670555115,0.6025367379188538,0.5905885100364685,0.5756959915161133,0.6426798105239868,0.5825544595718384,0.668137788772583,0.5961596965789795,0.5756983757019043,0.533332347869873,0.6056988835334778,0.5105335116386414,0.6489366888999939,0.5300287008285522,0.6670253276824951,0.5508959293365479,0.5930642485618591,0.4725625514984131,0.6115176677703857,0.4537447392940521,0.642021119594574,0.47589796781539917,0.6525383591651917,0.49766409397125244,Thumb
0.7371844053268433,0.569864809513092,0.7221938371658325,0.6444495916366577,0.6880550384521484,0.7380421757698059,0.6689783930778503,0.8335412740707397,0.6665210127830505,0.9134182333946228,0.5840699076652527,0.6945875883102417,0.6028469204902649,0.6679983139038086,0.6495122909545898,0.6395509839057922,0.670952320098877,0.6277176141738892,0.5687683820724487,0.6223088502883911,0.6009018421173096,0.5888886451721191,0.6517678499221802,0.5795320272445679,0.6679505705833435,0.5837575793266296,0.5724129676818848,0.5510833859443665,0.6070067286491394,0.5195966362953186,0.6517458558082581,0.5243220925331116,0.6637269854545593,0.5373113751411438,0.5853675603866577,0.48469218611717224,0.6085758209228516,0.45730894804000854,0.6424359679222107,0.47127893567085266,0.6514363884925842,0.4915018379688263,Thumb
0.7337369918823242,0.557109534740448,0.7245348691940308,0.6352216005325317,0.6985756158828735,0.7375613451004028,0.6910496950149536,0.8397724032402039,0.6957080364227295,0.9226365685462952,0.5939107537269592,0.7164029479026794,0.6151993870735168,0.692279577255249,0.6563661694526672,0.6494069695472717,0.6729835867881775,0.6290510892868042,0.5744393467903137,0.6499196290969849,0.6052231788635254,0.6182698011398315,0.6530027389526367,0.5935148596763611,0.6673555970191956,0.5887556672096252,0.5730340480804443,0.5787492990493774,0.6051296591758728,0.5447596907615662,0.6467064619064331,0.5368644595146179,0.657001793384552,0.542950451374054,0.5811008810997009,0.5100142955780029,0.6009901762008667,0.4846923351287842,0.6335346102714539,0.4894345700740814,0.6425725221633911,0.5021893978118896,Thumb
0.7344479560852051,0.5536681413650513,0.7264801859855652,0.6349132657051086,0.70121830701828,0.7378281354904175,0.6948308944702148,0.8366047739982605,0.7031827569007874,0.9189625382423401,0.6031042337417603,0.7287301421165466,0.6166108846664429,0.7028250098228455,0.6557143330574036,0.658824622631073,0.6757572293281555,0.6328824758529663,0.580455482006073,0.667152464389801,0.6007820963859558,0.6336832642555237,0.6473075747489929,0.603848397731781,0.6690950393676758,0.5926486253738403,0.5746225714683533,0.598549485206604,0.5999624133110046,0.5643095374107361,0.640292227268219,0.5503464937210083,0.6563915014266968,0.5511118173599243,0.5776345729827881,0.5301970839500427,0.5930253863334656,0.5047281384468079,0.6241113543510437,0.5043078064918518,0.6364558935165405,0.5135284066200256,Thumb
0.7342150211334229,0.5578256845474243,0.7308075428009033,0.6412314176559448,0.7109856009483337,0.7484608292579651,0.7076844573020935,0.8436515927314758,0.7165343761444092,0.921647846698761,0.6120351552963257,0.7414703369140625,0.622123122215271,0.7256569862365723,0.6598548889160156,0.6800426840782166,0.6778348684310913,0.6502248644828796,0.58888840675354,0.6807530522346497,0.6081108450889587,0.6533802151679993,0.6532778739929199,0.6231423020362854,0.6704083681106567,0.6090450286865234,0.5817326903343201,0.612653374671936,0.6077877879142761,0.5804432034492493,0.6476850509643555,0.5675041675567627,0.6587614417076111,0.5673864483833313,0.5820141434669495,0.5448555946350098,0.6004807949066162,0.5202618837356567,0.633145809173584,0.5207980275154114,0.6425223350524902,0.5294741988182068,Thumb
0.7408847212791443,0.5589376091957092,0.740761399269104,0.642625093460083,0.7230755686759949,0.7532095909118652,0.7200981378555298,0.8488565683364868,0.7268899083137512,0.9274563193321228,0.6230180859565735,0.7434365153312683,0.638715922832489,0.7282539010047913,0.6735970377922058,0.6826131343841553,0.6891368627548218,0.6520962715148926,0.5994766354560852,0.6829956769943237,0.6238477826118469,0.656463623046875,0.6657739877700806,0.6255437731742859,0.682104229927063,0.6109578609466553,0.5918693542480469,0.6157406568527222,0.6213659048080444,0.5859282612800598,0.6570165753364563,0.5709483623504639,0.6652070879936218,0.5701777935028076,0.5920017957687378,0.5489797592163086,0.6139829754829407,0.5240925550460815,0.6442462205886841,0.5217438340187073,0.6516878604888916,0.5296740531921387,Thumb
0.7558621764183044,0.5666723251342773,0.7496392726898193,0.6552393436431885,0.7184557914733887,0.7634458541870117,0.7030448317527771,0.8569080233573914,0.702383279800415,0.9385453462600708,0.6228209733963013,0.7275564670562744,0.6318456530570984,0.7221512794494629,0.6723610162734985,0.6879324913024902,0.6966969966888428,0.6616959571838379,0.6054408550262451,0.6631113290786743,0.6173190474510193,0.648740291595459,0.6668666005134583,0.6267703771591187,0.6942541003227234,0.6146814227104187,0.6034371852874756,0.5950831174850464,0.620867908000946,0.5791838765144348,0.6619930267333984,0.5718729496002197,0.6800380945205688,0.5731982588768005,0.6092029213905334,0.5299769639968872,0.6212207674980164,0.515355110168457,0.6525585651397705,0.5182774066925049,0.6639217734336853,0.5268352031707764,Thumb
0.7588261365890503,0.6234758496284485,0.730581521987915,0.7053465247154236,0.6823263168334961,0.792834460735321,0.6484368443489075,0.8724423050880432,0.6329857110977173,0.9450389742851257,0.6119831800460815,0.7111706137657166,0.5962761044502258,0.7020264267921448,0.6459495425224304,0.6895156502723694,0.6807761788368225,0.6801111102104187,0.6077810525894165,0.6377683877944946,0.5951687097549438,0.626867949962616,0.6536092758178711,0.6283864378929138,0.6864215135574341,0.6321254968643188,0.6144157648086548,0.5719220638275146,0.6054820418357849,0.5587236285209656,0.655378520488739,0.5737021565437317,0.6817730665206909,0.5879002213478088,0.6264399886131287,0.5145251154899597,0.6182590126991272,0.5031786561012268,0.6542646884918213,0.5232846140861511,0.6713932156562805,0.5410770177841187,Thumb
0.7473450303077698,0.7195860147476196,0.6967045068740845,0.7809634208679199,0.6214017271995544,0.8285343050956726,0.5669545531272888,0.873163640499115,0.536127507686615,0.9294953942298889,0.5842454433441162,0.7045705318450928,0.5602155923843384,0.6549322009086609,0.6125088930130005,0.6772743463516235,0.6485217809677124,0.7017006278038025,0.60109543800354,0.6331867575645447,0.5769537687301636,0.5888755321502686,0.632989227771759,0.6307126879692078,0.6615425944328308,0.6630560159683228,0.6228333115577698,0.5755667686462402,0.6021509170532227,0.5351261496543884,0.6477498412132263,0.5819790363311768,0.6711803674697876,0.6181225776672363,0.6460199952125549,0.5288475155830383,0.6255838871002197,0.4930310845375061,0.65453040599823,0.5320141911506653,0.6686986088752747,0.5650553107261658,Thumb
0.7076680064201355,0.7969719171524048,0.6467390656471252,0.8265766501426697,0.5711061358451843,0.8321988582611084,0.5111051797866821,0.8378051519393921,0.47215914726257324,0.871309220790863,0.5586073994636536,0.6920390725135803,0.5364606380462646,0.626017689704895,0.5796118378639221,0.678964376449585,0.6083642244338989,0.7200992107391357,0.5857850313186646,0.6349814534187317,0.5699725151062012,0.5767218470573425,0.6138188242912292,0.6559715270996094,0.6333320140838623,0.7025039792060852,0.6143172383308411,0.5950403213500977,0.6011635065078735,0.5422256588935852,0.6356776356697083,0.6203493475914001,0.6514236927032471,0.6664741039276123,0.6429391503334045,0.5645738840103149,0.630737841129303,0.5207799077033997,0.6513412594795227,0.5768296122550964,0.6592216491699219,0.6121633648872375,Thumb
0.6788095235824585,0.8532680869102478,0.6112121939659119,0.8483325839042664,0.5342947244644165,0.8083159327507019,0.4769570827484131,0.7805772423744202,0.4350467920303345,0.7903745174407959,0.5509700775146484,0.6680666208267212,0.5344080328941345,0.5942666530609131,0.564609944820404,0.6720684766769409,0.5855656266212463,0.7271488904953003,0.5851512551307678,0.6293991208076477,0.5709357261657715,0.5593356490135193,0.6005346179008484,0.6617170572280884,0.6157684326171875,0.7173553109169006,0.6196393370628357,0.6109742522239685,0.6092501282691956,0.544880211353302,0.6292134523391724,0.6417656540870667,0.6404212117195129,0.6980773210525513,0.6525694131851196,0.6029112935066223,0.6442893147468567,0.5458617210388184,0.6534023880958557,0.612185001373291,0.6568472385406494,0.6518242359161377,Thumb
0.665746808052063,0.8850094079971313,0.5998809933662415,0.8534858822822571,0.5277233123779297,0.7765241861343384,0.47337254881858826,0.725569486618042,0.43051061034202576,0.7186575531959534,0.5608329176902771,0.6464391350746155,0.5531771183013916,0.5666656494140625,0.5724140405654907,0.656517505645752,0.5838995575904846,0.7155657410621643,0.5996131896972656,0.6208280324935913,0.5941085815429688,0.5465038418769836,0.60909104347229,0.6578774452209473,0.6140378713607788,0.7120538949966431,0.6368280053138733,0.6170881390571594,0.6330801844596863,0.5446425080299377,0.6396321058273315,0.6472331285476685,0.6412752270698547,0.7028188705444336,0.6718446016311646,0.6261223554611206,0.6712028980255127,0.5681818723678589,0.6702613234519958,0.6373221278190613,0.6664078235626221,0.6769645810127258,Thumb
0.6496337652206421,0.8994808793067932,0.5866886973381042,0.8339757919311523,0.5339440107345581,0.709278404712677,0.4969669282436371,0.6186346411705017,0.4577994644641876,0.5944939851760864,0.5893377661705017,0.6154993772506714,0.5923941731452942,0.5375000834465027,0.5963920950889587,0.634825587272644,0.5982187390327454,0.6944617629051208,0.6317206025123596,0.6166829466819763,0.6350553631782532,0.5338867902755737,0.6300475597381592,0.6508601307868958,0.6267085075378418,0.7039064764976501,0.668768584728241,0.6360427737236023,0.6732219457626343,0.5593736171722412,0.6623848080635071,0.6643971800804138,0.6560858488082886,0.7117214798927307,0.7028783559799194,0.664925217628479,0.7085647583007812,0.6061965823173523,0.6962978839874268,0.6783456206321716,0.686516523361206,0.7123972177505493,Thumb
0.6349161863327026,0.8943020105361938,0.5840933918952942,0.7908088564872742,0.5575695633888245,0.6465909481048584,0.5414964556694031,0.54634028673172,0.5125893354415894,0.49344348907470703,0.6310523748397827,0.5877915620803833,0.6379208564758301,0.520948052406311,0.62344890832901,0.6133186221122742,0.6156256794929504,0.6791866421699524,0.671228289604187,0.6191693544387817,0.6789220571517944,0.5473338961601257,0.6516864895820618,0.6537479758262634,0.6416099667549133,0.7110615968704224,0.703826367855072,0.6665934324264526,0.7112748622894287,0.6016197800636292,0.6795061826705933,0.6931801438331604,0.6668031811714172,0.7403717637062073,0.7315843105316162,0.7216656804084778,0.7385075688362122,0.6715779900550842,0.7104854583740234,0.7272310256958008,0.6955475211143494,0.7554242610931396,Thumb
0.6338604688644409,0.8679004311561584,0.5911137461662292,0.7568440437316895,0.5855852365493774,0.6043715476989746,0.5872378349304199,0.5021452307701111,0.5642316937446594,0.4414767026901245,0.6657097935676575,0.5828524827957153,0.6897938251495361,0.5369393825531006,0.6600468158721924,0.6181889176368713,0.640175998210907,0.6751822233200073,0.702732264995575,0.63576340675354,0.7276385426521301,0.5903623104095459,0.682932436466217,0.6767353415489197,0.6619741320610046,0.7225874662399292,0.7287616729736328,0.6974382400512695,0.7533668875694275,0.6623654961585999,0.7074785828590393,0.729684054851532,0.685075581073761,0.7590832114219666,0.7480183243751526,0.7617341876029968,0.7695019841194153,0.7379850745201111,0.7343193292617798,0.7757529616355896,0.7127023339271545,0.7858724594116211,Thumb
0.6420015692710876,0.850059986114502,0.6156517267227173,0.7294036149978638,0.6232901215553284,0.5838808417320251,0.6293065547943115,0.48429247736930847,0.60976243019104,0.42299002408981323,0.7040138840675354,0.5773327350616455,0.7389158606529236,0.5420525670051575,0.6999018788337708,0.6114256381988525,0.672487735748291,0.6589242219924927,0.7361870408058167,0.6371861100196838,0.7720072269439697,0.6006435751914978,0.7168183326721191,0.6710429191589355,0.6884311437606812,0.7055057883262634,0.7571988701820374,0.7018842101097107,0.7904313802719116,0.6755156517028809,0.7370345592498779,0.7298435568809509,0.7090916037559509,0.748668909072876,0.7704166769981384,0.7684394717216492,0.7980271577835083,0.752784788608551,0.7586846947669983,0.783021867275238,0.7344100475311279,0.7845360636711121,Thumb
0.6439998149871826,0.8365473747253418,0.6239084601402283,0.7166354060173035,0.6382638812065125,0.5736480951309204,0.6500294804573059,0.47576332092285156,0.6359944343566895,0.4086647927761078,0.7267612218856812,0.5770276784896851,0.7572399377822876,0.5441140532493591,0.7176398634910583,0.6062372326850891,0.6885319352149963,0.6520348191261292,0.7563811540603638,0.6392449736595154,0.7873620390892029,0.60889732837677,0.728982150554657,0.6722753643989563,0.6960886120796204,0.7077614068984985,0.7735206484794617,0.7067342400550842,0.8033354878425598,0.6860267519950867,0.7478381991386414,0.7291454672813416,0.716533899307251,0.7486963868141174,0.783261775970459,0.7764707207679749,0.807849109172821,0.7626528739929199,0.7655672430992126,0.7813450694084167,0.7394981384277344,0.7806829810142517,Thumb
0.6530802845954895,0.842158317565918,0.6430545449256897,0.7135475873947144,0.6588917970657349,0.579522430896759,0.6735092401504517,0.4805666208267212,0.6613590121269226,0.4110921621322632,0.745129406452179,0.5941805839538574,0.7770689725875854,0.5580015182495117,0.7338699102401733,0.6164684891700745,0.7033429741859436,0.6585062146186829,0.7729066014289856,0.6563829183578491,0.8038092851638794,0.6245137453079224,0.7432491779327393,0.6798985600471497,0.7108089327812195,0.7125093936920166,0.7873656749725342,0.7258408665657043,0.8167471885681152,0.7030869722366333,0.7600761651992798,0.7371454238891602,0.7281051874160767,0.7560662627220154,0.7927517890930176,0.7971233129501343,0.8180550336837769,0.7810558080673218,0.7757517695426941,0.7909337282180786,0.7504915595054626,0.7876884937286377,Thumb
0.6624104976654053,0.8481443524360657,0.6587244868278503,0.7080752849578857,0.6908196806907654,0.5799554586410522,0.7131540179252625,0.494249165058136,0.7141696214675903,0.4260671138763428,0.7994117736816406,0.615123450756073,0.7863754034042358,0.5785549879074097,0.7367538213729858,0.6303584575653076,0.7091353535652161,0.6761072278022766,0.8226630091667175,0.6881245374679565,0.8070468306541443,0.6644113063812256,0.7465484142303467,0.7014421224594116,0.7226176857948303,0.7333632111549377,0.8250183463096619,0.7709590792655945,0.8231582641601562,0.7556461691856384,0.7694137096405029,0.7683649659156799,0.7459097504615784,0.7825789451599121,0.8133977055549622,0.8481041193008423,0.8342587947845459,0.8579696416854858,0.8369811177253723,0.858831524848938,0.8531853556632996,0.8619109392166138,Thumb
0.6886856555938721,0.8540598154067993,0.6894170641899109,0.7177979946136475,0.7232096791267395,0.5886945724487305,0.7488561272621155,0.5026229023933411,0.7588803172111511,0.42162925004959106,0.840419590473175,0.6358308792114258,0.7916784882545471,0.5955231189727783,0.7448968887329102,0.6341800093650818,0.7266722321510315,0.676694929599762,0.8581940531730652,0.7170745730400085,0.7885210514068604,0.6780201196670532,0.7406015992164612,0.7083149552345276,0.7347074747085571,0.7393954396247864,0.8517684936523438,0.8026344180107117,0.7835298776626587,0.7725260257720947,0.7455270290374756,0.780267059803009,0.7478504776954651,0.7936254143714905,0.8344330191612244,0.8817963004112244,0.7814800143241882,0.8576890826225281,0.7493793368339539,0.8417911529541016,0.7463181018829346,0.8378514051437378,Thumb
0.7594650983810425,0.8541858196258545,0.7530766129493713,0.7244179248809814,0.7688435912132263,0.5895864367485046,0.7828949093818665,0.48627355694770813,0.8073264956474304,0.40779516100883484,0.8527475595474243,0.6444903016090393,0.7475945949554443,0.6000378131866455,0.7366436123847961,0.6346412301063538,0.7617335915565491,0.6638315916061401,0.8527021408081055,0.7320199608802795,0.7279027700424194,0.6785152554512024,0.7333773970603943,0.698362410068512,0.7635939121246338,0.7174459099769592,0.835226833820343,0.8152844905853271,0.7199134826660156,0.7556624412536621,0.7241265177726746,0.7661294341087341,0.7523742318153381,0.7796637415885925,0.8097890019416809,0.8863673806190491,0.7215690612792969,0.8320873975753784,0.7246056199073792,0.8313016295433044,0.7491068840026855,0.8389441967010498,Thumb
0.7810667157173157,0.8635463714599609,0.7703892588615417,0.7144462466239929,0.7722883224487305,0.5829663872718811,0.7836926579475403,0.48183029890060425,0.816461980342865,0.38651156425476074,0.8095438480377197,0.6376079320907593,0.6899466514587402,0.5918477773666382,0.6985353827476501,0.622295618057251,0.7358136177062988,0.63678377866745,0.8073291778564453,0.7249631285667419,0.6642149090766907,0.6715331673622131,0.6917404532432556,0.6930167078971863,0.7297476530075073,0.7091139554977417,0.7916588187217712,0.8094560503959656,0.6589975953102112,0.7559698224067688,0.6847866177558899,0.7668273448944092,0.7214938402175903,0.7797693014144897,0.7737427949905396,0.8903676271438599,0.6753330230712891,0.8337030410766602,0.6931824088096619,0.8272549510002136,0.7232992053031921,0.8368492126464844,Thumb
0.7973736524581909,0.8987558484077454,0.8138251900672913,0.7352405190467834,0.790777862071991,0.574259877204895,0.7701407670974731,0.45924341678619385,0.7743738889694214,0.37956640124320984,0.7829005718231201,0.6445252895355225,0.6725232601165771,0.5995702743530273,0.6914089322090149,0.6180542707443237,0.7254931926727295,0.6280286908149719,0.7650741338729858,0.7276521921157837,0.6468247175216675,0.6690376996994019,0.6768730282783508,0.6752652525901794,0.7118534445762634,0.6866541504859924,0.7448233962059021,0.7987344861030579,0.643455982208252,0.7393271923065186,0.6735556721687317,0.7404339909553528,0.7072015404701233,0.7501128911972046,0.7235637903213501,0.8620767593383789,0.6501795053482056,0.8134085536003113,0.6743125319480896,0.8120367527008057,0.706876277923584,0.8250137567520142,Thumb
0.8169615268707275,0.8897702693939209,0.815859317779541,0.7310090661048889,0.7820520997047424,0.5952120423316956,0.7523729205131531,0.4829876124858856,0.7565823197364807,0.3955934941768646,0.7314181923866272,0.6091740131378174,0.6466019153594971,0.5950772166252136,0.6658520102500916,0.6172382235527039,0.6931291222572327,0.6305735111236572,0.7070204019546509,0.6865867972373962,0.6303737163543701,0.669002890586853,0.6534184813499451,0.6823964715003967,0.6830311417579651,0.6911709308624268,0.6907783150672913,0.7646735310554504,0.6329372525215149,0.7422305345535278,0.654270350933075,0.7474375367164612,0.6811534762382507,0.7563555836677551,0.6823871731758118,0.8336897492408752,0.6413688659667969,0.807582676410675,0.6619327664375305,0.8123695850372314,0.6855357885360718,0.8225738406181335,Thumb
0.8072375655174255,0.8324685096740723,0.7967656850814819,0.6830055713653564,0.7615189552307129,0.5728234648704529,0.7316626906394958,0.4719583988189697,0.7272468209266663,0.4011298418045044,0.6884916424751282,0.5923579335212708,0.6263965368270874,0.5910388231277466,0.646700382232666,0.6097614765167236,0.6720596551895142,0.615267276763916,0.6713930368423462,0.6703740954399109,0.616055965423584,0.6649464964866638,0.6389446258544922,0.6786232590675354,0.6637988090515137,0.6825287342071533,0.664836585521698,0.7508175373077393,0.6216983795166016,0.7348513007164001,0.6428099870681763,0.7389429807662964,0.6673562526702881,0.7464625835418701,0.6672148704528809,0.8207449316978455,0.6338635683059692,0.7998231649398804,0.6538450717926025,0.8013946413993835,0.6749998331069946,0.8074622750282288,Thumb
0.7848944664001465,0.801093339920044,0.7721139192581177,0.6577522158622742,0.7401724457740784,0.5561109185218811,0.710845947265625,0.47199854254722595,0.7047617435455322,0.409775048494339,0.6556538939476013,0.5711758732795715,0.6144594550132751,0.5884330868721008,0.633980929851532,0.6124231815338135,0.6547263264656067,0.6199538707733154,0.6381054520606995,0.6431098580360413,0.6085805892944336,0.6547442078590393,0.6277144551277161,0.6723015308380127,0.6492362022399902,0.6778419613838196,0.6326000094413757,0.7169886827468872,0.6126769185066223,0.715057373046875,0.6302942037582397,0.7276403307914734,0.6516351103782654,0.7356425523757935,0.6332650184631348,0.7830544710159302,0.6171875596046448,0.7719947695732117,0.6357610821723938,0.7812479734420776,0.6552823781967163,0.7865651845932007,Thumb
0.7613460421562195,0.7794231176376343,0.7472058534622192,0.6445569396018982,0.7126972079277039,0.5531177520751953,0.6796561479568481,0.48729807138442993,0.6715357303619385,0.433061420917511,0.621733546257019,0.571835994720459,0.6017224192619324,0.6167195439338684,0.6244862675666809,0.6406658887863159,0.6457677483558655,0.6475634574890137,0.604516327381134,0.6416578888893127,0.5962238907814026,0.6757073402404785,0.617870032787323,0.6929758787155151,0.6398894190788269,0.6967793703079224,0.6028802990913391,0.7153977751731873,0.600316047668457,0.7332132458686829,0.6198286414146423,0.7430670261383057,0.6417781114578247,0.747226893901825,0.6077632904052734,0.7828810811042786,0.607363224029541,0.7935654520988464,0.6284772157669067,0.7994584441184998,0.6478593945503235,0.7994409799575806,Thumb
0.7349467873573303,0.7662698030471802,0.7216132879257202,0.6403661966323853,0.6812446117401123,0.5576969981193542,0.6457147002220154,0.4960726499557495,0.6384340524673462,0.4341093897819519,0.5906526446342468,0.5887939929962158,0.5810427069664001,0.6182358860969543,0.6030189394950867,0.6384583711624146,0.6231749653816223,0.6473293900489807,0.5753189921379089,0.6587885022163391,0.5776222944259644,0.6847200393676758,0.5993765592575073,0.696217954158783,0.6194764375686646,0.6984443664550781,0.5767208933830261,0.7316694855690002,0.584796130657196,0.7436670064926147,0.6038554906845093,0.7491006851196289,0.6230878233909607,0.7513443827629089,0.5844928622245789,0.7988013625144958,0.5933470726013184,0.8070167303085327,0.6138439774513245,0.8073130249977112,0.6302323937416077,0.8050256371498108,Thumb
0.7268238663673401,0.7610747814178467,0.716102123260498,0.636799693107605,0.6772265434265137,0.5567370057106018,0.6386376023292542,0.4977395236492157,0.6255139112472534,0.4391985535621643,0.5843413472175598,0.5882275700569153,0.5704268217086792,0.6309687495231628,0.5932705402374268,0.6524425148963928,0.6147836446762085,0.6566467881202698,0.5674846768379211,0.65642249584198,0.5725776553153992,0.6949277520179749,0.5956360101699829,0.7075768113136292,0.6169122457504272,0.7037163972854614,0.5682042241096497,0.7307790517807007,0.5780540704727173,0.752682089805603,0.5994495749473572,0.7570475935935974,0.6207972764968872,0.7532682418823242,0.5754427909851074,0.8015208840370178,0.5857738852500916,0.8132219910621643,0.6082434058189392,0.8105283379554749,0.6263092756271362,0.8032976388931274,Thumb
0.7213407158851624,0.7619386315345764,0.7160889506340027,0.6378551125526428,0.6821915507316589,0.5439540147781372,0.6435933113098145,0.4825511872768402,0.6297492980957031,0.42890387773513794,0.5934039950370789,0.5580917000770569,0.5486499071121216,0.5973837971687317,0.5628557801246643,0.6318562626838684,0.5824109315872192,0.6386816501617432,0.5765774846076965,0.6223894953727722,0.5467107892036438,0.6680437922477722,0.5664617419242859,0.6952625513076782,0.5880771279335022,0.6923956871032715,0.5728449821472168,0.6948850154876709,0.5496190190315247,0.7268637418746948,0.5710073709487915,0.7474733591079712,0.5937550067901611,0.7472252249717712,0.5769289135932922,0.7661010026931763,0.559453547000885,0.7831714749336243,0.5819715261459351,0.7927393317222595,0.6027669310569763,0.788804829120636,Thumb
0.7165049314498901,0.768952488899231,0.7102099657058716,0.6442421674728394,0.6793453097343445,0.5431760549545288,0.6451955437660217,0.46796417236328125,0.6312325596809387,0.4163982570171356,0.6234750151634216,0.5124541521072388,0.5546338558197021,0.5381471514701843,0.5665241479873657,0.5740628838539124,0.5881714224815369,0.5798722505569458,0.606675922870636,0.5763524174690247,0.5406588912010193,0.6018750071525574,0.5590704083442688,0.6369287371635437,0.5849847793579102,0.639401376247406,0.593732476234436,0.6500976085662842,0.5375370979309082,0.666534960269928,0.5591464638710022,0.69465571641922,0.5842206478118896,0.6975250244140625,0.5873396396636963,0.7261474132537842,0.543810248374939,0.7282308340072632,0.5654345750808716,0.7467715740203857,0.5879705548286438,0.7470692992210388,Thumb
0.7032544612884521,0.800633430480957,0.6987311840057373,0.6762305498123169,0.6695118546485901,0.5615024566650391,0.6362670063972473,0.4723352789878845,0.6220064163208008,0.4091818034648895,0.6534274220466614,0.5015526413917542,0.5633827447891235,0.4963313341140747,0.5666735768318176,0.5493348836898804,0.5841562747955322,0.5654402375221252,0.6385949850082397,0.5525328516960144,0.5426701307296753,0.554636538028717,0.555029034614563,0.6040023565292358,0.5820482969284058,0.6152310371398926,0.6213844418525696,0.6189963221549988,0.5363851189613342,0.6233527660369873,0.5539729595184326,0.6657847762107849,0.5796229839324951,0.6734731793403625,0.6073441505432129,0.6930897831916809,0.5445188879966736,0.6898444294929504,0.5618107914924622,0.7179870009422302,0.5843397378921509,0.7214626669883728,Thumb
0.6769397854804993,0.8043510913848877,0.6723477840423584,0.6852636337280273,0.6572849154472351,0.5680612325668335,0.6323736906051636,0.47662556171417236,0.6247639656066895,0.3988603353500366,0.6800408959388733,0.5055014491081238,0.5843647122383118,0.4741608798503876,0.5826227068901062,0.5334557294845581,0.5985442996025085,0.5505338311195374,0.6727116703987122,0.5541127324104309,0.5626850724220276,0.5328061580657959,0.5699225068092346,0.5886645317077637,0.5943942070007324,0.5997980833053589,0.6564964652061462,0.613638162612915,0.5544365048408508,0.5968629121780396,0.5669816136360168,0.6486059427261353,0.5933666229248047,0.6608476042747498,0.6366109251976013,0.6738390922546387,0.5618155598640442,0.6691960096359253,0.5717663764953613,0.7039692997932434,0.5933713912963867,0.7095059156417847,Thumb
0.6502805948257446,0.8223046064376831,0.6219921708106995,0.6953150033950806,0.6246251463890076,0.578022301197052,0.6211211681365967,0.4865480363368988,0.6164124011993408,0.4098970592021942,0.7054611444473267,0.5341647863388062,0.6210832595825195,0.4676012098789215,0.6040886640548706,0.5287200808525085,0.6161958575248718,0.5546860694885254,0.7095287442207336,0.5786416530609131,0.6066478490829468,0.5174264907836914,0.5934674739837646,0.5794657468795776,0.6126480102539062,0.6036937832832336,0.6984805464744568,0.6323168277740479,0.5981019735336304,0.5787158608436584,0.5896973013877869,0.636515736579895,0.6118070483207703,0.6585313677787781,0.6801262497901917,0.6859881281852722,0.6028627753257751,0.6506216526031494,0.5932567715644836,0.6891934275627136,0.6118566393852234,0.702066957950592,Thumb
0.6235597729682922,0.8035910725593567,0.6065953373908997,0.6601057052612305,0.6257789731025696,0.5614708662033081,0.6365841627120972,0.48671165108680725,0.6423580646514893,0.41464972496032715,0.7179556488990784,0.5488348007202148,0.6588207483291626,0.47128379344940186,0.6339647769927979,0.5287758111953735,0.638066291809082,0.5658844113349915,0.7348459362983704,0.5926658511161804,0.6569606065750122,0.5160603523254395,0.6312236189842224,0.5773083567619324,0.6416374444961548,0.6124776601791382,0.7332244515419006,0.646549642086029,0.6577349305152893,0.5700646042823792,0.6323098540306091,0.6278139352798462,0.6441996097564697,0.663400411605835,0.7185636162757874,0.7008899450302124,0.6610950231552124,0.6389888525009155,0.6375197172164917,0.6707177758216858,0.6455745100975037,0.6983129978179932,Thumb
0.6271326541900635,0.794833779335022,0.6173329949378967,0.67127525806427,0.6397542357444763,0.5672235488891602,0.651176929473877,0.49428659677505493,0.6519818902015686,0.4253423810005188,0.7426280379295349,0.5766401886940002,0.7040045857429504,0.48491597175598145,0.6667056679725647,0.539878249168396,0.6558217406272888,0.5899196267127991,0.7610049247741699,0.6180271506309509,0.7087687253952026,0.5220004320144653,0.6678114533424377,0.591135561466217,0.667306661605835,0.640434741973877,0.7653490304946899,0.6738928556442261,0.7161948084831238,0.5879758596420288,0.6767359972000122,0.6442319750785828,0.6797136068344116,0.6872861981391907,0.7589804530143738,0.7326823472976685,0.7241641283035278,0.663173496723175,0.6924617290496826,0.6859662532806396,0.693846583366394,0.718781054019928,Thumb
0.6496692299842834,0.8154481053352356,0.6340293288230896,0.6987571716308594,0.6612091064453125,0.5760249495506287,0.6779992580413818,0.5030790567398071,0.6775262951850891,0.4390142261981964,0.7466192841529846,0.5750482082366943,0.7505502104759216,0.5101519227027893,0.7100113034248352,0.568232536315918,0.6883900165557861,0.6201186180114746,0.7679451107978821,0.6238167881965637,0.7672313451766968,0.5525090098381042,0.7154862880706787,0.6202855110168457,0.7017441987991333,0.6744371056556702,0.7825387716293335,0.6874476075172424,0.7805306315422058,0.622676432132721,0.7293201684951782,0.6785315871238708,0.7184048295021057,0.7228425145149231,0.791641116142273,0.7636658549308777,0.7929803133010864,0.7054706811904907,0.7520875334739685,0.7254212498664856,0.7388544082641602,0.7525750398635864,Thumb
0.6754247546195984,0.8363306522369385,0.6586717963218689,0.7103254199028015,0.6867499351501465,0.5872477889060974,0.7061352133750916,0.5115708112716675,0.708279550075531,0.44661131501197815,0.7740427255630493,0.6090887784957886,0.8023819327354431,0.5420347452163696,0.7629544734954834,0.5890672206878662,0.73145991563797,0.6421726942062378,0.7977169156074524,0.6639894247055054,0.8270662426948547,0.5914403796195984,0.7695631980895996,0.6467752456665039,0.7408401966094971,0.700961709022522,0.8140184283256531,0.7307115197181702,0.844703197479248,0.666062593460083,0.7852197885513306,0.7084686160087585,0.756722629070282,0.7502931952476501,0.8247916102409363,0.8111059069633484,0.8487054109573364,0.7601301074028015,0.8063940405845642,0.766507625579834,0.781520664691925,0.7829227447509766,Thumb
0.7028350234031677,0.8794111013412476,0.68300461769104,0.7171180844306946,0.6781408786773682,0.6006084680557251,0.6873965263366699,0.5065121650695801,0.686362087726593,0.443933367729187,0.7782607078552246,0.6043733954429626,0.8142795562744141,0.5475615859031677,0.7765753865242004,0.6058218479156494,0.7482762932777405,0.6585386991500854,0.8116708397865295,0.6572265028953552,0.8472121357917786,0.5988935828208923,0.7919992804527283,0.6686357259750366,0.7651869654655457,0.7146000862121582,0.8327938318252563,0.7216690182685852,0.8675371408462524,0.6711081266403198,0.8121495246887207,0.7220510840415955,0.7825121283531189,0.757233738899231,0.8453742265701294,0.8017542362213135,0.8778864741325378,0.7570978403091431,0.8328921794891357,0.7736055254936218,0.8080955743789673,0.7866494655609131,Thumb
0.7379456758499146,0.8693366646766663,0.7031554579734802,0.7277994751930237,0.6745902895927429,0.6104529500007629,0.662545919418335,0.5042542815208435,0.6467087268829346,0.43349117040634155,0.7692556977272034,0.582434892654419,0.8068623542785645,0.5245214104652405,0.7804082632064819,0.5907151699066162,0.75221186876297,0.641259491443634,0.8066766858100891,0.626772940158844,0.8434174656867981,0.5661153197288513,0.8021953701972961,0.6453084349632263,0.7723293900489807,0.691688060760498,0.8342839479446411,0.6870446801185608,0.872294008731842,0.6325659155845642,0.829552173614502,0.6967406272888184,0.7965078353881836,0.7327149510383606,0.8502945303916931,0.7545135617256165,0.8858678340911865,0.7118534445762634,0.8488673567771912,0.7407045960426331,0.8200768232345581,0.7558372616767883,Thumb
0.7607392072677612,0.8414126634597778,0.7139405012130737,0.7101491093635559,0.6783691644668579,0.6085852384567261,0.6616133451461792,0.5084243416786194,0.6480100750923157,0.43901386857032776,0.7644462585449219,0.5733112096786499,0.7940078973770142,0.5078821778297424,0.7751325368881226,0.571537971496582,0.752957820892334,0.6262298822402954,0.8012519478797913,0.6131451725959778,0.8313801884651184,0.5447022318840027,0.8002889156341553,0.6219204664230347,0.7750489711761475,0.6712496280670166,0.830023467540741,0.6636055707931519,0.8636402487754822,0.6007943749427795,0.8303811550140381,0.6642165184020996,0.8034130930900574,0.7072721123695374,0.850994884967804,0.7240874767303467,0.8804896473884583,0.675794243812561,0.852201521396637,0.7105607390403748,0.8292357325553894,0.7348061800003052,Thumb
0.7715329527854919,0.8269098401069641,0.7222934365272522,0.6938796639442444,0.6916614174842834,0.5977680683135986,0.6768218278884888,0.5082404613494873,0.6680254936218262,0.44872385263442993,0.7699083685874939,0.5825038552284241,0.7985060214996338,0.5087682604789734,0.7819765210151672,0.5563827753067017,0.7624285817146301,0.6094356775283813,0.8053893446922302,0.6258336305618286,0.8386953473091125,0.5414595007896423,0.8111342787742615,0.6009392738342285,0.7862734198570251,0.6493726372718811,0.8342264890670776,0.6698455214500427,0.8674283623695374,0.5955542922019958,0.837174117565155,0.6441790461540222,0.8131500482559204,0.6898397207260132,0.8597326874732971,0.723801851272583,0.8835156559944153,0.6782534122467041,0.8620068430900574,0.7029690146446228,0.8477124571800232,0.7273470163345337,Thumb
0.7767443060874939,0.831876814365387,0.7269254922866821,0.7009156346321106,0.6965584754943848,0.6033607125282288,0.680974006652832,0.5154137015342712,0.6719606518745422,0.45534539222717285,0.7708120346069336,0.5937169790267944,0.7954879403114319,0.5216752290725708,0.7834060192108154,0.5611416697502136,0.7683356404304504,0.6130470633506775,0.8070661425590515,0.6338565945625305,0.8396033048629761,0.5422030091285706,0.8123246431350708,0.599617600440979,0.7886729836463928,0.6547839045524597,0.8362051248550415,0.6777063012123108,0.8688770532608032,0.6008654236793518,0.8383135795593262,0.6483500003814697,0.8144512176513672,0.6978415250778198,0.8621512651443481,0.7339864373207092,0.8847863078117371,0.6902522444725037,0.8611295223236084,0.7169337868690491,0.8457002639770508,0.7449125051498413,Thumb
0.7737545371055603,0.8340250253677368,0.7198244333267212,0.7051506638526917,0.6851946115493774,0.6119929552078247,0.6678609251976013,0.5281542539596558,0.6602343320846558,0.4681358337402344,0.7616822123527527,0.6045931577682495,0.7847439050674438,0.5315350294113159,0.7733493447303772,0.5704662203788757,0.7585756778717041,0.6213167309761047,0.7967542409896851,0.6424582004547119,0.8281890749931335,0.5489001274108887,0.8042508363723755,0.6075863838195801,0.781701922416687,0.6645485758781433,0.8279269337654114,0.6836613416671753,0.8569556474685669,0.6072641015052795,0.8296549916267395,0.6581968069076538,0.8064160346984863,0.7084429264068604,0.856339693069458,0.7367839813232422,0.8782894015312195,0.6913842558860779,0.8535279035568237,0.7194907069206238,0.8349794745445251,0.7491458058357239,Thumb
0.7635225653648376,0.84244304895401,0.7117841243743896,0.7117899656295776,0.6834943890571594,0.6173520684242249,0.6680652499198914,0.5283680558204651,0.6589615345001221,0.4651930332183838,0.7608263492584229,0.5970343947410583,0.7835500836372375,0.5206483006477356,0.7688469290733337,0.5662692189216614,0.7537309527397156,0.6211823225021362,0.798924446105957,0.6328640580177307,0.8269572854042053,0.543192982673645,0.7995716333389282,0.6054103374481201,0.7773335576057434,0.6609354615211487,0.8291253447532654,0.6748366951942444,0.8579894304275513,0.5970486998558044,0.828057050704956,0.6499196887016296,0.8056930303573608,0.7011625170707703,0.8566554188728333,0.7293039560317993,0.878952145576477,0.6798791289329529,0.8552796244621277,0.706925094127655,0.8399501442909241,0.7327455878257751,Thumb
0.7584485411643982,0.8218549489974976,0.7098717093467712,0.7011394500732422,0.6810265183448792,0.5910020470619202,0.6694571375846863,0.49917569756507874,0.6593116521835327,0.43510594964027405,0.7727752923965454,0.5549928545951843,0.7984854578971863,0.48252567648887634,0.7768977284431458,0.5425506234169006,0.7562360763549805,0.6061338186264038,0.8122705817222595,0.5921453833580017,0.8412030935287476,0.5112549066543579,0.8048755526542664,0.5859235525131226,0.7790223360061646,0.6455840468406677,0.8431920409202576,0.6387364864349365,0.8767328262329102,0.563133955001831,0.8377969264984131,0.6290491223335266,0.8098409175872803,0.6828580498695374,0.8679271340370178,0.698116660118103,0.8962715864181519,0.6481091380119324,0.8650922775268555,0.6812270879745483,0.8403906226158142,0.7084239721298218,Thumb
0.7489637732505798,0.8025515079498291,0.692018985748291,0.6888339519500732,0.655924916267395,0.5822258591651917,0.6386197805404663,0.49948400259017944,0.6249316334724426,0.4486137628555298,0.7438251376152039,0.5229847431182861,0.7672386169433594,0.44501519203186035,0.752357006072998,0.5174162983894348,0.7350113987922668,0.5858427882194519,0.7858657240867615,0.5509968996047974,0.8121173977851868,0.4647575914859772,0.7859850525856018,0.5512863993644714,0.7657836079597473,0.6181819438934326,0.8229629993438721,0.5900000333786011,0.8494223952293396,0.5091618299484253,0.8185267448425293,0.587944746017456,0.7951902151107788,0.6485896706581116,0.8543986678123474,0.6430433988571167,0.8779433965682983,0.5740609765052795,0.8498163819313049,0.6164951920509338,0.8274267911911011,0.6553778648376465,Thumb
0.7508662939071655,0.76741623878479,0.6835867166519165,0.6804900169372559,0.6331448554992676,0.5811994075775146,0.5967159867286682,0.5003628134727478,0.5563836693763733,0.4651137888431549,0.7030100226402283,0.4874633848667145,0.7184428572654724,0.4194513261318207,0.7171286344528198,0.5018153190612793,0.7088648676872253,0.5658074021339417,0.749083399772644,0.4919336140155792,0.7625589370727539,0.4193337857723236,0.7521002888679504,0.5161284804344177,0.7408032417297363,0.5783935189247131,0.7894837856292725,0.5108616948127747,0.8035553097724915,0.44732826948165894,0.7877198457717896,0.5339968204498291,0.7718376517295837,0.5906994938850403,0.8246647715568542,0.5433966517448425,0.8377265334129333,0.48808640241622925,0.8184951543807983,0.5471704006195068,0.8029792308807373,0.5887465476989746,Thumb
0.7497449517250061,0.7736690044403076,0.676180362701416,0.7091003060340881,0.6103010177612305,0.6296972036361694,0.55841064453125,0.5677310824394226,0.5116814374923706,0.5565256476402283,0.6550878286361694,0.5011523962020874,0.6568142771720886,0.4221700131893158,0.674308180809021,0.5091164708137512,0.6760627627372742,0.580399215221405,0.6982892155647278,0.48002251982688904,0.6974292397499084,0.40145164728164673,0.7096111178398132,0.5078573226928711,0.7084957957267761,0.5762471556663513,0.7385988235473633,0.4787006080150604,0.7392117977142334,0.40416181087493896,0.7437857389450073,0.49682024121284485,0.7376524806022644,0.5642419457435608,0.7734847664833069,0.4928531348705292,0.7753404974937439,0.42631009221076965,0.7702038288116455,0.48307356238365173,0.7624755501747131,0.5297389030456543,Thumb
0.7530156373977661,0.7575317025184631,0.6746320724487305,0.7322916388511658,0.5976836085319519,0.6885574460029602,0.5323384404182434,0.6542096138000488,0.4844476580619812,0.674811840057373,0.614632248878479,0.5384373664855957,0.6062735319137573,0.46461862325668335,0.6372916102409363,0.5413874983787537,0.6507625579833984,0.6048410534858704,0.652509868144989,0.49721235036849976,0.6432631015777588,0.4291110634803772,0.6710994243621826,0.5291406512260437,0.6791850924491882,0.5899568796157837,0.6915083527565002,0.47783634066581726,0.6829721927642822,0.40794888138771057,0.7017725706100464,0.4974474608898163,0.7064415216445923,0.5651291012763977,0.7273644804954529,0.4758101999759674,0.7195977568626404,0.40537893772125244,0.7243059277534485,0.46665167808532715,0.7251217365264893,0.5192659497261047,Thumb
0.7451972961425781,0.7437540888786316,0.6724872589111328,0.7467904686927795,0.5924661755561829,0.7309274077415466,0.5250653624534607,0.7178797721862793,0.48094338178634644,0.7440771460533142,0.5964791774749756,0.5798649787902832,0.5775144696235657,0.5045446157455444,0.6134992241859436,0.5728632211685181,0.6336303353309631,0.629935622215271,0.6310564279556274,0.527560830116272,0.6142066121101379,0.4546833634376526,0.6483789682388306,0.5489927530288696,0.6612135767936707,0.6083936095237732,0.667808473110199,0.4970153272151947,0.6527236104011536,0.42326846718788147,0.6757137775421143,0.510092556476593,0.6874367594718933,0.5764089822769165,0.7025840878486633,0.48226767778396606,0.6880245208740234,0.4114159941673279,0.6956675052642822,0.4733346104621887,0.7012142539024353,0.5276052355766296,Thumb
