0.2653236985206604,0.9649782180786133,0.32430222630500793,0.962280809879303,0.37787285447120667,0.9690011739730835,0.41474372148513794,1.0015575885772705,0.4420013129711151,1.031325340270996,0.3727352023124695,0.8081889748573303,0.4308967590332031,0.845402181148529,0.4609301686286926,0.9205208420753479,0.47189557552337646,0.989081859588623,0.33006468415260315,0.7999902367591858,0.3922853469848633,0.8385583758354187,0.4211391508579254,0.9426106810569763,0.42658981680870056,1.026399850845337,0.2868519425392151,0.8307828903198242,0.33710187673568726,0.9074941277503967,0.35379186272621155,1.0042210817337036,0.3522912859916687,1.064699649810791,0.24757900834083557,0.8871369361877441,0.2867329716682434,0.9702001810073853,0.30737683176994324,1.0457082986831665,0.31168660521507263,1.095725417137146,V
0.29411864280700684,0.9688392877578735,0.3488428592681885,0.9452458620071411,0.3911600410938263,0.8806596994400024,0.40217265486717224,0.8134318590164185,0.39205485582351685,0.7505008578300476,0.3677363991737366,0.7355592250823975,0.3825215995311737,0.6760153770446777,0.4077930450439453,0.674794614315033,0.43321001529693604,0.6997218132019043,0.33488258719444275,0.7216458320617676,0.35278835892677307,0.644794762134552,0.38597550988197327,0.6584259271621704,0.4130333662033081,0.6958893537521362,0.29914429783821106,0.7337549924850464,0.3257698118686676,0.7070959806442261,0.3422195613384247,0.7852668762207031,0.3490822911262512,0.8556115627288818,0.2616289556026459,0.7677768468856812,0.2881094217300415,0.7693488597869873,0.30781498551368713,0.8270879983901978,0.3181782364845276,0.876655101776123,V
0.2914123833179474,0.8931457996368408,0.34242555499076843,0.848055362701416,0.3793115019798279,0.7812860608100891,0.38731101155281067,0.7111007571220398,0.37214818596839905,0.6498724818229675,0.3539510667324066,0.6529213786125183,0.38511282205581665,0.5698001384735107,0.4074139893054962,0.5182556509971619,0.42975914478302,0.47383999824523926,0.32263222336769104,0.6378135681152344,0.33918604254722595,0.5337227582931519,0.3599252998828888,0.48115018010139465,0.38200485706329346,0.44205740094184875,0.2896064817905426,0.6475362777709961,0.32170701026916504,0.5819934606552124,0.3388180434703827,0.6609178781509399,0.34711629152297974,0.7274579405784607,0.2588326632976532,0.681006669998169,0.2874969244003296,0.6562907099723816,0.31296834349632263,0.7063537836074829,0.327731192111969,0.7526118755340576,V
0.3015509843826294,0.8506721258163452,0.3467281460762024,0.8166810870170593,0.37450411915779114,0.7500162124633789,0.36735084652900696,0.684585452079773,0.34217649698257446,0.6338101625442505,0.36391133069992065,0.6046501994132996,0.3971078395843506,0.5154191255569458,0.4163702428340912,0.4584197700023651,0.4305959939956665,0.4059270918369293,0.3264845609664917,0.588236927986145,0.32954421639442444,0.46617406606674194,0.3332153558731079,0.3850938081741333,0.335951566696167,0.3169950842857361,0.2924143970012665,0.6099766492843628,0.30633455514907837,0.5490620136260986,0.32476651668548584,0.6267145276069641,0.335286408662796,0.685060441493988,0.2657182812690735,0.6576914191246033,0.2880991995334625,0.6510764956474304,0.31185677647590637,0.6995432376861572,0.32707247138023376,0.7377914786338806,V
0.3158068060874939,0.8700926899909973,0.3573792576789856,0.8385907411575317,0.3865463435649872,0.7666317224502563,0.3808509409427643,0.7003017663955688,0.35828807950019836,0.6501846313476562,0.38157060742378235,0.6126031279563904,0.41116076707839966,0.5229750871658325,0.43025222420692444,0.46709075570106506,0.44407081604003906,0.41672930121421814,0.34486109018325806,0.5963287949562073,0.3428160846233368,0.4721282422542572,0.34341374039649963,0.39911919832229614,0.3428933322429657,0.340461790561676,0.3113677501678467,0.6199169158935547,0.3238499164581299,0.5622782111167908,0.3391546905040741,0.6378204822540283,0.3465716242790222,0.6945976614952087,0.28509899973869324,0.6685463190078735,0.3068343997001648,0.6726340651512146,0.32842960953712463,0.7239978909492493,0.3416793942451477,0.7597829699516296,V
0.3247036635875702,0.8782790303230286,0.36628103256225586,0.8463112115859985,0.39551347494125366,0.7719520330429077,0.391241192817688,0.7007765173912048,0.3692967891693115,0.6458674073219299,0.38976433873176575,0.6217411756515503,0.42085936665534973,0.5331605672836304,0.4390026926994324,0.4769834876060486,0.45195525884628296,0.4275215268135071,0.3536551892757416,0.6060013771057129,0.3519182503223419,0.4771259129047394,0.35416486859321594,0.40585172176361084,0.3552653193473816,0.35074561834335327,0.32142174243927,0.6289536356925964,0.3313271999359131,0.5583658814430237,0.34891122579574585,0.6302088499069214,0.35885632038116455,0.6875409483909607,0.29653969407081604,0.6761182546615601,0.3169650733470917,0.6724993586540222,0.33823108673095703,0.7236344814300537,0.35156551003456116,0.7626247406005859,V
0.32062867283821106,0.8757292032241821,0.3674164414405823,0.8373903632164001,0.3953169584274292,0.7517232894897461,0.3890691101551056,0.6698663234710693,0.3566287159919739,0.6225742697715759,0.38851144909858704,0.6173422932624817,0.41896718740463257,0.5243663191795349,0.4357474148273468,0.47031858563423157,0.44648274779319763,0.4221108853816986,0.35286813974380493,0.6021724343299866,0.3496830463409424,0.471562922000885,0.35259419679641724,0.4072006642818451,0.3521941602230072,0.35898199677467346,0.32071012258529663,0.6266361474990845,0.32389122247695923,0.5350963473320007,0.344997376203537,0.5960721969604492,0.35530635714530945,0.647917628288269,0.2935905456542969,0.6740305423736572,0.3149212598800659,0.6432546377182007,0.3347095251083374,0.6887161135673523,0.34320181608200073,0.729653000831604,V
0.3315345048904419,0.8919394612312317,0.37555405497550964,0.8489669561386108,0.39846929907798767,0.7632796168327332,0.3874216675758362,0.694392204284668,0.3523003160953522,0.6537927389144897,0.3851972222328186,0.6108660101890564,0.4099961221218109,0.5149710774421692,0.4238705635070801,0.45856794714927673,0.4322145879268646,0.4048794209957123,0.34797701239585876,0.6041894555091858,0.3409419357776642,0.4842972755432129,0.3360368609428406,0.4084186553955078,0.32730597257614136,0.34556546807289124,0.31693241000175476,0.6352794766426086,0.3146587610244751,0.553799033164978,0.3363945484161377,0.613715410232544,0.3490651547908783,0.6668934226036072,0.2935052216053009,0.6896355748176575,0.31145650148391724,0.6770544052124023,0.33559587597846985,0.7247057557106018,0.3518516719341278,0.7673970460891724,V
0.33645257353782654,0.8989669680595398,0.3799833357334137,0.8583998680114746,0.4001820683479309,0.7780105471611023,0.388278603553772,0.7146391868591309,0.3500897288322449,0.6820484399795532,0.38445696234703064,0.6166910529136658,0.40712571144104004,0.5159426331520081,0.4207483232021332,0.4550325870513916,0.42809662222862244,0.39760780334472656,0.34473106265068054,0.6136482954025269,0.3307492434978485,0.4890102744102478,0.32277894020080566,0.41491374373435974,0.31273624300956726,0.3554094135761261,0.3136928081512451,0.6510180830955505,0.3049093186855316,0.5773876905441284,0.3289071023464203,0.6439180374145508,0.34508615732192993,0.6987805962562561,0.29262247681617737,0.7131977081298828,0.30670878291130066,0.70230633020401,0.3315659165382385,0.7522746920585632,0.34943196177482605,0.7941763401031494,V
0.3400672376155853,0.9047698378562927,0.38390371203422546,0.8638937473297119,0.403023898601532,0.7788681387901306,0.3895775079727173,0.7162529230117798,0.3512032628059387,0.6824044585227966,0.38756632804870605,0.6190656423568726,0.41123202443122864,0.5189269185066223,0.42581477761268616,0.45936939120292664,0.43453970551490784,0.4035795032978058,0.3473416566848755,0.6152843832969666,0.33343181014060974,0.4917680323123932,0.32757481932640076,0.41535428166389465,0.3194471597671509,0.3495883643627167,0.3162257671356201,0.6524527668952942,0.3087620139122009,0.5794008374214172,0.3327213525772095,0.6527711153030396,0.34802302718162537,0.7096914649009705,0.29533499479293823,0.7140501737594604,0.3092103898525238,0.7015107274055481,0.3332381844520569,0.7535874247550964,0.3498435914516449,0.7957099676132202,V
0.34281861782073975,0.9076256155967712,0.38632732629776,0.8608249425888062,0.40446582436561584,0.7721454501152039,0.38919779658317566,0.6989312171936035,0.3531872630119324,0.6564062833786011,0.39044126868247986,0.6278404593467712,0.41488417983055115,0.5243719816207886,0.42785143852233887,0.4653168320655823,0.43592366576194763,0.4113914966583252,0.3527719974517822,0.6228866577148438,0.34138786792755127,0.4967772960662842,0.3378152549266815,0.42261722683906555,0.3321309983730316,0.35943952202796936,0.32265186309814453,0.6570987701416016,0.31466928124427795,0.5716824531555176,0.33666500449180603,0.6375443339347839,0.34961998462677,0.692110538482666,0.30031508207321167,0.7152070999145508,0.3108002543449402,0.683393120765686,0.33209550380706787,0.7290558815002441,0.34533461928367615,0.7711040377616882,V
0.34275802969932556,0.899243950843811,0.3858188986778259,0.8523448705673218,0.40163424611091614,0.751732587814331,0.3842006027698517,0.6692113876342773,0.34741851687431335,0.6251854300498962,0.3938325047492981,0.6265764832496643,0.4170095920562744,0.5297333598136902,0.43087315559387207,0.47312289476394653,0.4410814046859741,0.42538177967071533,0.35679423809051514,0.6210947632789612,0.3456853926181793,0.5023599863052368,0.34479889273643494,0.4381066560745239,0.3424811363220215,0.38297906517982483,0.3259085416793823,0.6530183553695679,0.31717878580093384,0.5556948184967041,0.33995234966278076,0.6061294078826904,0.3534562289714813,0.6500803828239441,0.30100953578948975,0.7066890597343445,0.3089650869369507,0.6627370119094849,0.32810524106025696,0.6997556090354919,0.33812302350997925,0.7359005212783813,V
0.34602007269859314,0.8809829950332642,0.3890727460384369,0.8415899276733398,0.4223935604095459,0.7550427317619324,0.430255264043808,0.6803808212280273,0.40614157915115356,0.639941930770874,0.3979785442352295,0.628435492515564,0.4190812408924103,0.5335977673530579,0.42976000905036926,0.4760575592517853,0.43631091713905334,0.42094558477401733,0.35993149876594543,0.6164084076881409,0.35025840997695923,0.4851938784122467,0.35310956835746765,0.41572633385658264,0.3545157313346863,0.35720324516296387,0.32884731888771057,0.6347346901893616,0.3514246940612793,0.5550352334976196,0.385865718126297,0.5953806638717651,0.4062775671482086,0.6285263299942017,0.3095150887966156,0.6712321639060974,0.355568528175354,0.6688629984855652,0.3858482539653778,0.7105977535247803,0.4026796817779541,0.739905059337616,V
0.3122595548629761,0.8590503931045532,0.3779509961605072,0.805220901966095,0.4104161858558655,0.7252470254898071,0.4301760494709015,0.6784722805023193,0.4489382207393646,0.64457106590271,0.3690972328186035,0.5871229767799377,0.38072332739830017,0.4805563986301422,0.38511621952056885,0.40103837847709656,0.3856813609600067,0.33694297075271606,0.34743940830230713,0.5815281271934509,0.36863380670547485,0.4748484194278717,0.38644346594810486,0.4147537350654602,0.39888814091682434,0.37272927165031433,0.33528369665145874,0.6067280769348145,0.4051200747489929,0.5590503811836243,0.4352971911430359,0.62660813331604,0.4489996135234833,0.6819226145744324,0.33793699741363525,0.6511189341545105,0.41021132469177246,0.6849199533462524,0.44189000129699707,0.7346113920211792,0.46038341522216797,0.7740582227706909,V
0.2997329533100128,0.844631016254425,0.3501408100128174,0.7839545607566833,0.3888881206512451,0.7173649668693542,0.4233042597770691,0.6820318698883057,0.45334509015083313,0.6633502244949341,0.3367970585823059,0.5944139361381531,0.3646888732910156,0.47671765089035034,0.38660791516304016,0.40656542778015137,0.4018508195877075,0.3515101671218872,0.3360501527786255,0.5812631249427795,0.3722403049468994,0.4488600194454193,0.3987796902656555,0.3834591805934906,0.4181419909000397,0.3303051292896271,0.3443743884563446,0.6034329533576965,0.4273613393306732,0.5640414953231812,0.43904194235801697,0.6390922665596008,0.43755602836608887,0.6870015859603882,0.3655974864959717,0.6423048973083496,0.42714789509773254,0.6927275061607361,0.4349849224090576,0.7470217943191528,0.4352751076221466,0.7752127647399902,V
0.29056471586227417,0.8438699245452881,0.3070985972881317,0.7598556876182556,0.34079262614250183,0.6885125041007996,0.38037872314453125,0.6667771935462952,0.41441795229911804,0.6582565307617188,0.31596216559410095,0.590729296207428,0.34589695930480957,0.4657827913761139,0.3684144616127014,0.40321534872055054,0.3838655948638916,0.3548281788825989,0.3326890468597412,0.578360915184021,0.37426573038101196,0.443622887134552,0.4003150463104248,0.3745866119861603,0.41990360617637634,0.32172200083732605,0.352059006690979,0.6043030023574829,0.4285614490509033,0.576761782169342,0.4266784191131592,0.6441622972488403,0.41710159182548523,0.6770537495613098,0.37670862674713135,0.6522274613380432,0.4261530041694641,0.7092342972755432,0.4173484146595001,0.7585119605064392,0.4049237370491028,0.7722387313842773,V
0.2879108190536499,0.8420917391777039,0.2875726521015167,0.7279542684555054,0.3126224875450134,0.6551948189735413,0.34723135828971863,0.6311949491500854,0.3789415955543518,0.6297309398651123,0.31317082047462463,0.5735819339752197,0.32765325903892517,0.46078038215637207,0.32841554284095764,0.3947276771068573,0.32411572337150574,0.33958759903907776,0.34186193346977234,0.5801839828491211,0.3858107328414917,0.4610637426376343,0.40884074568748474,0.39296406507492065,0.42729291319847107,0.3410661518573761,0.36707812547683716,0.6201241612434387,0.42625707387924194,0.5975557565689087,0.415248841047287,0.6472422480583191,0.40231791138648987,0.6702277660369873,0.39033451676368713,0.6782206296920776,0.4217943251132965,0.7038159370422363,0.408760666847229,0.7401471734046936,0.39603549242019653,0.7502224445343018,V
0.29379960894584656,0.8371387720108032,0.2907099723815918,0.7097907066345215,0.3109983503818512,0.654680609703064,0.34157776832580566,0.6194905638694763,0.36986854672431946,0.6128590703010559,0.3181290030479431,0.5694008469581604,0.3277493417263031,0.45906534790992737,0.32550081610679626,0.3851959705352783,0.3207847774028778,0.3260329067707062,0.35336166620254517,0.5888010263442993,0.4019271731376648,0.47078779339790344,0.42825862765312195,0.3988969922065735,0.4455949664115906,0.35248687863349915,0.38150450587272644,0.6372659802436829,0.4258003830909729,0.6022966504096985,0.4113612473011017,0.6266359686851501,0.3961537182331085,0.6465691328048706,0.4021194279193878,0.7005624175071716,0.41777217388153076,0.6884250044822693,0.40260952711105347,0.7074815034866333,0.3888830542564392,0.7254460453987122,V
0.289161741733551,0.845023512840271,0.28524893522262573,0.7084051370620728,0.3155549466609955,0.6443117260932922,0.3548522889614105,0.6194217205047607,0.38428476452827454,0.6187888383865356,0.3238449990749359,0.5679752826690674,0.3310457766056061,0.45675525069236755,0.328594446182251,0.3765757977962494,0.3274773955345154,0.3141412138938904,0.35831916332244873,0.6015056371688843,0.4077749252319336,0.492026686668396,0.4371160864830017,0.4214617908000946,0.46170076727867126,0.3755783140659332,0.3832158148288727,0.6541091799736023,0.4201764166355133,0.6059264540672302,0.40075570344924927,0.6148729920387268,0.38472527265548706,0.6328203678131104,0.3999817967414856,0.7127126455307007,0.4084935486316681,0.677259624004364,0.38847440481185913,0.68489009141922,0.37674516439437866,0.7004228234291077,V
0.2923292815685272,0.8485274314880371,0.2787986397743225,0.71388840675354,0.2968277931213379,0.638105034828186,0.32535696029663086,0.5918269157409668,0.3519740700721741,0.5775511264801025,0.31974121928215027,0.5615565776824951,0.3123399615287781,0.4353353679180145,0.3061107397079468,0.35809189081192017,0.30454009771347046,0.30015748739242554,0.35650941729545593,0.5919352769851685,0.3989267945289612,0.47054558992385864,0.42319217324256897,0.39996472001075745,0.4441472887992859,0.3611561954021454,0.3790704905986786,0.6403100490570068,0.40628501772880554,0.5734634399414062,0.38318589329719543,0.5875392556190491,0.36965274810791016,0.6106128692626953,0.3938535451889038,0.6965904831886292,0.39931660890579224,0.643642246723175,0.383482962846756,0.6500083804130554,0.37302500009536743,0.6687012910842896,V
0.29086923599243164,0.8456873297691345,0.29042792320251465,0.7371390461921692,0.3012530207633972,0.6607344150543213,0.3216809034347534,0.6029724478721619,0.34012889862060547,0.5747910141944885,0.320427268743515,0.5745484232902527,0.307576447725296,0.4406728744506836,0.30206018686294556,0.3606525659561157,0.3001977205276489,0.3011648952960968,0.3490372598171234,0.5878797173500061,0.38716593384742737,0.4589838981628418,0.40974822640419006,0.39108240604400635,0.4266446530818939,0.3530072867870331,0.3638763427734375,0.6173940896987915,0.3861077129840851,0.5397850275039673,0.37036019563674927,0.5524485111236572,0.3637244403362274,0.5725184679031372,0.372305691242218,0.6530424952507019,0.3792879581451416,0.5931121110916138,0.3692271113395691,0.600614070892334,0.3633354604244232,0.6192013025283813,V
0.2913541793823242,0.8451967239379883,0.2554507553577423,0.7324447631835938,0.26618656516075134,0.6511200666427612,0.2978338599205017,0.6156160831451416,0.32219865918159485,0.6091896891593933,0.3179909884929657,0.5555249452590942,0.3176940381526947,0.4344184100627899,0.32085636258125305,0.36313608288764954,0.32318350672721863,0.3162331283092499,0.3551056385040283,0.5922956466674805,0.38987040519714355,0.4735652208328247,0.40526649355888367,0.42296501994132996,0.41816744208335876,0.38806191086769104,0.3787069320678711,0.6464346647262573,0.3948986828327179,0.5759080648422241,0.3709240257740021,0.5823162198066711,0.3575825095176697,0.6052895188331604,0.39259517192840576,0.6957051753997803,0.3873293101787567,0.654221773147583,0.3646159768104553,0.658657968044281,0.3540094494819641,0.6815372109413147,V
0.28334498405456543,0.838909924030304,0.27701157331466675,0.7133170962333679,0.3062407672405243,0.6368216276168823,0.34489449858665466,0.6193710565567017,0.3757309019565582,0.6340794563293457,0.33489659428596497,0.5726693272590637,0.36512699723243713,0.4569452106952667,0.38524365425109863,0.3912421464920044,0.4005926549434662,0.3474158048629761,0.3696642518043518,0.6080963015556335,0.424368292093277,0.5110790133476257,0.4493767023086548,0.46807458996772766,0.46689069271087646,0.4466296136379242,0.3942904770374298,0.6655879616737366,0.4320128858089447,0.6162775158882141,0.41184473037719727,0.6320376992225647,0.3940160870552063,0.6548621654510498,0.40704819560050964,0.7288814187049866,0.4169273376464844,0.6985671520233154,0.39694690704345703,0.7056833505630493,0.3826494514942169,0.7255511283874512,V
0.2685734033584595,0.852271318435669,0.3087240755558014,0.7622689604759216,0.36317378282546997,0.7113071084022522,0.4100712239742279,0.7156303524971008,0.44901472330093384,0.7338647246360779,0.3950096666812897,0.6358748078346252,0.46138235926628113,0.5810744166374207,0.505222499370575,0.5622439384460449,0.5378869771957397,0.5568863749504089,0.3975526690483093,0.6543815732002258,0.4890788197517395,0.6735212206840515,0.5164196491241455,0.7268890738487244,0.5266239047050476,0.7638358473777771,0.3959289491176605,0.7043315768241882,0.4739127457141876,0.7741468548774719,0.48002466559410095,0.8268663883209229,0.47446730732917786,0.8508484959602356,0.39084938168525696,0.7686492800712585,0.43033599853515625,0.8404735326766968,0.4233774244785309,0.8749842047691345,0.41167011857032776,0.8857955932617188,V
0.2787356972694397,0.9183655381202698,0.3671707212924957,0.8995875716209412,0.4304187297821045,0.8684393167495728,0.47460976243019104,0.8420121073722839,0.5128671526908875,0.8453797101974487,0.45226338505744934,0.7228181958198547,0.525020956993103,0.7927647829055786,0.5650686025619507,0.84663987159729,0.5908986926078796,0.9007803797721863,0.428020715713501,0.7304853200912476,0.5168449878692627,0.8417925834655762,0.5153101086616516,0.9378874897956848,0.49976056814193726,0.999005138874054,0.40323367714881897,0.765731155872345,0.4837617874145508,0.8876323103904724,0.4696897566318512,0.9691396951675415,0.44923272728919983,1.0111380815505981,0.3793472945690155,0.8159216642379761,0.43272194266319275,0.9250434041023254,0.4257030189037323,0.9754677414894104,0.41336992383003235,0.9927395582199097,V
0.28649187088012695,0.9641650915145874,0.37337449193000793,0.9526135921478271,0.4461348354816437,0.9402673244476318,0.49719586968421936,0.9549456834793091,0.5337051749229431,0.9844312071800232,0.4919763207435608,0.8180652260780334,0.5600231885910034,0.9505019783973694,0.5519125461578369,1.0218148231506348,0.5325968265533447,1.0498223304748535,0.4717187285423279,0.8245841860771179,0.5466329455375671,0.9854400157928467,0.5282773375511169,1.0582654476165771,0.5065923929214478,1.081669569015503,0.44283151626586914,0.8528581857681274,0.5053013563156128,1.016849160194397,0.4804210662841797,1.0636341571807861,0.45673561096191406,1.0617424249649048,0.40973809361457825,0.89639812707901,0.44807544350624084,1.0197795629501343,0.4317867159843445,1.0491681098937988,0.4162486493587494,1.0375086069107056,V
0.2784873843193054,0.9899366497993469,0.3181494176387787,1.0027297735214233,0.3455802798271179,0.9838870167732239,0.3222929537296295,0.9706258177757263,0.28792262077331543,0.9534631371498108,0.3649122416973114,0.827985942363739,0.4125940501689911,0.738311767578125,0.4421004354953766,0.6749506592750549,0.46342340111732483,0.615414559841156,0.3250313997268677,0.805540144443512,0.3365339934825897,0.6777524352073669,0.34794482588768005,0.5993279814720154,0.3579331338405609,0.5292471647262573,0.2871458828449249,0.8187975287437439,0.2866225242614746,0.817308247089386,0.29083430767059326,0.8989855647087097,0.2935866713523865,0.9468845725059509,0.2550964653491974,0.8537804484367371,0.25961747765541077,0.8804721236228943,0.26715320348739624,0.9452473521232605,0.27240192890167236,0.9865327477455139,V
0.2769392132759094,0.95295250415802,0.3252885043621063,0.9622531533241272,0.36565786600112915,0.905369758605957,0.3493049740791321,0.8416683673858643,0.3199150860309601,0.7780300378799438,0.38733452558517456,0.7445730566978455,0.43362855911254883,0.6702781915664673,0.4642801284790039,0.6242950558662415,0.4895719885826111,0.5779460668563843,0.3494463860988617,0.7036807537078857,0.3702116012573242,0.6052674651145935,0.3875320255756378,0.5465990900993347,0.40141552686691284,0.4905082583427429,0.30993664264678955,0.7004115581512451,0.32639041543006897,0.6510197520256042,0.32655778527259827,0.7483339309692383,0.32328638434410095,0.8075498938560486,0.2699459493160248,0.7323445081710815,0.2875792384147644,0.7532927393913269,0.29371485114097595,0.8421827554702759,0.29343506693840027,0.8950644731521606,V
0.2713901698589325,0.9201245307922363,0.3207395076751709,0.9327234625816345,0.36667752265930176,0.8800373673439026,0.3585095703601837,0.8107080459594727,0.3347257375717163,0.7432343363761902,0.40069860219955444,0.7225486636161804,0.4576457738876343,0.6543075442314148,0.4921557903289795,0.6115387082099915,0.5205007195472717,0.5700305700302124,0.3644317090511322,0.6729580760002136,0.40139079093933105,0.552390456199646,0.42817819118499756,0.4775867462158203,0.44924917817115784,0.4120502173900604,0.32257530093193054,0.6645050644874573,0.3437635600566864,0.624108076095581,0.33814287185668945,0.7278958559036255,0.32972919940948486,0.7963775396347046,0.2814180850982666,0.6895989179611206,0.2999086081981659,0.7254458665847778,0.30028340220451355,0.8185075521469116,0.29615676403045654,0.8767292499542236,V
0.26436471939086914,0.9336851239204407,0.3131811022758484,0.9397122263908386,0.3592612147331238,0.8835057616233826,0.3503076434135437,0.8129749894142151,0.32876014709472656,0.7442118525505066,0.39688435196876526,0.7137851715087891,0.454973429441452,0.6466872692108154,0.49047762155532837,0.6049525141716003,0.5207675099372864,0.5590541362762451,0.3590005338191986,0.6650379300117493,0.3942045271396637,0.5375489592552185,0.41913777589797974,0.46245822310447693,0.4387204051017761,0.3915739357471466,0.3152543902397156,0.6603960990905762,0.3356183171272278,0.5999925136566162,0.32711681723594666,0.7056883573532104,0.3164057731628418,0.7769612669944763,0.27204176783561707,0.6906830668449402,0.285972535610199,0.7205759286880493,0.2860054671764374,0.8175305128097534,0.28422242403030396,0.8790180087089539,V
0.2633669376373291,0.9113643765449524,0.3134959042072296,0.9071511030197144,0.3576180934906006,0.8311099410057068,0.34652525186538696,0.7486098408699036,0.3218708336353302,0.6740618944168091,0.40051716566085815,0.6904258728027344,0.46249377727508545,0.6289412379264832,0.5038287043571472,0.5912774801254272,0.5385690331459045,0.5521814227104187,0.36558106541633606,0.6405487060546875,0.4069455564022064,0.5073280930519104,0.43206098675727844,0.42879337072372437,0.45198890566825867,0.3593670129776001,0.32291755080223083,0.634406566619873,0.3439491093158722,0.5473527908325195,0.32758814096450806,0.6393950581550598,0.3123343586921692,0.7065298557281494,0.28000226616859436,0.6620829701423645,0.2881418764591217,0.6629511117935181,0.28175899386405945,0.7547854781150818,0.27513387799263,0.8179079294204712,V
0.26234376430511475,0.8346508741378784,0.3167276978492737,0.8474662899971008,0.37291219830513,0.8039317727088928,0.3838907778263092,0.7163147330284119,0.3727487027645111,0.6329860687255859,0.4328029155731201,0.6879671216011047,0.49934709072113037,0.6597443222999573,0.5424988865852356,0.6401129961013794,0.5795885324478149,0.6207095980644226,0.4073604941368103,0.6253660321235657,0.47162142395973206,0.5193918943405151,0.5090798139572144,0.4597424566745758,0.5396599769592285,0.4102898836135864,0.36608102917671204,0.5977848768234253,0.40406137704849243,0.5332950353622437,0.37777626514434814,0.6164346933364868,0.3554095923900604,0.6742619276046753,0.317514568567276,0.5989737510681152,0.33829551935195923,0.6006695032119751,0.32514339685440063,0.6764906048774719,0.31111782789230347,0.7272030711174011,V
0.2698327898979187,0.7708091139793396,0.321970671415329,0.8028803467750549,0.3855589032173157,0.7835725545883179,0.40968358516693115,0.6978825926780701,0.4108629524707794,0.6077368855476379,0.4582846164703369,0.7020498514175415,0.5243457555770874,0.7052220106124878,0.5652267932891846,0.7092364430427551,0.6021060943603516,0.7129693031311035,0.4437541663646698,0.628955602645874,0.5162764191627502,0.563170850276947,0.5570501685142517,0.5227125883102417,0.5934213399887085,0.487737774848938,0.40827059745788574,0.5792210698127747,0.45921218395233154,0.5348151922225952,0.4206600785255432,0.6011274456977844,0.3899804353713989,0.6447108387947083,0.36045417189598083,0.5529382228851318,0.3804878294467926,0.5658343434333801,0.358886182308197,0.6299903988838196,0.3411315381526947,0.6685597896575928,V
0.2824597954750061,0.7354955673217773,0.3231024742126465,0.7798958420753479,0.3845676779747009,0.7742049098014832,0.4161836802959442,0.6900259852409363,0.4277280569076538,0.5987883806228638,0.46644648909568787,0.7229012846946716,0.5386460423469543,0.7533268928527832,0.5817919969558716,0.772973358631134,0.620093584060669,0.7868911623954773,0.4592708945274353,0.6450762152671814,0.5420023798942566,0.6038735508918762,0.5889744162559509,0.580697238445282,0.6299540400505066,0.5575370192527771,0.42928481101989746,0.5885527729988098,0.4846166968345642,0.5668971538543701,0.44240278005599976,0.618094265460968,0.4085300862789154,0.6456766128540039,0.38654807209968567,0.5523433089256287,0.4037017524242401,0.5756667852401733,0.37464743852615356,0.6250890493392944,0.3517668843269348,0.6479880809783936,V
0.2784169614315033,0.7248804569244385,0.3192296028137207,0.7738401293754578,0.3795400857925415,0.7634462118148804,0.40506595373153687,0.6834509968757629,0.41942471265792847,0.6002417206764221,0.46495306491851807,0.7149695754051208,0.5376729369163513,0.7555491924285889,0.5796353220939636,0.7817420363426208,0.6169810891151428,0.8002001047134399,0.4596378207206726,0.636940062046051,0.5438793897628784,0.6012325286865234,0.5925475358963013,0.5841800570487976,0.6355615854263306,0.5644165873527527,0.4303740859031677,0.578842043876648,0.4878333508968353,0.5497634410858154,0.43941307067871094,0.604864776134491,0.4003017544746399,0.636982262134552,0.3879449963569641,0.5442227125167847,0.4052676856517792,0.553743839263916,0.3730805516242981,0.6084145903587341,0.34789082407951355,0.6401442885398865,V
0.2753899395465851,0.7259250283241272,0.31652694940567017,0.7708970904350281,0.3739602267742157,0.7649146914482117,0.40091779828071594,0.6857835650444031,0.4141189455986023,0.6001354455947876,0.4589923918247223,0.7127457857131958,0.5335569381713867,0.7479133009910583,0.5749405026435852,0.7739726305007935,0.6127864718437195,0.7922773957252502,0.45231783390045166,0.6342651844024658,0.5388798117637634,0.5954686999320984,0.5875805020332336,0.5768365263938904,0.630114734172821,0.5551930665969849,0.4230315089225769,0.5760015249252319,0.48264914751052856,0.544874906539917,0.4360029697418213,0.6033834218978882,0.3969905376434326,0.6384490132331848,0.38049694895744324,0.5417808890342712,0.3979593515396118,0.5519420504570007,0.3644678592681885,0.608803391456604,0.33674249053001404,0.6430315971374512,V
0.2783849537372589,0.7499212026596069,0.32253217697143555,0.7802301049232483,0.37794071435928345,0.7626106142997742,0.39281579852104187,0.6839452385902405,0.3960614800453186,0.5973554253578186,0.4631708860397339,0.6766963005065918,0.5342841148376465,0.6800024509429932,0.5757929086685181,0.6898072361946106,0.6133984923362732,0.6952019333839417,0.44617021083831787,0.598393976688385,0.523961067199707,0.5241028070449829,0.5691421627998352,0.4895115792751312,0.6076400279998779,0.45611992478370667,0.4095737040042877,0.5495744943618774,0.45142829418182373,0.506594181060791,0.4131053686141968,0.5764691829681396,0.3813741207122803,0.62237149477005,0.3627864122390747,0.5322577953338623,0.3683435916900635,0.5464473962783813,0.3399765193462372,0.6205663681030273,0.31802627444267273,0.6713289022445679,V
0.2923455834388733,0.812184751033783,0.3486022353172302,0.8177772164344788,0.40535420179367065,0.7731724381446838,0.40014752745628357,0.7027416825294495,0.3684534430503845,0.638350784778595,0.46039026975631714,0.5933592319488525,0.5129069685935974,0.5291762948036194,0.544989824295044,0.4859617352485657,0.5708078145980835,0.44665253162384033,0.4207552373409271,0.543892502784729,0.449230432510376,0.4188437759876251,0.47577202320098877,0.3540326952934265,0.4936658442020416,0.30555838346481323,0.37829914689064026,0.5341194868087769,0.3892088532447815,0.512783408164978,0.375737726688385,0.6003562211990356,0.36050817370414734,0.6636160612106323,0.3398975431919098,0.5543354153633118,0.34667807817459106,0.598727822303772,0.33406928181648254,0.6850211024284363,0.32131272554397583,0.7474562525749207,V
0.3093976676464081,0.8617808222770691,0.3655153214931488,0.8438102602958679,0.40829944610595703,0.7804267406463623,0.3890005648136139,0.7124577760696411,0.353616863489151,0.6664667129516602,0.42877086997032166,0.5795125961303711,0.46696150302886963,0.4819609224796295,0.48936161398887634,0.422062486410141,0.5065767168998718,0.3635092079639435,0.38058972358703613,0.5516444444656372,0.38487309217453003,0.4149487316608429,0.3885567784309387,0.328467458486557,0.3865722417831421,0.25567227602005005,0.3369396924972534,0.5678222179412842,0.34633445739746094,0.5405605435371399,0.352485328912735,0.6360333561897278,0.3509329557418823,0.7026079297065735,0.3010933995246887,0.6131101846694946,0.31564897298812866,0.6594048142433167,0.3240319490432739,0.7413945198059082,0.32634544372558594,0.7966036796569824,V
0.31486982107162476,0.8874015808105469,0.3669726252555847,0.8693426251411438,0.4034387171268463,0.7982730269432068,0.3795715868473053,0.7494956851005554,0.33895549178123474,0.7182869911193848,0.4045574963092804,0.5859670639038086,0.4361428916454315,0.4736674129962921,0.4550796449184418,0.40757283568382263,0.46757107973098755,0.3420833349227905,0.35658347606658936,0.5709731578826904,0.342785507440567,0.43102696537971497,0.3373798131942749,0.34289121627807617,0.3292216956615448,0.2658891975879669,0.31734704971313477,0.6018187403678894,0.32057151198387146,0.5684862732887268,0.3375704288482666,0.6435059309005737,0.3451057970523834,0.6924659609794617,0.2876930236816406,0.6583282351493835,0.30705294013023376,0.7113386392593384,0.3261956572532654,0.7847223877906799,0.33945131301879883,0.832739531993866,V
0.3126094341278076,0.910386860370636,0.3680225908756256,0.8822849988937378,0.3997059166431427,0.8062134981155396,0.37315401434898376,0.7687654495239258,0.33278408646583557,0.7463584542274475,0.38952282071113586,0.5957202315330505,0.4163553714752197,0.47877323627471924,0.43403998017311096,0.40777698159217834,0.44397875666618347,0.33876192569732666,0.3399336636066437,0.5888861417770386,0.32288020849227905,0.4554494023323059,0.31343868374824524,0.36317041516304016,0.3012734055519104,0.2831083834171295,0.3016219437122345,0.6264424324035645,0.30104124546051025,0.5940994620323181,0.32261285185813904,0.6838517189025879,0.33482301235198975,0.7443307638168335,0.27524182200431824,0.6890548467636108,0.29229843616485596,0.7337782382965088,0.31498202681541443,0.8069891333580017,0.3329560458660126,0.8532678484916687,V
0.3055030405521393,0.919104278087616,0.357854425907135,0.8888517618179321,0.3915756046772003,0.8194078207015991,0.3660416603088379,0.7804526686668396,0.32530343532562256,0.75923091173172,0.37028396129608154,0.6002506613731384,0.3938712477684021,0.47477465867996216,0.4110735356807709,0.4005644619464874,0.4208964407444,0.3334198296070099,0.317708283662796,0.5954170227050781,0.294323593378067,0.4511139392852783,0.28266429901123047,0.365794837474823,0.2686174213886261,0.2970227003097534,0.2789979875087738,0.635674238204956,0.2854369580745697,0.6195643544197083,0.3130228519439697,0.7091759443283081,0.3283591568470001,0.7678288221359253,0.2547413110733032,0.7025575637817383,0.28202196955680847,0.755271852016449,0.3100326955318451,0.8252946734428406,0.3283356726169586,0.8657430410385132,V
0.3045319616794586,0.9120351672172546,0.3532814383506775,0.8445456027984619,0.38177207112312317,0.7470300793647766,0.3702266812324524,0.6890351176261902,0.33179545402526855,0.681040346622467,0.32362300157546997,0.5704556107521057,0.3262920379638672,0.4390639066696167,0.3250366151332855,0.3649769723415375,0.32000023126602173,0.297833114862442,0.27612510323524475,0.5929645299911499,0.23727817833423615,0.45403099060058594,0.22109700739383698,0.36892735958099365,0.2046700119972229,0.29753485321998596,0.24338476359844208,0.6493349671363831,0.2606179118156433,0.5810428261756897,0.3098655343055725,0.6351630091667175,0.3388424217700958,0.6822798252105713,0.22775079309940338,0.7235718965530396,0.2781468629837036,0.7226402759552002,0.32176634669303894,0.7659538984298706,0.3470885753631592,0.7991260886192322,V
0.3025408983230591,0.9066344499588013,0.3451829254627228,0.8053891658782959,0.36387860774993896,0.6882443428039551,0.37093502283096313,0.6169949173927307,0.35668161511421204,0.5896422266960144,0.2813235819339752,0.5701037645339966,0.2725285589694977,0.4566708505153656,0.259779691696167,0.3886535167694092,0.2420499473810196,0.32732337713241577,0.2403547167778015,0.5974074006080627,0.20640690624713898,0.4594215452671051,0.18834398686885834,0.3665579855442047,0.17022711038589478,0.29295045137405396,0.21851234138011932,0.6518513560295105,0.25694480538368225,0.5392706394195557,0.3148055374622345,0.5541304349899292,0.35051774978637695,0.581372082233429,0.22057239711284637,0.7136937975883484,0.2991020977497101,0.6670494079589844,0.3500981628894806,0.6806517243385315,0.38065508008003235,0.6970492601394653,V
0.2802344858646393,0.9042039513587952,0.2934975326061249,0.7644585371017456,0.32729631662368774,0.657806932926178,0.3863544762134552,0.607844352722168,0.4301784038543701,0.5809112191200256,0.27087321877479553,0.5921378135681152,0.2552967071533203,0.4536503553390503,0.23828719556331635,0.37537339329719543,0.21811479330062866,0.30716413259506226,0.27360621094703674,0.5930737257003784,0.2809767723083496,0.44733208417892456,0.2945607006549835,0.3579730689525604,0.3056122064590454,0.28656134009361267,0.29384714365005493,0.6260466575622559,0.364481657743454,0.5079864859580994,0.4013649821281433,0.5445644855499268,0.4190417528152466,0.5824083089828491,0.32620862126350403,0.6702740788459778,0.4083329439163208,0.6554303169250488,0.43738389015197754,0.6688541769981384,0.45480525493621826,0.6731857061386108,V
0.288023442029953,0.8587228655815125,0.26362305879592896,0.707674503326416,0.2927607595920563,0.616375207901001,0.3386148512363434,0.5692114233970642,0.37789255380630493,0.5481138229370117,0.2840012013912201,0.5485100150108337,0.2770887315273285,0.4239336848258972,0.26311376690864563,0.34101203083992004,0.25357741117477417,0.27488550543785095,0.32596272230148315,0.5646045804023743,0.3745116591453552,0.4092578589916229,0.3957219123840332,0.301601380109787,0.4189164936542511,0.23427720367908478,0.3625829219818115,0.6113438010215759,0.41272446513175964,0.5182772278785706,0.38754838705062866,0.549010157585144,0.368471622467041,0.5820338129997253,0.39276400208473206,0.6647039651870728,0.39992475509643555,0.636268138885498,0.3750728368759155,0.6606225371360779,0.3596819341182709,0.6796969771385193,V
0.2877660095691681,0.856161892414093,0.2614248991012573,0.6993125677108765,0.282749742269516,0.6092982888221741,0.31142282485961914,0.5514258742332458,0.344205766916275,0.5232391953468323,0.2894439697265625,0.5302529335021973,0.27631598711013794,0.40442100167274475,0.2648426294326782,0.33122381567955017,0.25640177726745605,0.2716253399848938,0.3283664882183075,0.5471566319465637,0.3706664443016052,0.40418463945388794,0.3970983922481537,0.3165489435195923,0.41935089230537415,0.2595272958278656,0.3596121370792389,0.5941951870918274,0.3885262608528137,0.49882838129997253,0.3663729429244995,0.5195556282997131,0.35311174392700195,0.5474072098731995,0.3875443637371063,0.6496139764785767,0.3802920877933502,0.5901983976364136,0.35353803634643555,0.6070312857627869,0.34056782722473145,0.6341692209243774,V
0.28039681911468506,0.8702675700187683,0.2638515830039978,0.7344447374343872,0.27596747875213623,0.6406288146972656,0.2978838086128235,0.5786689519882202,0.32389676570892334,0.5548554062843323,0.30403393507003784,0.55374675989151,0.2811870574951172,0.4186115562915802,0.27088624238967896,0.34469911456108093,0.26380854845046997,0.28607413172721863,0.3411818742752075,0.5647751092910767,0.3774905502796173,0.4158921539783478,0.4017370343208313,0.334006130695343,0.41886574029922485,0.2895289957523346,0.36245226860046387,0.6035387516021729,0.38021427392959595,0.4996914565563202,0.3580666780471802,0.5084133148193359,0.34773796796798706,0.5289360880851746,0.377815842628479,0.651050329208374,0.37469664216041565,0.5745396018028259,0.35444217920303345,0.5805535316467285,0.3443184792995453,0.599279522895813,V
0.27226895093917847,0.8820988535881042,0.25173279643058777,0.7342149019241333,0.26808348298072815,0.6372624039649963,0.29386523365974426,0.5831236839294434,0.3218991458415985,0.564666748046875,0.29256415367126465,0.538172721862793,0.2761513590812683,0.40697920322418213,0.26806989312171936,0.33604979515075684,0.2625199556350708,0.28033706545829773,0.3332192599773407,0.560958206653595,0.3743602931499481,0.42215496301651,0.3996855616569519,0.350664347410202,0.41699692606925964,0.3088242709636688,0.35954704880714417,0.6109840869903564,0.37822604179382324,0.5206176042556763,0.35591018199920654,0.5300357937812805,0.34419313073158264,0.5485933423042297,0.37961170077323914,0.6713652014732361,0.3791356682777405,0.6066412329673767,0.3580949008464813,0.6138454675674438,0.34617525339126587,0.6343868970870972,V
0.2624461352825165,0.897144079208374,0.2475360631942749,0.7524821758270264,0.27323687076568604,0.6570501923561096,0.3058951199054718,0.6092987656593323,0.33668646216392517,0.596078097820282,0.29658204317092896,0.5501757264137268,0.28592586517333984,0.4183347821235657,0.2822727859020233,0.3421725630760193,0.28021904826164246,0.28581488132476807,0.3373091518878937,0.5852293372154236,0.38388073444366455,0.44854000210762024,0.41265058517456055,0.3792931139469147,0.4336569607257843,0.3380175232887268,0.36339783668518066,0.6434208154678345,0.3877510130405426,0.5732376575469971,0.36294952034950256,0.5848334431648254,0.34698429703712463,0.6077412366867065,0.3825196623802185,0.7041546106338501,0.3791806101799011,0.6563354134559631,0.35713130235671997,0.6624588370323181,0.3430865406990051,0.6849129796028137,V
0.24599917232990265,0.8850799798965454,0.241367906332016,0.7216088175773621,0.2717473804950714,0.6434155106544495,0.3098275065422058,0.6054638624191284,0.34264639019966125,0.595555305480957,0.2900092601776123,0.5397551655769348,0.29108303785324097,0.41399717330932617,0.28795862197875977,0.33450186252593994,0.28249773383140564,0.27174457907676697,0.3234832286834717,0.5731223821640015,0.3880912959575653,0.44577667117118835,0.42693766951560974,0.3777894079685211,0.45500507950782776,0.33507493138313293,0.3524363934993744,0.6345996856689453,0.3975308835506439,0.5915279984474182,0.37576669454574585,0.6118605136871338,0.3571896255016327,0.631298840045929,0.37514373660087585,0.7064205408096313,0.3842523992061615,0.6873418092727661,0.3614802062511444,0.7013512849807739,0.345503032207489,0.7209900617599487,V
0.23222985863685608,0.8619537353515625,0.22323061525821686,0.7147732973098755,0.2587546110153198,0.6270798444747925,0.29840075969696045,0.5799360275268555,0.3338277339935303,0.5639863610267639,0.26449257135391235,0.5143619775772095,0.26002398133277893,0.3981224298477173,0.25097474455833435,0.32141172885894775,0.24216726422309875,0.2620617151260376,0.2996293902397156,0.5433321595191956,0.3598390817642212,0.41691842675209045,0.3943520486354828,0.3491949737071991,0.4212310314178467,0.30077406764030457,0.3302864730358124,0.6003428101539612,0.37710413336753845,0.5557073354721069,0.3573875427246094,0.5880061388015747,0.3403831124305725,0.614074170589447,0.35617178678512573,0.6684045195579529,0.3620815873146057,0.652101457118988,0.339563250541687,0.6754794120788574,0.32617753744125366,0.6999089121818542,V
0.22359739243984222,0.8704909682273865,0.20857708156108856,0.718546450138092,0.22578059136867523,0.6305476427078247,0.25977176427841187,0.5772452354431152,0.29145509004592896,0.5589958429336548,0.24828456342220306,0.5448958277702332,0.23776446282863617,0.4158649444580078,0.22662216424942017,0.33341601490974426,0.2192622423171997,0.2730221450328827,0.29124578833580017,0.5635842680931091,0.33313265442848206,0.41611889004707336,0.3601883053779602,0.32517051696777344,0.3845738172531128,0.2723034620285034,0.32210031151771545,0.6105619072914124,0.3546103537082672,0.5354691743850708,0.3333164155483246,0.5501298308372498,0.318143367767334,0.5754563808441162,0.34323495626449585,0.67159503698349,0.34753578901290894,0.6145244836807251,0.32776254415512085,0.6235380172729492,0.31633657217025757,0.6468828916549683,V
0.21917778253555298,0.8500872850418091,0.21013692021369934,0.6880302429199219,0.24311737716197968,0.6064028739929199,0.29070135951042175,0.5765819549560547,0.3282536268234253,0.5649689435958862,0.2522088587284088,0.5281351804733276,0.24492043256759644,0.4101687967777252,0.22984932363033295,0.3349337577819824,0.21695297956466675,0.2725038230419159,0.2922869622707367,0.5531579852104187,0.3374599814414978,0.4147849380970001,0.36118853092193604,0.3288643956184387,0.3836539685726166,0.2701142132282257,0.3220313489437103,0.6070464849472046,0.36066779494285583,0.5516270995140076,0.33616751432418823,0.5714458227157593,0.3162422180175781,0.5931791067123413,0.345610111951828,0.6711915731430054,0.3457576334476471,0.6429751515388489,0.3221130967140198,0.6591932773590088,0.30852699279785156,0.6796242594718933,V
0.21620555222034454,0.850435197353363,0.2182416170835495,0.6991522312164307,0.26462170481681824,0.6193258762359619,0.31113946437835693,0.58963942527771,0.34722772240638733,0.5816898941993713,0.2611331641674042,0.5051248073577881,0.26549896597862244,0.40467193722724915,0.25543928146362305,0.33453845977783203,0.24661223590373993,0.273479700088501,0.29429563879966736,0.5366184115409851,0.35516563057899475,0.4163467586040497,0.38769426941871643,0.3386533260345459,0.41598838567733765,0.2882636487483978,0.3195306062698364,0.5981665849685669,0.37932851910591125,0.546504557132721,0.3568209111690521,0.582124650478363,0.33552438020706177,0.6131163239479065,0.3445311188697815,0.6695155501365662,0.35377949476242065,0.6474637985229492,0.33145132660865784,0.6732291579246521,0.3176214396953583,0.6963405609130859,V
0.19700506329536438,0.8506200313568115,0.22168166935443878,0.6842009425163269,0.281807541847229,0.6276867389678955,0.33965954184532166,0.6318845748901367,0.3777766525745392,0.6288579106330872,0.2957780659198761,0.5370072722434998,0.3228211998939514,0.42678239941596985,0.32384753227233887,0.339453786611557,0.3281032145023346,0.2717600464820862,0.32039210200309753,0.596519947052002,0.3983897864818573,0.5020241737365723,0.44425272941589355,0.4270058870315552,0.48821762204170227,0.38426026701927185,0.33322256803512573,0.6707379817962646,0.4020393192768097,0.6251135468482971,0.37064090371131897,0.6253829598426819,0.347461998462677,0.6426970958709717,0.3414340019226074,0.7411019206047058,0.3556155562400818,0.7010943293571472,0.32788944244384766,0.7011861205101013,0.3132801949977875,0.7121948003768921,V
0.18267354369163513,0.841428279876709,0.2136092185974121,0.6929996013641357,0.2834669351577759,0.6454280018806458,0.34030425548553467,0.6693375110626221,0.37744274735450745,0.7009598612785339,0.31097060441970825,0.5749083757400513,0.3607321083545685,0.46564367413520813,0.38320669531822205,0.38581418991088867,0.4013291001319885,0.32442960143089294,0.3281896114349365,0.6523153781890869,0.42233145236968994,0.6011711955070496,0.4776274859905243,0.5556564927101135,0.5210184454917908,0.5338225960731506,0.33335959911346436,0.7315124869346619,0.4147767424583435,0.7033994197845459,0.38797006011009216,0.6923356652259827,0.36001893877983093,0.7000201940536499,0.33395206928253174,0.7980270981788635,0.3597804307937622,0.7531748414039612,0.33246180415153503,0.7365010976791382,0.3142237067222595,0.7397881150245667,V
0.18313229084014893,0.8339924812316895,0.22259505093097687,0.6963194608688354,0.2969266176223755,0.6594589948654175,0.3553430438041687,0.6943950057029724,0.39156338572502136,0.7308688163757324,0.3273952603340149,0.6033704876899719,0.3861321806907654,0.512489914894104,0.41121208667755127,0.44279608130455017,0.43187326192855835,0.3855475187301636,0.3401976227760315,0.6816327571868896,0.43634846806526184,0.657142162322998,0.4953460097312927,0.6281958818435669,0.5405122637748718,0.6236600875854492,0.3376118242740631,0.7606971859931946,0.41187992691993713,0.7500660419464111,0.3857705295085907,0.7288419008255005,0.3571656346321106,0.7302024364471436,0.3297230899333954,0.8267278075218201,0.3612042963504791,0.787429690361023,0.3379707932472229,0.7672137022018433,0.3189261853694916,0.7720764875411987,V
0.18676279485225677,0.825326144695282,0.22778235375881195,0.6880723237991333,0.30111148953437805,0.6603207588195801,0.35553187131881714,0.6929080486297607,0.3899797201156616,0.7333650588989258,0.3376927673816681,0.6073037385940552,0.3997051417827606,0.5239326357841492,0.4310060739517212,0.4586615264415741,0.4572356939315796,0.4062214493751526,0.35012003779411316,0.6868013143539429,0.4448142647743225,0.6689314246177673,0.5049086809158325,0.6474990844726562,0.5495260953903198,0.6459300518035889,0.34575584530830383,0.7626279592514038,0.4162275791168213,0.7530507445335388,0.3960810601711273,0.729421854019165,0.37192538380622864,0.7257826924324036,0.3362497389316559,0.8226957321166992,0.3622352182865143,0.7836020588874817,0.33831632137298584,0.7591902017593384,0.3189872205257416,0.7574500441551208,V
0.1927240788936615,0.7957049608230591,0.2423890382051468,0.6669296026229858,0.3175821006298065,0.6525093913078308,0.3687191307544708,0.6960991621017456,0.40187638998031616,0.7418150901794434,0.35140687227249146,0.6049867272377014,0.4149237275123596,0.5379593968391418,0.4484623670578003,0.4803518056869507,0.47627994418144226,0.43184763193130493,0.3554438650608063,0.6848540902137756,0.4509778916835785,0.6872130632400513,0.5127961039543152,0.6791790127754211,0.5587807297706604,0.6859197616577148,0.3464425206184387,0.7604905962944031,0.41974779963493347,0.7644463777542114,0.40129315853118896,0.7405891418457031,0.37855345010757446,0.7354528307914734,0.33434510231018066,0.819279134273529,0.3693965971469879,0.7855839133262634,0.3479366600513458,0.7605704665184021,0.3295626938343048,0.7589525580406189,V
0.20229694247245789,0.7740616798400879,0.2544732391834259,0.6591267585754395,0.32527250051498413,0.6524274945259094,0.37039855122566223,0.6975817680358887,0.3990938067436218,0.7495083808898926,0.36346128582954407,0.6189072132110596,0.4323962330818176,0.5683839321136475,0.4703340232372284,0.5207983255386353,0.5005105137825012,0.4793371856212616,0.3654095232486725,0.6953045129776001,0.4602782130241394,0.7194064259529114,0.5233485102653503,0.7254436612129211,0.5694592595100403,0.7391018867492676,0.3552476763725281,0.766247570514679,0.4176562428474426,0.787756085395813,0.4021870493888855,0.7649457454681396,0.3823411464691162,0.752204418182373,0.34139102697372437,0.8216484785079956,0.36959028244018555,0.810272216796875,0.3501802086830139,0.7882378697395325,0.33273813128471375,0.7815896272659302,V
0.21350623667240143,0.7699705362319946,0.2667868137359619,0.658786952495575,0.3363633453845978,0.6548783183097839,0.3800063729286194,0.7010543346405029,0.40569373965263367,0.7559385895729065,0.3705323338508606,0.6352511048316956,0.4431079030036926,0.5872668623924255,0.485296368598938,0.5441511869430542,0.5199474096298218,0.5087506771087646,0.3729603588581085,0.711827278137207,0.4678906500339508,0.7418675422668457,0.5306761860847473,0.7559643387794495,0.5769577026367188,0.7734116315841675,0.36205989122390747,0.782224178314209,0.42679736018180847,0.8059067130088806,0.4143117368221283,0.7792065739631653,0.394852876663208,0.7636826038360596,0.34677547216415405,0.8361784815788269,0.3786611557006836,0.8252794146537781,0.36187371611595154,0.7981892228126526,0.34485214948654175,0.7876109480857849,V
0.2197389453649521,0.767734706401825,0.2733611464500427,0.6662718653678894,0.3437119424343109,0.6722307801246643,0.39063864946365356,0.728243887424469,0.41609251499176025,0.7861196994781494,0.3770870864391327,0.6416193246841431,0.4494730234146118,0.588424801826477,0.4903593063354492,0.5437492728233337,0.5245233178138733,0.5096321702003479,0.3805529773235321,0.7173295617103577,0.4759405553340912,0.7478201389312744,0.5386022925376892,0.7601218223571777,0.5874468088150024,0.7792263627052307,0.3691317141056061,0.7856209874153137,0.4342932403087616,0.8141958713531494,0.4183787703514099,0.7853410243988037,0.39679503440856934,0.769054651260376,0.35335832834243774,0.8407073020935059,0.3844703733921051,0.836635947227478,0.36783894896507263,0.8097007274627686,0.3513743579387665,0.7996016144752502,V
0.21592338383197784,0.7894123196601868,0.27184349298477173,0.6864721775054932,0.3476007282733917,0.6843715310096741,0.4074115753173828,0.7284970283508301,0.44658419489860535,0.7695359587669373,0.367384135723114,0.628269612789154,0.4340018630027771,0.5520732402801514,0.4654579758644104,0.48511868715286255,0.48894602060317993,0.42909321188926697,0.3632984459400177,0.6953843832015991,0.4549548923969269,0.7018045783042908,0.5139812231063843,0.6987238526344299,0.5595257878303528,0.7013669013977051,0.3510701656341553,0.7660070061683655,0.43819501996040344,0.8376308679580688,0.42722487449645996,0.8245042562484741,0.4025919735431671,0.7991374135017395,0.33767247200012207,0.8349558115005493,0.4020701050758362,0.8825579285621643,0.3993492126464844,0.8693228960037231,0.38547685742378235,0.8458924889564514,V
0.22415576875209808,0.8874995708465576,0.30379191040992737,0.8705381155014038,0.3600345849990845,0.857965350151062,0.3913869559764862,0.9034739136695862,0.40782251954078674,0.9313773512840271,0.3777708113193512,0.693361222743988,0.4272003471851349,0.57637619972229,0.44146305322647095,0.5007236003875732,0.45107898116111755,0.42710500955581665,0.3439615070819855,0.684879720211029,0.3829585611820221,0.6015002727508545,0.4053393304347992,0.5248829126358032,0.4168264865875244,0.4665069282054901,0.31022101640701294,0.7142338156700134,0.364920049905777,0.7795922756195068,0.392920583486557,0.8436381816864014,0.41137614846229553,0.8893865942955017,0.28266164660453796,0.7746862173080444,0.3428158760070801,0.8591366410255432,0.3722200393676758,0.9421806931495667,0.3902016878128052,1.0132015943527222,V
0.2526797652244568,0.9591737985610962,0.32109534740448,0.9517640471458435,0.3674258887767792,0.9238855242729187,0.3536820113658905,0.9121173620223999,0.30533739924430847,0.9059472680091858,0.36195552349090576,0.704469621181488,0.3979704976081848,0.5737190842628479,0.41497066617012024,0.5039817094802856,0.43010053038597107,0.4318227171897888,0.31623971462249756,0.6813238263130188,0.29671937227249146,0.5604947209358215,0.28652751445770264,0.48787426948547363,0.28283101320266724,0.4204540550708771,0.27525389194488525,0.6985540390014648,0.2878476679325104,0.7307109832763672,0.30264461040496826,0.7870362997055054,0.3146830201148987,0.809882640838623,0.245697483420372,0.7485171556472778,0.2694166898727417,0.7913097143173218,0.29328209161758423,0.8718757033348083,0.3100220561027527,0.9435380697250366,V
0.2538742125034332,0.9927080869674683,0.30380621552467346,0.9678795337677002,0.33458709716796875,0.9253969788551331,0.2936246991157532,0.911176323890686,0.246923565864563,0.904035210609436,0.3263583779335022,0.7171199917793274,0.3582078814506531,0.5889859795570374,0.38179638981819153,0.5149186849594116,0.3964267075061798,0.44395923614501953,0.2756437361240387,0.7079851031303406,0.2596246898174286,0.5793831944465637,0.2513716518878937,0.49070462584495544,0.2409978210926056,0.4110511839389801,0.23663625121116638,0.7391521334648132,0.23132209479808807,0.7714690566062927,0.25103262066841125,0.8497887253761292,0.26184898614883423,0.8909754753112793,0.21012377738952637,0.7933129668235779,0.22074176371097565,0.8562487363815308,0.24089501798152924,0.9143953323364258,0.2528412640094757,0.9467419981956482,V
0.23786307871341705,0.9851070642471313,0.28707340359687805,0.9689579606056213,0.3014242351055145,0.9131612777709961,0.24191756546497345,0.9023793339729309,0.18992826342582703,0.8774769902229309,0.29374960064888,0.7020453810691833,0.31783902645111084,0.5737318992614746,0.33687204122543335,0.4977929890155792,0.3523409366607666,0.4271659851074219,0.24448201060295105,0.6916178464889526,0.22077922523021698,0.5591340661048889,0.2061622440814972,0.4690251648426056,0.19221286475658417,0.3924309313297272,0.20716524124145508,0.7213640213012695,0.17725017666816711,0.7259635925292969,0.18811042606830597,0.8296620845794678,0.19691143929958344,0.8960670232772827,0.179402157664299,0.7747901678085327,0.16853880882263184,0.8295332789421082,0.17851844429969788,0.9075731635093689,0.18653453886508942,0.9555253982543945,V
0.23593546450138092,0.9825596213340759,0.2814210057258606,0.9541347026824951,0.2856369912624359,0.8892907500267029,0.21857908368110657,0.8732560276985168,0.16754715144634247,0.8489425182342529,0.2730151116847992,0.6817525029182434,0.2960161566734314,0.5552064180374146,0.31168001890182495,0.4744795560836792,0.3237259089946747,0.3973406255245209,0.22592879831790924,0.6743536591529846,0.2033095508813858,0.545949399471283,0.18372143805027008,0.44998857378959656,0.16884338855743408,0.35990211367607117,0.19075137376785278,0.7085602879524231,0.1528283655643463,0.7102356553077698,0.15583553910255432,0.8033813238143921,0.1621859073638916,0.8631340861320496,0.16564296185970306,0.7658005952835083,0.14352786540985107,0.8221967816352844,0.15202489495277405,0.8953888416290283,0.16359131038188934,0.9381002187728882,V
0.23127034306526184,0.9724523425102234,0.2700207531452179,0.9354627132415771,0.26992323994636536,0.8599646091461182,0.20168544352054596,0.8386419415473938,0.1502327173948288,0.8159991502761841,0.2616211771965027,0.6586326956748962,0.2880319654941559,0.5372140407562256,0.30537721514701843,0.46423065662384033,0.3193608224391937,0.4039744436740875,0.2152227759361267,0.6562985777854919,0.19190727174282074,0.5123725533485413,0.1730317771434784,0.42145460844039917,0.15960009396076202,0.34360334277153015,0.18171249330043793,0.7005968689918518,0.14147688448429108,0.6855097413063049,0.147512286901474,0.7790718674659729,0.1579032689332962,0.8428463339805603,0.15742188692092896,0.7694230079650879,0.1289273053407669,0.7876717448234558,0.13649927079677582,0.8563168048858643,0.14887550473213196,0.9034281373023987,V
0.22525012493133545,0.9594084024429321,0.26607441902160645,0.9177455902099609,0.2661397457122803,0.8291197419166565,0.2013867199420929,0.7907923460006714,0.15030433237552643,0.7587459087371826,0.2652198076248169,0.632525622844696,0.29051604866981506,0.5064548254013062,0.3066667914390564,0.430673748254776,0.31780895590782166,0.3733566403388977,0.21806927025318146,0.627461850643158,0.1981303095817566,0.4831634759902954,0.18102151155471802,0.3994794487953186,0.16614040732383728,0.3341715633869171,0.1839376538991928,0.6655622720718384,0.14010806381702423,0.6473708152770996,0.14761607348918915,0.7337704300880432,0.15937192738056183,0.7925297021865845,0.16017796099185944,0.7253219485282898,0.13301651179790497,0.7390296459197998,0.14638592302799225,0.8095842003822327,0.1622559279203415,0.8566513061523438,V
0.21487809717655182,0.9480243921279907,0.2558087408542633,0.883976936340332,0.2576092779636383,0.7759590148925781,0.20776988565921783,0.7094660401344299,0.15893255174160004,0.6641470789909363,0.25681957602500916,0.6033377647399902,0.27643880248069763,0.4767155647277832,0.29323458671569824,0.40471380949020386,0.3032758831977844,0.3465676009654999,0.21019138395786285,0.6015716195106506,0.18944178521633148,0.4589501619338989,0.17825636267662048,0.3743633031845093,0.16585291922092438,0.3084403872489929,0.17622171342372894,0.6478713154792786,0.14407140016555786,0.5832726955413818,0.1604229211807251,0.6601022481918335,0.17380674183368683,0.7164270281791687,0.15235963463783264,0.7179552316665649,0.13608920574188232,0.6945376396179199,0.15157200396060944,0.7499406337738037,0.1665389984846115,0.7914261817932129,V
0.2139248549938202,0.9384535551071167,0.2631409466266632,0.868130624294281,0.2660178244113922,0.7457185387611389,0.21751201152801514,0.6748770475387573,0.1647017002105713,0.6337364315986633,0.24751456081867218,0.5801126956939697,0.2582785189151764,0.45863857865333557,0.26431936025619507,0.3870735466480255,0.2648423910140991,0.32751041650772095,0.1992611587047577,0.5869786739349365,0.16943976283073425,0.44501179456710815,0.1553405225276947,0.3618655204772949,0.13867738842964172,0.2993089258670807,0.16495293378829956,0.6413743495941162,0.13351315259933472,0.5663060545921326,0.16303148865699768,0.6333277821540833,0.18325267732143402,0.6844365000724792,0.14053425192832947,0.7183550000190735,0.13058564066886902,0.684292733669281,0.1557357758283615,0.7311906218528748,0.17526982724666595,0.7668493986129761,V
0.21906988322734833,0.9287281632423401,0.27014079689979553,0.8509920835494995,0.27289849519729614,0.7246427536010742,0.22912313044071198,0.6525335311889648,0.17483222484588623,0.622760534286499,0.24089059233665466,0.5675011277198792,0.2458796203136444,0.4509725272655487,0.24852094054222107,0.38182738423347473,0.24518124759197235,0.32463201880455017,0.19326390326023102,0.5822637677192688,0.15700986981391907,0.44506973028182983,0.13907213509082794,0.36383354663848877,0.11803876608610153,0.3024938106536865,0.1602398306131363,0.642197847366333,0.13044936954975128,0.5690615177154541,0.16618160903453827,0.6276906132698059,0.19005650281906128,0.6721237301826477,0.13701669871807098,0.7225896716117859,0.13277968764305115,0.6926848292350769,0.16085264086723328,0.7316015958786011,0.18195632100105286,0.7600051164627075,V
0.23335836827754974,0.9247357845306396,0.2813151478767395,0.8430214524269104,0.28943920135498047,0.7303571701049805,0.26254764199256897,0.6556185483932495,0.21797893941402435,0.6262421607971191,0.23307740688323975,0.5677074790000916,0.23192855715751648,0.4463104009628296,0.22896140813827515,0.3769264817237854,0.22164484858512878,0.3176375925540924,0.1902800053358078,0.5902734994888306,0.14684180915355682,0.4553062617778778,0.12272012233734131,0.3732846677303314,0.0970529243350029,0.30873867869377136,0.16300144791603088,0.6535981893539429,0.13868573307991028,0.5720306038856506,0.18363851308822632,0.6186333894729614,0.2162266969680786,0.662299394607544,0.1452348679304123,0.7391821146011353,0.14726625382900238,0.7020937204360962,0.18088434636592865,0.7208634614944458,0.2089957594871521,0.7413780689239502,V
0.24544568359851837,0.9130784869194031,0.2884967625141144,0.8296090364456177,0.30349797010421753,0.720271646976471,0.2904443144798279,0.6463195085525513,0.24919705092906952,0.6492778062820435,0.21863095462322235,0.5530722141265869,0.19224520027637482,0.43233388662338257,0.17178113758563995,0.3674423396587372,0.14823611080646515,0.3122600317001343,0.1745041310787201,0.5921789407730103,0.10952045768499374,0.46830910444259644,0.07038407772779465,0.3914810121059418,0.032530512660741806,0.32636141777038574,0.14967826008796692,0.6627818942070007,0.1496911197900772,0.5921361446380615,0.20660574734210968,0.6291716694831848,0.24411804974079132,0.6662588715553284,0.14131368696689606,0.7463935017585754,0.18193329870700836,0.7324535846710205,0.22664771974086761,0.7550066709518433,0.2551087737083435,0.7747032642364502,V
0.2603777050971985,0.9146425724029541,0.2989145815372467,0.8253034949302673,0.31054022908210754,0.7212866544723511,0.2999516427516937,0.6561048030853271,0.2610047459602356,0.6651039719581604,0.21176442503929138,0.5593289732933044,0.1774819940328598,0.4363964796066284,0.1526116579771042,0.3720872402191162,0.12679776549339294,0.3152908682823181,0.17075632512569427,0.6127191781997681,0.12110617011785507,0.5241588950157166,0.09208051860332489,0.46753159165382385,0.06464036554098129,0.4235082268714905,0.14805445075035095,0.687019407749176,0.15065307915210724,0.6229434609413147,0.20760415494441986,0.6502559185028076,0.2479952573776245,0.6831128001213074,0.14412230253219604,0.7693777680397034,0.19057635962963104,0.7591560482978821,0.23655565083026886,0.7758132219314575,0.26954519748687744,0.7917852401733398,V
0.2740417718887329,0.9102144837379456,0.3107527792453766,0.8083431720733643,0.3251948058605194,0.7206375598907471,0.3189863860607147,0.6781831979751587,0.29693323373794556,0.691415548324585,0.21402482688426971,0.5584222674369812,0.1649298369884491,0.4392831325531006,0.13377873599529266,0.3745780289173126,0.10261353850364685,0.32135146856307983,0.17123627662658691,0.6192771792411804,0.1012086495757103,0.5254295468330383,0.05733666196465492,0.45606154203414917,0.0178744625300169,0.39790183305740356,0.1525564342737198,0.7026440501213074,0.18166571855545044,0.6559804081916809,0.24305175244808197,0.6738887429237366,0.28400465846061707,0.6910975575447083,0.15628528594970703,0.7886630892753601,0.22103185951709747,0.7893083691596985,0.27249860763549805,0.8003257513046265,0.3065258264541626,0.8049775958061218,V
0.2932244539260864,0.909040629863739,0.32657647132873535,0.8079116344451904,0.34090688824653625,0.7340342998504639,0.34538668394088745,0.6945348381996155,0.3396652340888977,0.6937717199325562,0.23803600668907166,0.5700634121894836,0.18387694656848907,0.44480791687965393,0.1513916254043579,0.3756762146949768,0.11859829723834991,0.319701224565506,0.19614998996257782,0.6338792443275452,0.12412863224744797,0.5313588380813599,0.07297458499670029,0.4587573707103729,0.02955438382923603,0.406249463558197,0.17975544929504395,0.721040666103363,0.21287021040916443,0.6933448314666748,0.2723022401332855,0.7026458978652954,0.31438881158828735,0.7149897217750549,0.1848618984222412,0.8097839951515198,0.24666692316532135,0.8083626627922058,0.29766377806663513,0.8093728423118591,0.3352827727794647,0.8108283877372742,V
0.30848428606987,0.9119164943695068,0.34335559606552124,0.8130682706832886,0.3572984039783478,0.7451918721199036,0.3629222810268402,0.7056785821914673,0.36826759576797485,0.685041069984436,0.26196059584617615,0.5738046765327454,0.21123109757900238,0.4455457627773285,0.18099865317344666,0.37492236495018005,0.14892996847629547,0.3172006905078888,0.22061367332935333,0.6337924003601074,0.15775564312934875,0.5302241444587708,0.10828240215778351,0.45760577917099,0.06530097126960754,0.40525779128074646,0.2040809541940689,0.718254804611206,0.24315810203552246,0.6972792148590088,0.30676791071891785,0.7090402841567993,0.35223615169525146,0.7211445569992065,0.2079003006219864,0.8066730499267578,0.2701524496078491,0.8125324845314026,0.3225521147251129,0.8185775876045227,0.3625323474407196,0.8224194645881653,V
0.3078690469264984,0.9355068206787109,0.3472009003162384,0.8479719758033752,0.36510953307151794,0.7726945281028748,0.3768669068813324,0.7264541387557983,0.38315293192863464,0.7067203521728516,0.2786691188812256,0.5889949798583984,0.23925672471523285,0.4498802125453949,0.2137506902217865,0.3734700381755829,0.18524476885795593,0.3096723258495331,0.23547060787677765,0.6423407196998596,0.1756821870803833,0.5145052671432495,0.13505174219608307,0.4305129945278168,0.09572151303291321,0.36710020899772644,0.21543987095355988,0.7247912883758545,0.24328674376010895,0.676915168762207,0.30482611060142517,0.7032442688941956,0.3451730012893677,0.730111300945282,0.21677063405513763,0.8150094151496887,0.28148356080055237,0.8155949711799622,0.33463409543037415,0.8302595019340515,0.37098124623298645,0.8418024182319641,V
0.28518950939178467,0.9535701274871826,0.3322346806526184,0.8738880157470703,0.35867035388946533,0.8039794564247131,0.37023165822029114,0.7657894492149353,0.36700350046157837,0.757276713848114,0.27826571464538574,0.6115851998329163,0.2457652986049652,0.46143221855163574,0.22787702083587646,0.37958458065986633,0.20755624771118164,0.31310656666755676,0.2303401231765747,0.658105194568634,0.17699427902698517,0.5234993100166321,0.1436036080121994,0.4337072968482971,0.11227922886610031,0.3651820719242096,0.20310379564762115,0.7361693382263184,0.23710186779499054,0.705613911151886,0.2992027699947357,0.753261148929596,0.3401746451854706,0.794900119304657,0.19809973239898682,0.82478928565979,0.2599661350250244,0.8466275334358215,0.31501877307891846,0.867990255355835,0.3543094992637634,0.8860225081443787,V
0.2630440890789032,0.9657523036003113,0.313279926776886,0.8998318314552307,0.3481179177761078,0.8199034929275513,0.3577495515346527,0.7787677645683289,0.3385079801082611,0.7836132049560547,0.2823640704154968,0.6142498850822449,0.2733544707298279,0.46465185284614563,0.2673527002334595,0.3818005621433258,0.2562768757343292,0.3117513656616211,0.2299254983663559,0.6458984613418579,0.1881929188966751,0.500460147857666,0.16555184125900269,0.4063137471675873,0.14086328446865082,0.32978713512420654,0.19633202254772186,0.7158706784248352,0.23171186447143555,0.6752729415893555,0.28873008489608765,0.7471997141838074,0.322454035282135,0.8050810098648071,0.18480217456817627,0.8033982515335083,0.2466985285282135,0.8281527161598206,0.297696053981781,0.8702772855758667,0.3302422761917114,0.9009454846382141,V
0.25348150730133057,0.9666091203689575,0.3097592294216156,0.9255421757698059,0.35782745480537415,0.8549978733062744,0.3689807057380676,0.8093348145484924,0.3440761864185333,0.7761579751968384,0.3370165228843689,0.6340821981430054,0.36292582750320435,0.5019566416740417,0.37773728370666504,0.42213958501815796,0.38506489992141724,0.3490830063819885,0.28720709681510925,0.6243298649787903,0.2846296429634094,0.46698179841041565,0.28743594884872437,0.3740062415599823,0.2840152084827423,0.29335182905197144,0.24394407868385315,0.6602547764778137,0.2783195674419403,0.6187342405319214,0.31463974714279175,0.7179887890815735,0.3317767083644867,0.787381649017334,0.21300524473190308,0.7232580780982971,0.26490646600723267,0.7647610306739807,0.2994655966758728,0.840436577796936,0.3174479305744171,0.8874176740646362,V
0.24424713850021362,0.9174033403396606,0.30568671226501465,0.8902616500854492,0.3562784492969513,0.829939603805542,0.3720534145832062,0.7737428545951843,0.348634272813797,0.7270623445510864,0.3604391813278198,0.6131989359855652,0.40033915638923645,0.5049447417259216,0.4237785041332245,0.43739911913871765,0.4399241805076599,0.370930939912796,0.3157164454460144,0.5884840488433838,0.3289685845375061,0.44115686416625977,0.336945116519928,0.3480986952781677,0.3397274315357208,0.26532691717147827,0.27266770601272583,0.6103888750076294,0.2999502718448639,0.5646743178367615,0.3195267915725708,0.6564664840698242,0.3280618488788605,0.7255124449729919,0.23904845118522644,0.6643049716949463,0.2744038999080658,0.7059676051139832,0.29873672127723694,0.7814808487892151,0.3149045407772064,0.8362670540809631,V
0.24273371696472168,0.835271418094635,0.29706260561943054,0.8181817531585693,0.3434796631336212,0.7655267119407654,0.3491094708442688,0.7040663957595825,0.32758933305740356,0.6387929320335388,0.3698461055755615,0.567661464214325,0.4232514798641205,0.4885191023349762,0.4528978168964386,0.43653637170791626,0.475652277469635,0.3857494294643402,0.3278590738773346,0.5342363119125366,0.3499014377593994,0.40115848183631897,0.3635024130344391,0.323941707611084,0.373310923576355,0.25507307052612305,0.2822010815143585,0.5444499254226685,0.30588239431381226,0.4785863757133484,0.3128387928009033,0.588281512260437,0.31392815709114075,0.6659681797027588,0.24184882640838623,0.5866804718971252,0.2654133141040802,0.6060196757316589,0.27839216589927673,0.6873043179512024,0.28372877836227417,0.7424643039703369,V
0.23383642733097076,0.790745735168457,0.28679361939430237,0.7840079665184021,0.33152341842651367,0.731878936290741,0.3305128812789917,0.6582660675048828,0.31299731135368347,0.5832799673080444,0.371609091758728,0.5545855760574341,0.42877909541130066,0.48703068494796753,0.46372613310813904,0.44087305665016174,0.49267685413360596,0.3957947790622711,0.3351645767688751,0.5113027095794678,0.36884206533432007,0.38180068135261536,0.38763654232025146,0.30496013164520264,0.4032370150089264,0.23760157823562622,0.2908923029899597,0.5118421912193298,0.30882328748703003,0.45379161834716797,0.30001071095466614,0.5528659820556641,0.2911083996295929,0.6225287318229675,0.247136652469635,0.544306218624115,0.2593979835510254,0.5441521406173706,0.2619377076625824,0.6251047253608704,0.26195621490478516,0.6805431246757507,V
0.23074749112129211,0.7597461938858032,0.2822175920009613,0.75077223777771,0.32725629210472107,0.6949211359024048,0.31903523206710815,0.6167622804641724,0.2983822524547577,0.5450107455253601,0.37185484170913696,0.5361160039901733,0.42986389994621277,0.4734779894351959,0.46525102853775024,0.43107590079307556,0.49545541405677795,0.39055028557777405,0.3373841941356659,0.48674821853637695,0.37132391333580017,0.35754626989364624,0.3906821012496948,0.28182393312454224,0.4076859652996063,0.2198176085948944,0.29577937722206116,0.4811955690383911,0.3069489896297455,0.43862321972846985,0.29357314109802246,0.5244044065475464,0.28199341893196106,0.5875803232192993,0.25389382243156433,0.5055009722709656,0.25476449728012085,0.5154847502708435,0.24990344047546387,0.5951053500175476,0.24737973511219025,0.6525416970252991,V
0.23212343454360962,0.7474668622016907,0.2812727093696594,0.738886833190918,0.3233587145805359,0.6827375292778015,0.31776300072669983,0.6061888933181763,0.29992303252220154,0.5348266363143921,0.37071675062179565,0.5307663083076477,0.4302732050418854,0.4728568494319916,0.46708160638809204,0.43317049741744995,0.49843063950538635,0.39491692185401917,0.33786284923553467,0.4798169434070587,0.3743381202220917,0.3516382575035095,0.39703428745269775,0.2757413387298584,0.4171370267868042,0.2151138335466385,0.29690492153167725,0.47165411710739136,0.30646422505378723,0.4347054660320282,0.2900875508785248,0.5147282481193542,0.2761692404747009,0.5744132995605469,0.2564672827720642,0.493696391582489,0.2549648582935333,0.5091216564178467,0.25027504563331604,0.5860732793807983,0.2481934279203415,0.6434594988822937,V
0.23682713508605957,0.7360560894012451,0.28887271881103516,0.7355643510818481,0.3327524662017822,0.6930646896362305,0.3335309624671936,0.6317803859710693,0.3175857961177826,0.5652971267700195,0.37402674555778503,0.5289586186408997,0.4319072365760803,0.4691287577152252,0.4664570689201355,0.4300970435142517,0.4951253831386566,0.39163729548454285,0.3400998115539551,0.4811294376850128,0.37709841132164,0.35437270998954773,0.40140044689178467,0.2794745862483978,0.419967383146286,0.2203780859708786,0.2989892363548279,0.47545960545539856,0.3168090283870697,0.43433159589767456,0.3110065162181854,0.5234442949295044,0.3019430339336395,0.5930312275886536,0.2595592737197876,0.5017377138137817,0.2704155445098877,0.520458459854126,0.2720927298069,0.5977548956871033,0.2703994810581207,0.6581956148147583,V
0.22405290603637695,0.7416605949401855,0.2859267592430115,0.7403408885002136,0.34097179770469666,0.7132617235183716,0.3779022991657257,0.6861540079116821,0.3904051184654236,0.6545813679695129,0.3640969693660736,0.5436885356903076,0.41819727420806885,0.46313661336898804,0.44914835691452026,0.4119196832180023,0.4728710949420929,0.36212077736854553,0.333355575799942,0.49857813119888306,0.3808354139328003,0.36956456303596497,0.41606441140174866,0.29014068841934204,0.441160649061203,0.22991658747196198,0.29901444911956787,0.49005401134490967,0.36217400431632996,0.4892657995223999,0.3778095245361328,0.5877907276153564,0.37668997049331665,0.659981369972229,0.2736928462982178,0.5161237716674805,0.32233932614326477,0.6006776094436646,0.33700093626976013,0.6776118874549866,0.3389049470424652,0.7275123596191406,V
0.20673787593841553,0.7369728684425354,0.2892202138900757,0.733313262462616,0.3421647846698761,0.7102527022361755,0.381750226020813,0.7068206071853638,0.42195358872413635,0.7126752734184265,0.3485316038131714,0.5291945934295654,0.39908280968666077,0.4412307143211365,0.4338950216770172,0.38116341829299927,0.46093952655792236,0.3295173645019531,0.33097586035728455,0.5058531165122986,0.39796140789985657,0.4255582392215729,0.4426460564136505,0.36584722995758057,0.476268470287323,0.3211311399936676,0.31142494082450867,0.5232753157615662,0.39287757873535156,0.565005362033844,0.40731295943260193,0.6499844193458557,0.4085404574871063,0.7158172130584717,0.29688167572021484,0.5749921202659607,0.353294312953949,0.6723752617835999,0.3773750960826874,0.7408469319343567,0.39018815755844116,0.7944697141647339,V
0.20203396677970886,0.7208222150802612,0.2720230221748352,0.697471022605896,0.3327435553073883,0.6740689277648926,0.3800337612628937,0.6881064772605896,0.4192052483558655,0.7147377729415894,0.3335055112838745,0.5222457051277161,0.3887350261211395,0.43961089849472046,0.42400556802749634,0.38867485523223877,0.4521665573120117,0.3430139124393463,0.3321898579597473,0.5185535550117493,0.40461695194244385,0.44224873185157776,0.45436686277389526,0.38403773307800293,0.4923674464225769,0.3401778042316437,0.32500314712524414,0.5534105896949768,0.4119842052459717,0.6000204086303711,0.41997066140174866,0.6797631978988647,0.41590166091918945,0.7340428233146667,0.3193088173866272,0.6151152849197388,0.37094154953956604,0.6983761787414551,0.3830951154232025,0.7560960054397583,0.38694512844085693,0.7970657348632812,V
0.2132391631603241,0.7243941426277161,0.25775420665740967,0.6365895867347717,0.3161936402320862,0.598651111125946,0.3642078936100006,0.611483097076416,0.4026840925216675,0.6496461033821106,0.3260163366794586,0.4880956709384918,0.37513694167137146,0.40627720952033997,0.399218887090683,0.3517029285430908,0.4131394028663635,0.29988160729408264,0.336681067943573,0.5062002539634705,0.41307178139686584,0.43504583835601807,0.45962563157081604,0.3792062997817993,0.49362558126449585,0.3375730514526367,0.3380528688430786,0.5544198751449585,0.4240996539592743,0.5976032614707947,0.4215892255306244,0.6698965430259705,0.4114312529563904,0.7126057744026184,0.3384389281272888,0.6220844388008118,0.3855363428592682,0.695321798324585,0.39105460047721863,0.7517699599266052,0.39131566882133484,0.7865652441978455,V
0.22565588355064392,0.7269845008850098,0.2607896625995636,0.6239097714424133,0.3115631937980652,0.5818508267402649,0.35643845796585083,0.5919358730316162,0.3930269777774811,0.6134417057037354,0.32113075256347656,0.46666115522384644,0.3588605523109436,0.37687867879867554,0.36955705285072327,0.32134562730789185,0.37436914443969727,0.26177486777305603,0.3446965217590332,0.489944726228714,0.41388365626335144,0.4225737750530243,0.4534277319908142,0.3690580129623413,0.4835602045059204,0.32319194078445435,0.3552120327949524,0.5452865362167358,0.4238481819629669,0.5861599445343018,0.40928125381469727,0.6413643956184387,0.39257383346557617,0.6648625135421753,0.36080244183540344,0.6189172863960266,0.38969314098358154,0.682289719581604,0.3785882592201233,0.7160711288452148,0.36805063486099243,0.726670503616333,V
0.2438657134771347,0.7490400075912476,0.26022258400917053,0.6186898946762085,0.29418110847473145,0.5690030455589294,0.33204710483551025,0.5529358386993408,0.364298552274704,0.5618681907653809,0.31193897128105164,0.4845511019229889,0.33594873547554016,0.38081133365631104,0.3410261571407318,0.3081177771091461,0.3419584631919861,0.24563483893871307,0.3418799340724945,0.5088347792625427,0.4058001637458801,0.4128853380680084,0.44036048650741577,0.34915781021118164,0.4639970064163208,0.3052654266357422,0.3612203598022461,0.5629605054855347,0.41623929142951965,0.5639070868492126,0.3975467085838318,0.5919899344444275,0.37964633107185364,0.6036974191665649,0.37267130613327026,0.6354403495788574,0.39444616436958313,0.6635541319847107,0.37815016508102417,0.683933436870575,0.36340662837028503,0.6900675892829895,V
0.25919029116630554,0.7599740028381348,0.2658941447734833,0.6208174228668213,0.29699820280075073,0.563418984413147,0.3364086449146271,0.5390141010284424,0.3708195984363556,0.5414100885391235,0.31016838550567627,0.4876542389392853,0.32333093881607056,0.37868472933769226,0.32344645261764526,0.3026360273361206,0.3225093483924866,0.23819786310195923,0.34114179015159607,0.5119699239730835,0.39720165729522705,0.4068553149700165,0.4280693531036377,0.3415340483188629,0.4489595293998718,0.29697003960609436,0.36566194891929626,0.563484251499176,0.4077707529067993,0.5365573763847351,0.38916346430778503,0.5531224012374878,0.36961156129837036,0.5674034953117371,0.38312894105911255,0.6279731392860413,0.3927611708641052,0.617483913898468,0.3757839798927307,0.6311165690422058,0.36170494556427,0.6471351981163025,V
0.27372777462005615,0.779124915599823,0.2661688029766083,0.6357901096343994,0.29100415110588074,0.5629081130027771,0.32539796829223633,0.526442289352417,0.3560355305671692,0.5212703347206116,0.2997303903102875,0.48016244173049927,0.3072056472301483,0.37144073843955994,0.30116042494773865,0.3014385998249054,0.2945159673690796,0.23947301506996155,0.3333939015865326,0.5023520588874817,0.3840591311454773,0.3928230106830597,0.4115751385688782,0.33421480655670166,0.43093177676200867,0.29154855012893677,0.3626094460487366,0.5532705783843994,0.39549314975738525,0.5235809087753296,0.3797203600406647,0.5431494116783142,0.36056429147720337,0.5601515173912048,0.3845885992050171,0.616962194442749,0.39177069067955017,0.6002200245857239,0.37968382239341736,0.6161519885063171,0.36774352192878723,0.636933445930481,V
0.2852078378200531,0.8097397685050964,0.2636621296405792,0.6712626814842224,0.2813047766685486,0.5890848636627197,0.3049587607383728,0.5339329242706299,0.33091533184051514,0.513034999370575,0.2941770851612091,0.5048220753669739,0.2931114137172699,0.393311470746994,0.2841373682022095,0.32247352600097656,0.2770996391773224,0.26683443784713745,0.32988008856773376,0.5181658864021301,0.3700573146343231,0.39815184473991394,0.3900427520275116,0.3258287012577057,0.403818815946579,0.27832093834877014,0.35942205786705017,0.5591574311256409,0.37625303864479065,0.4964585602283478,0.35887080430984497,0.510280191898346,0.346218079328537,0.5328544974327087,0.3823591470718384,0.6155749559402466,0.37860238552093506,0.5631511807441711,0.36444345116615295,0.5773930549621582,0.35659900307655334,0.602851927280426,V
0.29523739218711853,0.8077608942985535,0.26628074049949646,0.6847752332687378,0.27374976873397827,0.5974674820899963,0.29064318537712097,0.5339205861091614,0.3149101436138153,0.5126067399978638,0.2936519682407379,0.49329012632369995,0.28230705857276917,0.3841210603713989,0.27162685990333557,0.3217729926109314,0.264604777097702,0.2699565589427948,0.3337452709674835,0.5031018853187561,0.35856977105140686,0.3782966732978821,0.37126997113227844,0.3080645799636841,0.3815147280693054,0.26281335949897766,0.3606299161911011,0.5411328673362732,0.36300429701805115,0.4848513603210449,0.34378212690353394,0.5039228200912476,0.3351501226425171,0.5288325548171997,0.38096529245376587,0.589480459690094,0.36950230598449707,0.5446513891220093,0.3558290898799896,0.5591785907745361,0.3491327464580536,0.583003044128418,V
0.29718127846717834,0.8017811179161072,0.27071329951286316,0.6718366146087646,0.2871869206428528,0.5861703157424927,0.30964455008506775,0.5342311859130859,0.33776718378067017,0.5141295790672302,0.294469952583313,0.49314311146736145,0.2912391722202301,0.38906800746917725,0.2835788130760193,0.3272080421447754,0.2760928273200989,0.2753099799156189,0.3319309651851654,0.5068925619125366,0.3681837022304535,0.38795456290245056,0.38545772433280945,0.3226003050804138,0.3989066183567047,0.2790282666683197,0.3611603379249573,0.5469154119491577,0.37238815426826477,0.4713153839111328,0.3530842661857605,0.49515631794929504,0.3425879180431366,0.5239827036857605,0.38446104526519775,0.5919398665428162,0.3736242353916168,0.5334950089454651,0.3557857871055603,0.5507343411445618,0.3496806025505066,0.5789064764976501,V
0.29312625527381897,0.8149027228355408,0.2840675115585327,0.6820604205131531,0.3082054555416107,0.6111979484558105,0.3376305401325226,0.5738487243652344,0.36846354603767395,0.5680726170539856,0.30358368158340454,0.517437219619751,0.3063165545463562,0.40440502762794495,0.302752822637558,0.3303893208503723,0.2981014549732208,0.27279847860336304,0.3403756618499756,0.5411708354949951,0.38447681069374084,0.4170319736003876,0.4117797911167145,0.35262537002563477,0.432270884513855,0.3093970715999603,0.36963847279548645,0.5894554257392883,0.4080146551132202,0.5357150435447693,0.389218807220459,0.5613959431648254,0.3742143511772156,0.5876615047454834,0.39519786834716797,0.642080545425415,0.3972911834716797,0.6190580129623413,0.37822461128234863,0.635459303855896,0.36732184886932373,0.6545472145080566,V
0.2713031768798828,0.822189450263977,0.2768402099609375,0.6858797669410706,0.3010333180427551,0.6212670207023621,0.3396315574645996,0.5924979448318481,0.3742205798625946,0.5860524773597717,0.3002564609050751,0.5387426614761353,0.31949737668037415,0.4166257679462433,0.3244517743587494,0.3401370942592621,0.3258099853992462,0.27507132291793823,0.32735690474510193,0.551551103591919,0.384708046913147,0.43480950593948364,0.41794973611831665,0.3639173209667206,0.4407048225402832,0.31744611263275146,0.35142359137535095,0.595990777015686,0.4246998727321625,0.5685506463050842,0.41822904348373413,0.6169410347938538,0.4038078486919403,0.641822874546051,0.3757878243923187,0.6595457792282104,0.42116478085517883,0.6785777807235718,0.41221609711647034,0.713914692401886,0.3972821831703186,0.725686252117157,V
0.2637048661708832,0.8405640125274658,0.3140937387943268,0.7614678740501404,0.3568874001502991,0.6950857639312744,0.40325620770454407,0.6669524908065796,0.44151896238327026,0.654768705368042,0.31999048590660095,0.5632879734039307,0.3581445813179016,0.4518224895000458,0.3854975998401642,0.39007294178009033,0.4085519015789032,0.3442283272743225,0.31438612937927246,0.5762817859649658,0.3713800311088562,0.46245431900024414,0.417157381772995,0.40460920333862305,0.45460379123687744,0.3726274073123932,0.3172087073326111,0.618181586265564,0.40838751196861267,0.579973578453064,0.42894092202186584,0.640084445476532,0.4335741400718689,0.6913209557533264,0.3295765817165375,0.6758874654769897,0.40103816986083984,0.7037549018859863,0.4252610206604004,0.739428699016571,0.43894267082214355,0.7666124701499939,V
0.2719791829586029,0.9334892630577087,0.3298274576663971,0.8915072679519653,0.37128785252571106,0.8271341919898987,0.4017246663570404,0.7800658345222473,0.4274226725101471,0.73139888048172,0.34146741032600403,0.655774712562561,0.3828059136867523,0.5635222792625427,0.4209148585796356,0.5275200605392456,0.4525661766529083,0.5060477256774902,0.3105926811695099,0.6500642895698547,0.36425161361694336,0.5378583073616028,0.41364264488220215,0.5169951915740967,0.45175701379776,0.511629581451416,0.2855532467365265,0.6796208024024963,0.3629970848560333,0.6685545444488525,0.37990084290504456,0.7599350810050964,0.381045937538147,0.8249167203903198,0.27223527431488037,0.7385749220848083,0.3396693170070648,0.7863826751708984,0.36556437611579895,0.8456174731254578,0.376412034034729,0.88459312915802,V
0.28533637523651123,1.0273921489715576,0.3306625485420227,1.002972960472107,0.3669864237308502,0.9608145356178284,0.3923872411251068,0.9402129054069519,0.40937045216560364,0.9297147393226624,0.34729158878326416,0.7780945897102356,0.40030983090400696,0.728848934173584,0.43946847319602966,0.7934895157814026,0.46023666858673096,0.8635281920433044,0.30249109864234924,0.7832506895065308,0.3602389991283417,0.7555766701698303,0.4022877514362335,0.843708872795105,0.4189421236515045,0.9215142726898193,0.2599622905254364,0.826792299747467,0.30485913157463074,0.8333442211151123,0.33413276076316833,0.9095072150230408,0.3420262038707733,0.9641609191894531,0.22383853793144226,0.8939493894577026,0.2511121332645416,0.9189354181289673,0.27171728014945984,0.9548938870429993,0.2766982913017273,0.979464590549469,V
0.8340221047401428,1.086761474609375,0.7822166681289673,1.0776114463806152,0.7409587502479553,1.036767601966858,0.726517915725708,0.9961076974868774,0.7353466153144836,0.9548611044883728,0.7341215014457703,0.9017663598060608,0.6992737650871277,0.8139188885688782,0.677676796913147,0.7645773887634277,0.6584258675575256,0.7235193252563477,0.7707818150520325,0.8744159936904907,0.7618938684463501,0.7898606061935425,0.746774435043335,0.7669225931167603,0.7283400893211365,0.7575184106826782,0.8064786791801453,0.8773632049560547,0.7906239032745361,0.8799082040786743,0.7833831310272217,0.9374777674674988,0.7788183689117432,0.9837111830711365,0.836707592010498,0.9075222015380859,0.8189878463745117,0.9444817900657654,0.8075495362281799,0.9945252537727356,0.8026262521743774,1.0337071418762207,V
0.7521166801452637,1.0176787376403809,0.6929969191551208,0.9479370713233948,0.6610594391822815,0.8615517020225525,0.6533645391464233,0.7756360173225403,0.6673111915588379,0.7144843339920044,0.6732423901557922,0.7887866497039795,0.6637186408042908,0.7112705111503601,0.652145266532898,0.6928045153617859,0.6447416543960571,0.6858396530151367,0.6949707865715027,0.778235673904419,0.6886976957321167,0.6859386563301086,0.6741384267807007,0.6796706318855286,0.6647023558616638,0.6952916979789734,0.7187801599502563,0.7788814306259155,0.7164548635482788,0.6851479411125183,0.7010977864265442,0.677594780921936,0.6910439729690552,0.6967745423316956,0.7448958158493042,0.7950229644775391,0.7388626337051392,0.7175589799880981,0.7262662649154663,0.7067062854766846,0.715624213218689,0.7223494052886963,V
0.7142860889434814,0.9295271635055542,0.6537371873855591,0.8652089238166809,0.6190237998962402,0.7804669737815857,0.606174647808075,0.6927790641784668,0.625317394733429,0.6370470523834229,0.6316378712654114,0.6976269483566284,0.6148877143859863,0.6207548379898071,0.6043704152107239,0.5785968899726868,0.5960657596588135,0.5395216941833496,0.6543205380439758,0.6814607977867126,0.6479546427726746,0.5898496508598328,0.6337959170341492,0.5476434230804443,0.6239306926727295,0.5203011631965637,0.6777196526527405,0.6847952604293823,0.6700939536094666,0.5884864330291748,0.6506664752960205,0.6057353615760803,0.6421980261802673,0.6428989171981812,0.7022340893745422,0.7034822702407837,0.6926795244216919,0.636171281337738,0.6785595417022705,0.6372995972633362,0.6713693737983704,0.660259485244751,V
0.6885271668434143,0.8642557263374329,0.6383143663406372,0.8224354386329651,0.6032545566558838,0.7442908883094788,0.5942409634590149,0.6652793884277344,0.611642062664032,0.607258677482605,0.6093217134475708,0.6425440907478333,0.5748313069343567,0.5578023195266724,0.5533343553543091,0.5071776509284973,0.5374583601951599,0.4610675573348999,0.6360430717468262,0.6247590184211731,0.6276220083236694,0.5186740756034851,0.6171433329582214,0.4724879264831543,0.6102028489112854,0.43677055835723877,0.6621396541595459,0.629943311214447,0.6494624614715576,0.523712158203125,0.6305961608886719,0.5740259289741516,0.6251696944236755,0.631575882434845,0.6864224076271057,0.6510141491889954,0.6700718402862549,0.5829650163650513,0.6547284722328186,0.6083181500434875,0.6512234210968018,0.6473182439804077,V
0.6804183721542358,0.8424564599990845,0.6363481283187866,0.8239679336547852,0.6006481051445007,0.7533024549484253,0.5910967588424683,0.6781954169273376,0.6090714335441589,0.6217545866966248,0.5972548723220825,0.6240148544311523,0.561674952507019,0.5459243059158325,0.5402882695198059,0.4974968135356903,0.5253700613975525,0.45594319701194763,0.6265048384666443,0.6054157614707947,0.6111285090446472,0.4862903356552124,0.5960035920143127,0.4184436500072479,0.5897923707962036,0.36230891942977905,0.6554193496704102,0.6170750260353088,0.6437695026397705,0.5186420679092407,0.6265518665313721,0.5864341259002686,0.6215426921844482,0.6473174691200256,0.6831117272377014,0.6450519561767578,0.6640070676803589,0.5861477255821228,0.6506346464157104,0.6158691048622131,0.6476244330406189,0.6521648168563843,V
0.6836618185043335,0.8426580429077148,0.638210117816925,0.8266721367835999,0.5997806787490845,0.75709468126297,0.588161051273346,0.6767418384552002,0.6093107461929321,0.6198393106460571,0.5943806171417236,0.6224638223648071,0.5569537281990051,0.5453730821609497,0.5338276028633118,0.49712711572647095,0.5162767767906189,0.45591264963150024,0.6236729621887207,0.6018221974372864,0.6062492728233337,0.48552268743515015,0.5913205146789551,0.41885316371917725,0.5848595499992371,0.3666950464248657,0.6525264978408813,0.6127476692199707,0.64101642370224,0.5111036896705627,0.6283522844314575,0.5832931399345398,0.626035213470459,0.6483903527259827,0.6815139055252075,0.6404145956039429,0.661540150642395,0.5801622867584229,0.6493291258811951,0.6174379587173462,0.6462564468383789,0.6615049242973328,V
0.6836144924163818,0.8308061361312866,0.6359714865684509,0.8079489469528198,0.595065176486969,0.7393937110900879,0.574360728263855,0.6656519174575806,0.5909394025802612,0.6052804589271545,0.5973175764083862,0.6154576539993286,0.5606521368026733,0.5329754948616028,0.5392963886260986,0.48346343636512756,0.5253706574440002,0.4389222264289856,0.6234467029571533,0.5956165790557861,0.604400098323822,0.4719809889793396,0.5878703594207764,0.4034714996814728,0.5813955664634705,0.34826958179473877,0.6506299376487732,0.6057484745979309,0.6308290958404541,0.505901575088501,0.6085082292556763,0.5726813673973083,0.600128173828125,0.6345523595809937,0.6770555377006531,0.6319954991340637,0.6537861227989197,0.5705249309539795,0.6384782791137695,0.6001166105270386,0.6336535811424255,0.6387225389480591,V
0.6983155608177185,0.798826277256012,0.6320444941520691,0.7628145813941956,0.594027042388916,0.704803466796875,0.5622764229774475,0.670435905456543,0.5406748652458191,0.6279736757278442,0.625002920627594,0.550189733505249,0.5891915559768677,0.47872570157051086,0.5709121823310852,0.4290825128555298,0.5582226514816284,0.38295218348503113,0.6444587111473083,0.5437991619110107,0.6050558686256409,0.43887051939964294,0.5807541012763977,0.3664809465408325,0.5667468309402466,0.30937138199806213,0.6579108238220215,0.5664490461349487,0.5855226516723633,0.5307535529136658,0.5571607947349548,0.5981885194778442,0.5483176708221436,0.6489181518554688,0.6618981957435608,0.6112420558929443,0.5987141728401184,0.5962154269218445,0.5794427990913391,0.6416202783584595,0.5744739770889282,0.6834943294525146,V
0.701366662979126,0.7758187651634216,0.6675553917884827,0.6843359470367432,0.6434352397918701,0.6128960251808167,0.6099963784217834,0.5726789832115173,0.5807888507843018,0.5593969821929932,0.6488754153251648,0.5245049595832825,0.608912467956543,0.4301914572715759,0.5907076001167297,0.3675275444984436,0.5773731470108032,0.3173099458217621,0.6511555910110474,0.5367170572280884,0.5983911752700806,0.42950767278671265,0.5643154978752136,0.3577445149421692,0.5451121926307678,0.3116788864135742,0.6405435800552368,0.5767767429351807,0.5536859631538391,0.5337130427360535,0.5320627689361572,0.5787595510482788,0.5324813723564148,0.6051053404808044,0.6245885491371155,0.6285673379898071,0.552901566028595,0.6120918393135071,0.5477145910263062,0.638947606086731,0.5564061999320984,0.6500616669654846,V
0.6862122416496277,0.7841068506240845,0.676753580570221,0.6704150438308716,0.6550178527832031,0.5869245529174805,0.6221039295196533,0.5519993305206299,0.5942011475563049,0.5513544678688049,0.649541974067688,0.5308183431625366,0.6172598004341125,0.43138110637664795,0.6072996854782104,0.3662818968296051,0.6004001498222351,0.31510302424430847,0.630321741104126,0.5569247007369995,0.577198326587677,0.44315266609191895,0.5499619841575623,0.36808547377586365,0.5315887331962585,0.3140445053577423,0.6074304580688477,0.6027390360832214,0.5365502238273621,0.5505847334861755,0.5427771806716919,0.5877312421798706,0.5587679743766785,0.6088064908981323,0.5885698199272156,0.6542709469795227,0.5353614091873169,0.6209364533424377,0.5452855825424194,0.6428394317626953,0.5626500844955444,0.6524597406387329,V
0.6739386916160583,0.8038736581802368,0.66715008020401,0.6794739365577698,0.6464844346046448,0.6081662774085999,0.6158554553985596,0.576209545135498,0.5901451706886292,0.5699009299278259,0.6393190026283264,0.5480038523674011,0.6186498403549194,0.4330607056617737,0.6139947175979614,0.35410019755363464,0.6142918467521667,0.2982296049594879,0.6156908273696899,0.5789307951927185,0.5586981773376465,0.4599446654319763,0.5285748839378357,0.3832560181617737,0.5086743235588074,0.33392444252967834,0.5884019136428833,0.6263140439987183,0.5279082655906677,0.569233238697052,0.5387132167816162,0.5875012278556824,0.5549296736717224,0.6020551323890686,0.5688789486885071,0.6789247989654541,0.5314610004425049,0.6369288563728333,0.5455039143562317,0.652570903301239,0.5635502338409424,0.6665716767311096,V
0.6696467995643616,0.8095889091491699,0.6669200658798218,0.6854851245880127,0.646493673324585,0.6078298091888428,0.6173098087310791,0.5768002271652222,0.5931330323219299,0.5652245879173279,0.6364421844482422,0.5559659004211426,0.6218980550765991,0.4340786635875702,0.619632363319397,0.3546163737773895,0.6208151578903198,0.2983076870441437,0.6088500618934631,0.5896471738815308,0.5525687336921692,0.4658516049385071,0.5239986777305603,0.38954073190689087,0.5024906992912292,0.3403034508228302,0.5804088115692139,0.6357004046440125,0.5279160141944885,0.563728928565979,0.5435528755187988,0.5782287120819092,0.5594325065612793,0.5980530977249146,0.5612189173698425,0.6843342781066895,0.5339963436126709,0.6300498843193054,0.5499782562255859,0.6415835618972778,0.5671562552452087,0.6592037081718445,V
0.6670016646385193,0.8138857483863831,0.666780948638916,0.6854081153869629,0.6479901075363159,0.6091725826263428,0.6209065914154053,0.5718739628791809,0.5982969999313354,0.5516917705535889,0.6369872093200684,0.555318295955658,0.6262909770011902,0.4332328140735626,0.6258623003959656,0.35015615820884705,0.6278430223464966,0.2927704453468323,0.6083285212516785,0.5879619121551514,0.5527049899101257,0.4624687433242798,0.5259787440299988,0.3837997317314148,0.5055131912231445,0.3337301015853882,0.5788928866386414,0.6310786008834839,0.528673529624939,0.5552180409431458,0.5440426468849182,0.5655877590179443,0.5586382746696472,0.583877444267273,0.5597664713859558,0.6769160032272339,0.5367681980133057,0.6188430786132812,0.553555965423584,0.6266940832138062,0.5705056190490723,0.6427350044250488,V
0.6670887470245361,0.8168225884437561,0.6680270433425903,0.6914792060852051,0.6498680114746094,0.6117070913314819,0.6230676174163818,0.5709906220436096,0.6004520654678345,0.5493189096450806,0.638780951499939,0.5563881397247314,0.6278266310691833,0.43274903297424316,0.6274971961975098,0.34842798113822937,0.6298960447311401,0.29017773270606995,0.6112795472145081,0.5887552499771118,0.5536510944366455,0.462450236082077,0.5246524214744568,0.3846302330493927,0.5025524497032166,0.3355245292186737,0.58168625831604,0.6312548518180847,0.5302956700325012,0.5508788824081421,0.5463249683380127,0.5629621744155884,0.5616233348846436,0.5803613066673279,0.5615862011909485,0.6762439012527466,0.5369144082069397,0.6174318790435791,0.5527833700180054,0.6279851198196411,0.5687397122383118,0.6455473899841309,V
0.6643552780151367,0.8136127591133118,0.6642618775367737,0.6891980767250061,0.6460074782371521,0.6082366704940796,0.6173733472824097,0.5740141868591309,0.5930503606796265,0.5578241348266602,0.6377696990966797,0.5535598993301392,0.6257295608520508,0.43281012773513794,0.6263154149055481,0.35058245062828064,0.630042314529419,0.29142653942108154,0.6107959747314453,0.5873845815658569,0.5527157187461853,0.46230068802833557,0.5231196284294128,0.3882870376110077,0.5011596083641052,0.34004318714141846,0.5821595788002014,0.6305908560752869,0.5291988849639893,0.5539494156837463,0.544890284538269,0.5739309191703796,0.5610587000846863,0.5939012765884399,0.561587393283844,0.6757410764694214,0.5332664847373962,0.6174477338790894,0.5492264032363892,0.6357941627502441,0.5663825869560242,0.6557218432426453,V
0.6746498942375183,0.8152642250061035,0.6633613109588623,0.6956846714019775,0.6450707316398621,0.6118633151054382,0.6178919672966003,0.5545912981033325,0.5972210764884949,0.5176438689231873,0.6345072388648987,0.5533174276351929,0.6159700751304626,0.43758314847946167,0.611611008644104,0.35958927869796753,0.6127527952194214,0.3041723966598511,0.6177234649658203,0.5794907808303833,0.5523134469985962,0.470866322517395,0.5171418190002441,0.39803144335746765,0.49696117639541626,0.3482564091682434,0.594582200050354,0.6241846084594727,0.5235176682472229,0.5833345651626587,0.5291881561279297,0.6114389896392822,0.5456312298774719,0.6261923909187317,0.5743137001991272,0.6749062538146973,0.5232788324356079,0.6482508778572083,0.5325178503990173,0.6724263429641724,0.5499761700630188,0.6854497194290161,V
0.68984454870224,0.7823402881622314,0.6257115602493286,0.7372862696647644,0.5932134985923767,0.6839785575866699,0.5628662109375,0.6536874175071716,0.5390338897705078,0.6426050662994385,0.6140933632850647,0.5451723337173462,0.5727500319480896,0.45881426334381104,0.555633544921875,0.3989950120449066,0.5427300930023193,0.3482278883457184,0.6221662163734436,0.5515449047088623,0.5563751459121704,0.4640885591506958,0.5219540596008301,0.39701786637306213,0.5014346241950989,0.3477822542190552,0.6211061477661133,0.5897647738456726,0.5325983166694641,0.5882949829101562,0.5129840970039368,0.644156813621521,0.5125748515129089,0.6771913170814514,0.6133332252502441,0.6447959542274475,0.5433937311172485,0.6588479280471802,0.5310624837875366,0.6891332268714905,0.5314881801605225,0.7016796469688416,V
0.7036840915679932,0.73846036195755,0.6334652900695801,0.7263930439949036,0.5964121222496033,0.6975659728050232,0.5636416673660278,0.6809554100036621,0.5326589345932007,0.669484555721283,0.6044533848762512,0.5387971997261047,0.5544221997261047,0.473211407661438,0.5275822877883911,0.42277923226356506,0.5089371800422668,0.3759743571281433,0.6201362013816833,0.5317991375923157,0.5526455044746399,0.467840313911438,0.5204775929450989,0.41637107729911804,0.5001382827758789,0.37256139516830444,0.6315972208976746,0.5576672554016113,0.5494707226753235,0.5978528261184692,0.5342394709587097,0.6620416045188904,0.5333840847015381,0.7011090517044067,0.6363848447799683,0.6054422855377197,0.5733186602592468,0.6548757553100586,0.5626282691955566,0.6946925520896912,0.5625504851341248,0.7139050364494324,V
0.7061864137649536,0.6945750713348389,0.6447127461433411,0.690919041633606,0.6054052710533142,0.6724548935890198,0.5727182030677795,0.670380711555481,0.5426641702651978,0.6675090789794922,0.5992894768714905,0.5168646574020386,0.553661584854126,0.44773760437965393,0.5285778641700745,0.3991950452327728,0.510438084602356,0.3521900475025177,0.6200504302978516,0.5077939033508301,0.5585615038871765,0.46100884675979614,0.5239245295524597,0.4160400331020355,0.4985698461532593,0.3775714337825775,0.638752818107605,0.5266993641853333,0.571421205997467,0.5865110158920288,0.5562686324119568,0.6488584876060486,0.5520442128181458,0.6897561550140381,0.65093594789505,0.5679963231086731,0.5996222496032715,0.6315765380859375,0.5866344571113586,0.6719827651977539,0.5812419652938843,0.6948011517524719,V
0.7006040215492249,0.6705759167671204,0.6413697004318237,0.6753056049346924,0.5994272232055664,0.6600594520568848,0.570438027381897,0.659974217414856,0.5482384562492371,0.6495789885520935,0.5845884084701538,0.5010378360748291,0.5390932559967041,0.4431437849998474,0.5121209621429443,0.39824777841567993,0.49396589398384094,0.35599085688591003,0.6099266409873962,0.4870898723602295,0.5602943897247314,0.4296025037765503,0.5334344506263733,0.37274497747421265,0.5167481899261475,0.32672354578971863,0.6347012519836426,0.5023020505905151,0.5741064548492432,0.5504573583602905,0.5643582344055176,0.6220752000808716,0.5654966831207275,0.6676899194717407,0.6536568403244019,0.5425328016281128,0.603132426738739,0.5975397229194641,0.5926981568336487,0.6436908841133118,0.5906792879104614,0.6727697849273682,V
0.7048122882843018,0.6578384637832642,0.6437057256698608,0.6724379062652588,0.6020937561988831,0.660013735294342,0.5729723572731018,0.6588529348373413,0.5508769750595093,0.649900496006012,0.586184024810791,0.5016632080078125,0.5398298501968384,0.44321176409721375,0.5121238827705383,0.39932602643966675,0.49239784479141235,0.3562893569469452,0.6101301908493042,0.489242285490036,0.5569095611572266,0.43946146965026855,0.5285730361938477,0.39169183373451233,0.5097290277481079,0.34761619567871094,0.6339704990386963,0.5031881928443909,0.575260579586029,0.5524709224700928,0.5686358213424683,0.6221511960029602,0.5738906264305115,0.6637697815895081,0.6526352167129517,0.5427451729774475,0.6053579449653625,0.5958699584007263,0.5987488031387329,0.6443788409233093,0.6019150018692017,0.671883761882782,V
0.6942349672317505,0.6506744027137756,0.6381016373634338,0.6663711071014404,0.5938485264778137,0.664263904094696,0.5617746114730835,0.6548565030097961,0.5621470808982849,0.6229990124702454,0.5667509436607361,0.5118440985679626,0.516164243221283,0.4703591763973236,0.4853445589542389,0.4392491281032562,0.46336421370506287,0.4075329601764679,0.5919662117958069,0.47970151901245117,0.5512901544570923,0.4070425033569336,0.529521107673645,0.34423643350601196,0.5180094838142395,0.28880375623703003,0.6209778189659119,0.47829774022102356,0.5808723568916321,0.4942511022090912,0.5739770531654358,0.5747247934341431,0.5779522657394409,0.6309183835983276,0.6453955173492432,0.5031226873397827,0.609711229801178,0.5420300364494324,0.6010375618934631,0.5984985828399658,0.6017123460769653,0.6397841572761536,V
0.6742228865623474,0.6278087496757507,0.6343676447868347,0.6500545144081116,0.5905381441116333,0.6497381925582886,0.5698856711387634,0.6140469908714294,0.5730323195457458,0.5554819703102112,0.5424913763999939,0.5257946252822876,0.48715829849243164,0.5035412907600403,0.4537448287010193,0.48579955101013184,0.4276655912399292,0.4620150327682495,0.5632951259613037,0.48330453038215637,0.5236333608627319,0.395829439163208,0.49945560097694397,0.3374669849872589,0.4822709560394287,0.2839023470878601,0.593849241733551,0.46769535541534424,0.567072331905365,0.442641019821167,0.5805302262306213,0.513998806476593,0.5972013473510742,0.561318576335907,0.6275634765625,0.4708271622657776,0.6010686755180359,0.45413413643836975,0.6046320199966431,0.5068110227584839,0.6148223876953125,0.5480163097381592,V
0.6709081530570984,0.6110828518867493,0.6340129971504211,0.6441576480865479,0.5929455757141113,0.6419019103050232,0.5776395797729492,0.576298713684082,0.5738990306854248,0.5070609450340271,0.5288410782814026,0.5674906969070435,0.4711665213108063,0.5670414566993713,0.43307602405548096,0.5686123371124268,0.4027080833911896,0.5677922964096069,0.5417601466178894,0.5044984817504883,0.49200981855392456,0.43136394023895264,0.4613557755947113,0.38264188170433044,0.43606626987457275,0.33899593353271484,0.5692459344863892,0.47315704822540283,0.5489861369132996,0.42718252539634705,0.5760467052459717,0.4816920757293701,0.5978020429611206,0.521235466003418,0.6035985350608826,0.45995810627937317,0.5888065695762634,0.44375598430633545,0.5945248007774353,0.48464035987854004,0.6011437773704529,0.5176470875740051,V
0.6710248589515686,0.5938259363174438,0.6427618265151978,0.6341009736061096,0.6047515869140625,0.6347144246101379,0.5807063579559326,0.5649175047874451,0.5631084442138672,0.49476292729377747,0.5244233012199402,0.6235772967338562,0.46763378381729126,0.6566372513771057,0.4289802610874176,0.6781980991363525,0.3972393572330475,0.6941115260124207,0.524543821811676,0.553856372833252,0.4672200083732605,0.5060027241706848,0.4287164509296417,0.46980735659599304,0.3941304683685303,0.4409741163253784,0.5431330800056458,0.5085998773574829,0.5227221250534058,0.4519493579864502,0.5642250180244446,0.47147923707962036,0.595337450504303,0.49187812209129333,0.568876326084137,0.4782868027687073,0.5546344518661499,0.4485437572002411,0.5712860226631165,0.4669140577316284,0.5852129459381104,0.4877414405345917,V
0.6748676896095276,0.6031086444854736,0.6488349437713623,0.6410459876060486,0.6109421849250793,0.6423389911651611,0.5797094702720642,0.5750204920768738,0.5546529293060303,0.5128983855247498,0.5276767611503601,0.6666479110717773,0.4755939543247223,0.7104193568229675,0.43740397691726685,0.7410551905632019,0.4053557515144348,0.7644569873809814,0.5210116505622864,0.5957043170928955,0.45985397696495056,0.5635071396827698,0.4169982671737671,0.5386864542961121,0.3784997761249542,0.5200342535972595,0.5357475280761719,0.5430028438568115,0.5054827332496643,0.49141326546669006,0.5443562269210815,0.48998287320137024,0.5745070576667786,0.4957725703716278,0.5614818334579468,0.5036201477050781,0.5397880673408508,0.4716416895389557,0.5605933666229248,0.4789235591888428,0.5801776647567749,0.4919372498989105,V
0.6744215488433838,0.6000490188598633,0.6490280628204346,0.631640613079071,0.6124299764633179,0.6365919709205627,0.5805239081382751,0.5730546116828918,0.5545593500137329,0.5123111009597778,0.5305213928222656,0.6627212762832642,0.4766322076320648,0.7092624306678772,0.4407419264316559,0.7427018284797668,0.4090697765350342,0.7712388634681702,0.520645022392273,0.5961079001426697,0.45606234669685364,0.5712155103683472,0.4141727387905121,0.5500330924987793,0.3760513961315155,0.5348882675170898,0.5325703620910645,0.5452290177345276,0.5025078654289246,0.5022165179252625,0.5433551669120789,0.5039405226707458,0.5750151872634888,0.5133216381072998,0.5556140542030334,0.5026325583457947,0.5274582505226135,0.47183337807655334,0.5494673252105713,0.4786984324455261,0.5723797082901001,0.4931999146938324,V
0.6751126050949097,0.5992821455001831,0.6478985548019409,0.630183219909668,0.6095185875892639,0.6326660513877869,0.5776124596595764,0.5670471787452698,0.5526047945022583,0.5050877332687378,0.5279756188392639,0.660132646560669,0.4746228754520416,0.7039445638656616,0.43792620301246643,0.7346081733703613,0.40570709109306335,0.7599896192550659,0.519441545009613,0.5913248658180237,0.4545459449291229,0.5610747337341309,0.41112661361694336,0.538723349571228,0.3714594841003418,0.5229164958000183,0.5328689217567444,0.5398994088172913,0.501409649848938,0.4909720718860626,0.54183030128479,0.49445411562919617,0.5729831457138062,0.5054775476455688,0.5577320456504822,0.49773576855659485,0.5296624302864075,0.4629339277744293,0.5516212582588196,0.4691653549671173,0.573900043964386,0.48395320773124695,V
0.6757940649986267,0.6124688386917114,0.6498491764068604,0.6427387595176697,0.6139122247695923,0.6483420133590698,0.5829126834869385,0.5874170064926147,0.5571635961532593,0.5269461274147034,0.5280364751815796,0.6712048053741455,0.4762653708457947,0.720122754573822,0.44094622135162354,0.7542001605033875,0.41036275029182434,0.7814456820487976,0.5181568264961243,0.6050556302070618,0.45216238498687744,0.5777683258056641,0.4094383120536804,0.5551254153251648,0.37114784121513367,0.5391755700111389,0.5303205847740173,0.5522811412811279,0.5005328059196472,0.4978604316711426,0.5412256717681885,0.5001184344291687,0.5723075866699219,0.5124177932739258,0.5545810461044312,0.5071225762367249,0.5290714502334595,0.47299817204475403,0.5530383586883545,0.4825882315635681,0.5766344666481018,0.49893906712532043,V
0.6790476441383362,0.6246288418769836,0.6541866064071655,0.6593522429466248,0.6172223687171936,0.6688972115516663,0.5877208709716797,0.6098951101303101,0.562743604183197,0.5485919117927551,0.5294673442840576,0.6920818090438843,0.47705405950546265,0.7421281337738037,0.44237831234931946,0.7771080732345581,0.4136582314968109,0.8027777075767517,0.5203789472579956,0.6254662871360779,0.45360565185546875,0.5979481339454651,0.40919041633605957,0.5750993490219116,0.3702264428138733,0.5562857985496521,0.5325385928153992,0.5701327323913574,0.5002889633178711,0.5198155045509338,0.5438703298568726,0.5250483155250549,0.5770969390869141,0.5373988747596741,0.5565976500511169,0.5193310379981995,0.5278679132461548,0.4920976161956787,0.5544790029525757,0.5019726157188416,0.5804243683815002,0.5149405598640442,V
0.6767653822898865,0.6277180910110474,0.648228645324707,0.6645050048828125,0.6085065603256226,0.6726478934288025,0.5809525847434998,0.6061692237854004,0.5608871579170227,0.5408861041069031,0.5255807638168335,0.6799120306968689,0.4683350622653961,0.7205812335014343,0.4303864538669586,0.7482504844665527,0.39691221714019775,0.7682958841323853,0.5201907753944397,0.6106597781181335,0.45353469252586365,0.5764966607093811,0.4103712737560272,0.5491147041320801,0.3712542653083801,0.5241773724555969,0.5351995825767517,0.5577890276908875,0.5091436505317688,0.5127213597297668,0.5518670678138733,0.527509331703186,0.5838583707809448,0.5430654883384705,0.5607170462608337,0.510883092880249,0.5323609113693237,0.48007118701934814,0.5582576990127563,0.4935004711151123,0.5847302079200745,0.5097712278366089,V
0.6596896052360535,0.6449679136276245,0.6285041570663452,0.6841833591461182,0.5868761539459229,0.6814512610435486,0.5696026682853699,0.6059377193450928,0.5594420433044434,0.5345247983932495,0.5055267214775085,0.6316636204719543,0.4449346661567688,0.6443895697593689,0.40399178862571716,0.6511127352714539,0.36784350872039795,0.6526985168457031,0.5136034488677979,0.5621598362922668,0.4590591788291931,0.49351486563682556,0.4251760244369507,0.44825640320777893,0.3945271372795105,0.4118269681930542,0.537142813205719,0.5201259851455688,0.5197545289993286,0.46393489837646484,0.5548126101493835,0.49235084652900696,0.5803185701370239,0.516078770160675,0.567264974117279,0.49290886521339417,0.547980546951294,0.46571218967437744,0.5708142518997192,0.49749955534935,0.592658519744873,0.529063880443573,V
0.6476782560348511,0.711447536945343,0.6102993488311768,0.7296798229217529,0.5675680041313171,0.697673499584198,0.5679879784584045,0.6152812838554382,0.579283595085144,0.5452651977539062,0.5093527436256409,0.5816047191619873,0.4538561701774597,0.5417338609695435,0.41981083154678345,0.5086233615875244,0.38876470923423767,0.4805597960948944,0.5317919254302979,0.5275355577468872,0.5040929913520813,0.4223496913909912,0.49626675248146057,0.3474261462688446,0.4862096905708313,0.28865090012550354,0.560293972492218,0.5046696066856384,0.5352673530578613,0.4363951086997986,0.5137249827384949,0.4045097827911377,0.49395206570625305,0.37040919065475464,0.5921342968940735,0.5031717419624329,0.5746209025382996,0.47966641187667847,0.5834119319915771,0.5230348706245422,0.5936762094497681,0.5588399171829224,V
0.6364297866821289,0.775050938129425,0.5932546257972717,0.7690925598144531,0.5577961206436157,0.7106258869171143,0.5663032531738281,0.6357359290122986,0.5844283103942871,0.5756566524505615,0.5317065119743347,0.5702140927314758,0.490422785282135,0.4963098466396332,0.46589452028274536,0.447934627532959,0.4461197257041931,0.4014049470424652,0.5636242628097534,0.53886878490448,0.5565019249916077,0.4228956997394562,0.5517537593841553,0.35017678141593933,0.5480548143386841,0.2836401164531708,0.5958499908447266,0.5413333177566528,0.5893883109092712,0.48070964217185974,0.591133713722229,0.5468758940696716,0.5954033732414246,0.5941632986068726,0.6266437768936157,0.5634949207305908,0.6138620972633362,0.5124778151512146,0.6101809144020081,0.5612625479698181,0.6106774806976318,0.6085038185119629,V
0.6335399746894836,0.7995930910110474,0.5895441174507141,0.7770670056343079,0.5601122975349426,0.7068732976913452,0.5681012272834778,0.6357249617576599,0.590842604637146,0.5844234228134155,0.5583311915397644,0.5556720495223999,0.5276080369949341,0.4714208245277405,0.5098683834075928,0.41635212302207947,0.49740487337112427,0.36597660183906555,0.5943363904953003,0.5429827570915222,0.5987864136695862,0.42442747950553894,0.6009242534637451,0.3501204252243042,0.606797993183136,0.284652441740036,0.6256383657455444,0.5643165707588196,0.6276585459709167,0.4935029149055481,0.611666738986969,0.5561736822128296,0.6049287915229797,0.6077128052711487,0.6509315371513367,0.6052584052085876,0.6461412310600281,0.556735634803772,0.6328896284103394,0.588843584060669,0.6262331604957581,0.6235983967781067,V
0.6403246521949768,0.8048861026763916,0.5950424075126648,0.7686007618904114,0.5691855549812317,0.6838241219520569,0.5749611258506775,0.6075789928436279,0.6035189032554626,0.5624644756317139,0.5880948901176453,0.5495802760124207,0.5673035979270935,0.44765225052833557,0.5567165613174438,0.3868989646434784,0.550443708896637,0.3350367844104767,0.6252686977386475,0.5458317995071411,0.6416914463043213,0.41776978969573975,0.6505252718925476,0.3451448976993561,0.6631518006324768,0.2850528061389923,0.6528750658035278,0.5737907886505127,0.6543940305709839,0.4892251491546631,0.6291256546974182,0.5447590351104736,0.6174253821372986,0.5944340229034424,0.6723023056983948,0.619951069355011,0.6662485599517822,0.5585995316505432,0.6492881178855896,0.5829401016235352,0.6419051885604858,0.6186341643333435,V
0.6531292796134949,0.8109039664268494,0.6098395586013794,0.7578731775283813,0.5902130007743835,0.6680614352226257,0.5989486575126648,0.5900967717170715,0.6297294497489929,0.5499132871627808,0.6221057772636414,0.5483407378196716,0.6100289225578308,0.4389149844646454,0.6058251261711121,0.37336865067481995,0.6068332195281982,0.31735819578170776,0.6579501032829285,0.5545900464057922,0.686044454574585,0.4256802201271057,0.7019724249839783,0.351541668176651,0.721279501914978,0.29365602135658264,0.6829894185066223,0.5888543725013733,0.6948006749153137,0.49601832032203674,0.6588642001152039,0.5382516384124756,0.6369445323944092,0.5850908756256104,0.6978173851966858,0.639780580997467,0.7001713514328003,0.5693057775497437,0.6789057850837708,0.5851435661315918,0.6648809313774109,0.619676947593689,V
0.6613260507583618,0.7927827835083008,0.6234729886054993,0.7324380278587341,0.6145603060722351,0.6355342864990234,0.6325511336326599,0.5638076066970825,0.6636809706687927,0.5292233228683472,0.6547598838806152,0.5177904963493347,0.653803288936615,0.4053899049758911,0.654809296131134,0.3402583599090576,0.6591936349868774,0.28605154156684875,0.6899193525314331,0.5339683890342712,0.7248587608337402,0.4168981611728668,0.745229959487915,0.3466392457485199,0.7676067352294922,0.29178354144096375,0.7123110890388489,0.5750417709350586,0.7298910021781921,0.48765137791633606,0.6914753317832947,0.5244783759117126,0.6678317189216614,0.5658507943153381,0.7236560583114624,0.6283747553825378,0.7283856272697449,0.5628971457481384,0.7049058079719543,0.5685092806816101,0.6885396242141724,0.5892300009727478,V
0.6646507382392883,0.7588310241699219,0.6294776201248169,0.6926326155662537,0.6283130049705505,0.5965389609336853,0.6483057141304016,0.5331621766090393,0.6770013570785522,0.5005754232406616,0.6775035262107849,0.4749392867088318,0.6815036535263062,0.3743012547492981,0.6860589981079102,0.3145853877067566,0.6940621137619019,0.2661449611186981,0.7101237773895264,0.49917101860046387,0.7549433708190918,0.3940173387527466,0.77922523021698,0.3341773450374603,0.8045380115509033,0.29082563519477844,0.729623556137085,0.5488153100013733,0.7575620412826538,0.4689405858516693,0.7147203683853149,0.49970903992652893,0.6865339875221252,0.5370137691497803,0.7387935519218445,0.6109801530838013,0.7463372945785522,0.5496567487716675,0.7215859293937683,0.558142900466919,0.7045767307281494,0.5815333724021912,V
0.6704365015029907,0.7345404028892517,0.6382371187210083,0.6657610535621643,0.6379038691520691,0.5694224238395691,0.6592134833335876,0.5040954947471619,0.6923545002937317,0.47448936104774475,0.6914275884628296,0.4621415138244629,0.6989142298698425,0.3588212728500366,0.7065423727035522,0.29898130893707275,0.7179234027862549,0.25167593359947205,0.7230292558670044,0.4860856235027313,0.774806797504425,0.3824133276939392,0.8022974133491516,0.32523709535598755,0.8299570679664612,0.2827227711677551,0.741468071937561,0.5342612266540527,0.774203360080719,0.4491555690765381,0.731465756893158,0.4719316363334656,0.7017664909362793,0.5055965185165405,0.749984622001648,0.5955731868743896,0.7614756226539612,0.5279474258422852,0.7345263957977295,0.533859133720398,0.7125498652458191,0.5586349368095398,V
0.6718278527259827,0.7198036909103394,0.6405931711196899,0.6510658264160156,0.6419171094894409,0.5583820939064026,0.6612774133682251,0.49226072430610657,0.6927976608276367,0.4627372622489929,0.696805477142334,0.453182190656662,0.7060430645942688,0.34965649247169495,0.7123783826828003,0.29127827286720276,0.7230144143104553,0.24460941553115845,0.7278562188148499,0.4759938716888428,0.7819162607192993,0.37055715918540955,0.8093968033790588,0.3080274760723114,0.8378791213035583,0.2620568871498108,0.7456594705581665,0.5226868391036987,0.780685305595398,0.4336697459220886,0.7373552918434143,0.452709823846817,0.7074484825134277,0.4847036898136139,0.7545945048332214,0.5828845500946045,0.766042172908783,0.515801727771759,0.7411234378814697,0.5192113518714905,0.7226476073265076,0.5398954749107361,V
0.689600944519043,0.7102484703063965,0.6587475538253784,0.642683744430542,0.6621764898300171,0.5443072319030762,0.6886204481124878,0.4827742874622345,0.7233069539070129,0.45890098810195923,0.7148432731628418,0.4441051781177521,0.7264280915260315,0.34124255180358887,0.7358549237251282,0.28162479400634766,0.7484951019287109,0.23566079139709473,0.7485799193382263,0.46854984760284424,0.804185152053833,0.3637678325176239,0.8342435359954834,0.30168038606643677,0.86375892162323,0.2586473524570465,0.7679468393325806,0.5169380903244019,0.8051098585128784,0.4348302483558655,0.7631082534790039,0.45003682374954224,0.7322733998298645,0.47761279344558716,0.7772533297538757,0.5774251222610474,0.7927247881889343,0.5094936490058899,0.7673485279083252,0.5102667212486267,0.7460007071495056,0.528872549533844,V
0.7252756357192993,0.7035574913024902,0.7027580142021179,0.6198433041572571,0.714563250541687,0.5175473093986511,0.7405837178230286,0.45498502254486084,0.7737500667572021,0.44697824120521545,0.7860758304595947,0.43822216987609863,0.8090308904647827,0.3368106186389923,0.8244876265525818,0.27614665031433105,0.8409367799758911,0.2303326576948166,0.8129473328590393,0.47407054901123047,0.8783098459243774,0.3948703408241272,0.9143577218055725,0.3412608504295349,0.9472404718399048,0.3073444068431854,0.8240293860435486,0.5266970992088318,0.8604936003684998,0.4539879858493805,0.8152928352355957,0.45218825340270996,0.7833242416381836,0.4704408645629883,0.8228359222412109,0.5838646292686462,0.8422427773475647,0.5137348771095276,0.8172685503959656,0.5070696473121643,0.7964378595352173,0.5235394239425659,V
0.748257040977478,0.7243784070014954,0.7308242917060852,0.6275444030761719,0.756047785282135,0.5258693099021912,0.7927316427230835,0.464770644903183,0.8262013792991638,0.475102037191391,0.83003169298172,0.47828221321105957,0.8637695908546448,0.3788982033729553,0.8856186270713806,0.321982741355896,0.9069675207138062,0.2800377607345581,0.857097327709198,0.5218736529350281,0.931896984577179,0.4533693194389343,0.9730826020240784,0.40434253215789795,1.0093032121658325,0.37532442808151245,0.8655057549476624,0.5747010707855225,0.9133211374282837,0.4988887310028076,0.8695876598358154,0.4798329472541809,0.8361833095550537,0.4873145818710327,0.8611604571342468,0.6266228556632996,0.8862816095352173,0.5591530203819275,0.8654386401176453,0.535007655620575,0.8461877107620239,0.5372405052185059,V
0.7573127746582031,0.7377904653549194,0.7413737773895264,0.6312165856361389,0.7711891531944275,0.5395331978797913,0.8168671727180481,0.4900689423084259,0.85701984167099,0.4932473301887512,0.8474683165550232,0.4813760221004486,0.886847972869873,0.3886304795742035,0.9123484492301941,0.33559706807136536,0.9361831545829773,0.29669255018234253,0.8737266659736633,0.5319693088531494,0.9511197805404663,0.4760723114013672,0.992549479007721,0.4439174234867096,1.0299310684204102,0.4258030951023102,0.8805157542228699,0.5915210843086243,0.9425254464149475,0.5333792567253113,0.8966121673583984,0.5198522806167603,0.8580945730209351,0.5297691226005554,0.8739193677902222,0.6539637446403503,0.9072003364562988,0.5956231951713562,0.8831285834312439,0.5792387127876282,0.8576745986938477,0.5885502099990845,V
0.7645525336265564,0.7513337135314941,0.7488067150115967,0.6340778470039368,0.7809814810752869,0.5495544075965881,0.8296719193458557,0.5000972151756287,0.8706316947937012,0.49942174553871155,0.853479266166687,0.4866829812526703,0.8935414552688599,0.3869278132915497,0.9199145436286926,0.3317018747329712,0.9447818398475647,0.289747029542923,0.8823068737983704,0.5390048623085022,0.9614164233207703,0.4770268201828003,1.0032117366790771,0.446423202753067,1.0390759706497192,0.4318631589412689,0.8897702693939209,0.5995826721191406,0.9552786946296692,0.5431835055351257,0.9086256623268127,0.5314702987670898,0.8673697113990784,0.5402796864509583,0.8828360438346863,0.6612650156021118,0.9196057319641113,0.6035723090171814,0.8955639004707336,0.5852928757667542,0.8672279119491577,0.5918477773666382,V
0.7610586285591125,0.7491303086280823,0.7360977530479431,0.65047287940979,0.7540723085403442,0.5569635033607483,0.7956477999687195,0.5096226930618286,0.8361778259277344,0.4952942430973053,0.8301362991333008,0.46709099411964417,0.8608297109603882,0.36106637120246887,0.8827869892120361,0.30059725046157837,0.9043468236923218,0.253059446811676,0.8635350465774536,0.5136378407478333,0.9356446862220764,0.4406377077102661,0.9728115797042847,0.39002525806427,1.008989930152893,0.3510858416557312,0.8757984042167664,0.5724102258682251,0.9291085004806519,0.5029168128967285,0.8829492330551147,0.49876394867897034,0.8462613224983215,0.5145243406295776,0.8748604655265808,0.639277994632721,0.9051288366317749,0.5753466486930847,0.8764707446098328,0.5579946041107178,0.8478212952613831,0.5621758699417114,V
0.7639940977096558,0.7315661907196045,0.7288838624954224,0.6609891057014465,0.7172550559043884,0.5571722984313965,0.7421784400939941,0.498741090297699,0.7797654271125793,0.4884733259677887,0.7828036546707153,0.4225536584854126,0.7878523468971252,0.30934470891952515,0.7948732376098633,0.25076308846473694,0.8049373030662537,0.20723435282707214,0.8222692012786865,0.45039063692092896,0.8731201887130737,0.33601775765419006,0.9008374214172363,0.2624366581439972,0.9252477884292603,0.2090466320514679,0.8457995653152466,0.5048782825469971,0.8641384840011597,0.4444594383239746,0.822652280330658,0.4545977711677551,0.7906939387321472,0.4758467972278595,0.8578551411628723,0.57149338722229,0.8492501974105835,0.5195520520210266,0.8160461187362671,0.527850866317749,0.7920135259628296,0.5481619834899902,V
0.7895965576171875,0.7331825494766235,0.7323610782623291,0.6496890187263489,0.6983756422996521,0.5622051358222961,0.6833065152168274,0.5014073848724365,0.6985456347465515,0.4663841128349304,0.7611949443817139,0.4218481183052063,0.7572959661483765,0.29508423805236816,0.7534841895103455,0.22257797420024872,0.7532358169555664,0.16578799486160278,0.7965614199638367,0.43442124128341675,0.8145061731338501,0.307563841342926,0.8225920796394348,0.2291221171617508,0.8308378458023071,0.16885268688201904,0.8209154009819031,0.47111132740974426,0.783881664276123,0.4110982418060303,0.73903489112854,0.4311778247356415,0.709118127822876,0.46283623576164246,0.8318136930465698,0.5183905363082886,0.791792094707489,0.48190945386886597,0.7574965953826904,0.49382448196411133,0.7341077327728271,0.5142855048179626,V
0.8014046549797058,0.6885874271392822,0.7331748604774475,0.6146342158317566,0.7033676505088806,0.5414373874664307,0.6754634380340576,0.4911094903945923,0.6527440547943115,0.43842917680740356,0.7569659352302551,0.38943400979042053,0.7495976686477661,0.2544158399105072,0.7469390034675598,0.16721197962760925,0.7497320175170898,0.09593212604522705,0.7858077883720398,0.4051458537578583,0.765213668346405,0.26407918334007263,0.7506972551345825,0.1934366375207901,0.7408850193023682,0.1422719955444336,0.8011638522148132,0.44588950276374817,0.7193699479103088,0.410001277923584,0.6732099652290344,0.4356742799282074,0.6471917629241943,0.45959141850471497,0.7952343821525574,0.5002099871635437,0.7221571803092957,0.48163363337516785,0.6859230995178223,0.4897906184196472,0.6631768941879272,0.4944329857826233,V
0.8033291697502136,0.7017350792884827,0.7954540252685547,0.5808943510055542,0.7681127786636353,0.4904008209705353,0.7286149263381958,0.446350634098053,0.6925843954086304,0.4291614890098572,0.7853636145591736,0.4076513350009918,0.7590721249580383,0.2716537117958069,0.7227963209152222,0.23024162650108337,0.7029902338981628,0.21728859841823578,0.7761573791503906,0.4276830852031708,0.7312012910842896,0.26460960507392883,0.693777859210968,0.21338404715061188,0.675484299659729,0.19037356972694397,0.7549352645874023,0.46895653009414673,0.6612704396247864,0.40080565214157104,0.6338981986045837,0.4390040934085846,0.6362991333007812,0.46159327030181885,0.7289838194847107,0.5232997536659241,0.6518197655677795,0.48282936215400696,0.6414154767990112,0.504942774772644,0.6531083583831787,0.5147141218185425,V
0.7725340723991394,0.7254342436790466,0.7705408930778503,0.6125896573066711,0.7478136420249939,0.5237315893173218,0.7074298858642578,0.4811210632324219,0.6721884608268738,0.4669755697250366,0.751225471496582,0.4328012764453888,0.7353801727294922,0.296743243932724,0.7217409014701843,0.24772079288959503,0.7196053266525269,0.22729146480560303,0.7295698523521423,0.4434269964694977,0.6697142124176025,0.2851239740848541,0.6376354694366455,0.2066350132226944,0.6220453977584839,0.15743428468704224,0.7036017775535583,0.4819241464138031,0.6262317895889282,0.4333118796348572,0.6133373379707336,0.45883482694625854,0.6188555955886841,0.4737726151943207,0.6792708039283752,0.5395562648773193,0.6242635250091553,0.4977799355983734,0.6192064881324768,0.5080249905586243,0.6261870265007019,0.5123684406280518,V
0.7474551200866699,0.7482945322990417,0.7417767643928528,0.5922150015830994,0.7243503928184509,0.527412474155426,0.695098876953125,0.48332396149635315,0.6680131554603577,0.45840373635292053,0.7219845652580261,0.44738689064979553,0.7089838981628418,0.31076711416244507,0.6980391144752502,0.24046938121318817,0.6956185102462769,0.2109687775373459,0.6918597221374512,0.4690328538417816,0.6361453533172607,0.3066556751728058,0.6002140045166016,0.22993597388267517,0.5790078043937683,0.1959257870912552,0.6597341299057007,0.5154547691345215,0.5876287817955017,0.4339008331298828,0.5938116908073425,0.46429240703582764,0.6129809617996216,0.4767697751522064,0.6371002197265625,0.5764284729957581,0.588991105556488,0.5136693120002747,0.5971723198890686,0.5342657566070557,0.6157658100128174,0.5475844144821167,V
0.7216647863388062,0.7498270273208618,0.7181616425514221,0.6004576086997986,0.6937293410301208,0.5246313214302063,0.6603447198867798,0.4986397624015808,0.6298723220825195,0.48867228627204895,0.6915209293365479,0.4607098400592804,0.6785137057304382,0.32681596279144287,0.6727463603019714,0.25905942916870117,0.6747981905937195,0.2187494933605194,0.6527305841445923,0.4883577227592468,0.5960031151771545,0.34152910113334656,0.5748210549354553,0.27601805329322815,0.5647594332695007,0.23549498617649078,0.6187843084335327,0.5337529182434082,0.5623753070831299,0.44371071457862854,0.5767970681190491,0.4665687680244446,0.5947774052619934,0.4890981912612915,0.5968678593635559,0.5886096358299255,0.5664364695549011,0.5093616247177124,0.5771791934967041,0.5158596038818359,0.5963651537895203,0.5313345789909363,V
0.6928852200508118,0.760636568069458,0.6891636848449707,0.6184285879135132,0.6613585352897644,0.5327056050300598,0.6265465617179871,0.4977470636367798,0.5943896174430847,0.48850083351135254,0.6486010551452637,0.4632241725921631,0.6282464861869812,0.3428939878940582,0.6238088011741638,0.27670028805732727,0.6223703622817993,0.22337903082370758,0.6174702048301697,0.4922840893268585,0.5516887903213501,0.3760499060153961,0.519823431968689,0.310932457447052,0.4978625178337097,0.26380184292793274,0.5886759161949158,0.5410729646682739,0.5370059609413147,0.46829885244369507,0.5502657294273376,0.49653103947639465,0.565394937992096,0.525521993637085,0.566832959651947,0.5988646149635315,0.5337186455726624,0.51498943567276,0.5485727190971375,0.5352143049240112,0.5674272179603577,0.5634223222732544,V
0.6728060841560364,0.7551879286766052,0.6551294922828674,0.6163202524185181,0.6139041781425476,0.543247401714325,0.5673543810844421,0.5384526252746582,0.5311168432235718,0.5639755129814148,0.5974687933921814,0.4784388542175293,0.5671436190605164,0.3811030387878418,0.5581788420677185,0.31926682591438293,0.5532792210578918,0.2663428485393524,0.5661496520042419,0.5270811319351196,0.49028995633125305,0.4339127242565155,0.44952070713043213,0.3803110420703888,0.4193684756755829,0.34247496724128723,0.5435054898262024,0.5898471474647522,0.4891352653503418,0.534294605255127,0.5133706331253052,0.5535683631896973,0.5353318452835083,0.5743160843849182,0.5334413051605225,0.6516187787055969,0.5047435760498047,0.6006079316139221,0.526541531085968,0.6111801862716675,0.5478618144989014,0.6246954798698425,V
0.661785364151001,0.7256583571434021,0.6374547481536865,0.5968418717384338,0.5924108028411865,0.537752628326416,0.547508180141449,0.5413423180580139,0.5174262523651123,0.5691193342208862,0.5664216876029968,0.4747607409954071,0.5215204358100891,0.3758332431316376,0.4984411895275116,0.313747763633728,0.4808182716369629,0.2627834379673004,0.5423639416694641,0.5306390523910522,0.4608194828033447,0.46948403120040894,0.41510289907455444,0.43403562903404236,0.38085073232650757,0.41100460290908813,0.5270212888717651,0.5982930064201355,0.4759758710861206,0.5784200429916382,0.5006283521652222,0.5858029723167419,0.5231403708457947,0.5981647372245789,0.5233923196792603,0.6608111262321472,0.5002397298812866,0.6405039429664612,0.5222124457359314,0.6435701251029968,0.5449663400650024,0.6500384211540222,V
0.6614033579826355,0.6896705031394958,0.6249701380729675,0.5671905875205994,0.5854189395904541,0.5250746011734009,0.541953444480896,0.5205001831054688,0.510958731174469,0.5377389192581177,0.5548300743103027,0.4581540524959564,0.5026512145996094,0.3714989721775055,0.4744952917098999,0.30800434947013855,0.4512808620929718,0.2591648995876312,0.5380695462226868,0.5098602175712585,0.44426846504211426,0.47368288040161133,0.39380893111228943,0.4452674090862274,0.35935723781585693,0.4317430853843689,0.5262823700904846,0.5774816870689392,0.46335864067077637,0.5861005187034607,0.48179998993873596,0.5895099639892578,0.5036634802818298,0.5898730754852295,0.5241785049438477,0.6394264698028564,0.4890987277030945,0.6403027772903442,0.5070447325706482,0.6453251242637634,0.5277883410453796,0.6441384553909302,V
0.6585321426391602,0.6693660616874695,0.6194303631782532,0.5520830750465393,0.5767638087272644,0.5177161693572998,0.5332865715026855,0.5237753391265869,0.5042294859886169,0.552221417427063,0.5447360873222351,0.4610143005847931,0.4865543842315674,0.3788483738899231,0.4542171061038971,0.32181888818740845,0.4294295608997345,0.277575820684433,0.528106689453125,0.5200039744377136,0.4361567795276642,0.49147558212280273,0.3852705955505371,0.4690339267253876,0.35095420479774475,0.45803549885749817,0.519839882850647,0.5889696478843689,0.46022167801856995,0.6019257307052612,0.47913986444473267,0.6045724153518677,0.5008003115653992,0.6051734685897827,0.5222384929656982,0.6516434550285339,0.48692214488983154,0.6531293988227844,0.5040342211723328,0.6534848809242249,0.5261361598968506,0.6481038928031921,V
0.6658483147621155,0.6190006136894226,0.6164188981056213,0.5315032005310059,0.5598720908164978,0.5170184969902039,0.518884539604187,0.5610786080360413,0.4965854585170746,0.6177189350128174,0.5305867791175842,0.4664720892906189,0.46715834736824036,0.4013904631137848,0.4307280480861664,0.3568001985549927,0.40165975689888,0.32066914439201355,0.520310640335083,0.5217822790145874,0.4342888593673706,0.5231577157974243,0.38218533992767334,0.5247374773025513,0.34343093633651733,0.523413896560669,0.519132137298584,0.5824710726737976,0.46365246176719666,0.6456376314163208,0.474373459815979,0.673956036567688,0.4910238981246948,0.6874489188194275,0.5251893997192383,0.6406854391098022,0.48970305919647217,0.6772069931030273,0.5051988363265991,0.6893244981765747,0.5261278748512268,0.6868919134140015,V
0.6698009371757507,0.557245135307312,0.607406497001648,0.5188813209533691,0.5493677258491516,0.5303981900215149,0.5066182017326355,0.5815265774726868,0.48460817337036133,0.6376581192016602,0.5035755038261414,0.5047708749771118,0.4330984055995941,0.49542900919914246,0.39239704608917236,0.4775914251804352,0.35862210392951965,0.4604978859424591,0.5092593431472778,0.5427181124687195,0.43024012446403503,0.6284708380699158,0.38377758860588074,0.6661315560340881,0.3487131893634796,0.6901084184646606,0.5238757133483887,0.5876036286354065,0.48595452308654785,0.7026243805885315,0.5018854141235352,0.716182291507721,0.5192070603370667,0.7093675136566162,0.5432093739509583,0.6376025676727295,0.5176793336868286,0.720506489276886,0.5318638682365417,0.7234360575675964,0.5469784736633301,0.7064384818077087,V
0.6531128287315369,0.502237856388092,0.5884907841682434,0.4892468750476837,0.5295336246490479,0.5324758887290955,0.49429553747177124,0.6169808506965637,0.47942250967025757,0.6881036758422852,0.4841582775115967,0.5162485837936401,0.4108937680721283,0.5362017154693604,0.36661165952682495,0.5299438238143921,0.3303389847278595,0.5210322141647339,0.498521625995636,0.5516800284385681,0.42453110218048096,0.6657896041870117,0.3791455328464508,0.7187933325767517,0.343700647354126,0.7562059760093689,0.5223947167396545,0.5910866856575012,0.4890103340148926,0.7257402539253235,0.50447678565979,0.7331288456916809,0.5191596746444702,0.7164007425308228,0.5494740009307861,0.6290155053138733,0.5250839591026306,0.7295287251472473,0.5386792421340942,0.7249913811683655,0.5494813323020935,0.6997267603874207,V
0.6441864371299744,0.4818902313709259,0.5770928859710693,0.4858860373497009,0.5175690650939941,0.5535901784896851,0.4905659258365631,0.6565235257148743,0.48208996653556824,0.7385892271995544,0.47772836685180664,0.5334233045578003,0.4045121371746063,0.5733983516693115,0.3582483232021332,0.587863028049469,0.31925109028816223,0.5949776768684387,0.496663898229599,0.5645921230316162,0.43071281909942627,0.705177366733551,0.38869813084602356,0.7667732238769531,0.3538709878921509,0.8073534965515137,0.5233003497123718,0.5970684885978699,0.49039995670318604,0.7396325469017029,0.5028190016746521,0.7440147995948792,0.5152165293693542,0.7275390028953552,0.5517024397850037,0.6290159225463867,0.5258978605270386,0.7337448596954346,0.5385981798171997,0.7234609127044678,0.5500714778900146,0.6956712603569031,V
0.639055073261261,0.48024827241897583,0.5726017355918884,0.4876289963722229,0.5147185921669006,0.5607524514198303,0.49155718088150024,0.6659958958625793,0.48556700348854065,0.7484211325645447,0.4750802516937256,0.5491054058074951,0.4064048230648041,0.6003795266151428,0.3607986867427826,0.620510458946228,0.32133519649505615,0.6320744752883911,0.49500006437301636,0.5802240371704102,0.43304455280303955,0.7229108810424805,0.3931589722633362,0.7900798916816711,0.3607295751571655,0.8370664715766907,0.5227713584899902,0.6107274293899536,0.4913618862628937,0.750142514705658,0.5002834796905518,0.7610685229301453,0.5107800364494324,0.7513562440872192,0.5524489879608154,0.6387592554092407,0.5274850726127625,0.7418330907821655,0.534490168094635,0.7385433912277222,0.5416262149810791,0.7195711731910706,V
0.6374759078025818,0.49172094464302063,0.5732728242874146,0.4954921305179596,0.5146220922470093,0.5603159070014954,0.48864397406578064,0.6579988598823547,0.47854557633399963,0.7343945503234863,0.4723859429359436,0.554840624332428,0.4050709903240204,0.5997561812400818,0.3578118085861206,0.6170134544372559,0.31899917125701904,0.6245091557502747,0.489251047372818,0.5828166604042053,0.42857253551483154,0.7147258520126343,0.38401535153388977,0.7775558233261108,0.3482435941696167,0.8220316767692566,0.5161322951316833,0.6120195388793945,0.4882063567638397,0.7592997550964355,0.5047762393951416,0.7622988224029541,0.5184011459350586,0.7416328191757202,0.5463127493858337,0.6394435167312622,0.5256208777427673,0.7520297169685364,0.5378302931785583,0.7439540028572083,0.5466107130050659,0.7173321843147278,V
0.6455220580101013,0.5240055322647095,0.5824743509292603,0.4943719208240509,0.5164812207221985,0.5269335508346558,0.4812351167201996,0.5943416357040405,0.4684129059314728,0.6581115126609802,0.4742097556591034,0.5132300853729248,0.3991413712501526,0.5291202664375305,0.34952718019485474,0.5307948589324951,0.30993345379829407,0.5252774357795715,0.48441076278686523,0.5455199480056763,0.4050935208797455,0.6411078572273254,0.3531152009963989,0.6825081706047058,0.3110778331756592,0.7124029994010925,0.5062569975852966,0.5870968699455261,0.46717968583106995,0.725979745388031,0.48847296833992004,0.7265916466712952,0.5031113624572754,0.7028040289878845,0.533388078212738,0.6316391825675964,0.503794252872467,0.7405717968940735,0.5211327075958252,0.7302426099777222,0.5327020287513733,0.7009789943695068,V
0.6364104151725769,0.5882234573364258,0.5679409503936768,0.5555750727653503,0.5051587820053101,0.5520927906036377,0.4627019464969635,0.5882347226142883,0.4360986649990082,0.6165391206741333,0.479909747838974,0.4976431727409363,0.405710369348526,0.4715569317340851,0.3652093708515167,0.439235657453537,0.3333241045475006,0.4048095941543579,0.48492133617401123,0.5152794718742371,0.395815908908844,0.5417707562446594,0.34009242057800293,0.5471802949905396,0.2983725070953369,0.5468892455101013,0.4997237026691437,0.5609552264213562,0.43126508593559265,0.6885136365890503,0.4428509771823883,0.7400853037834167,0.45946308970451355,0.7524235248565674,0.5188825726509094,0.625916063785553,0.4681839644908905,0.734409511089325,0.47180071473121643,0.7662376761436462,0.47999250888824463,0.7705686688423157,V
0.6247593760490417,0.7189502120018005,0.5428377985954285,0.7521364688873291,0.49490347504615784,0.73354172706604,0.4617331922054291,0.7208114862442017,0.4379713833332062,0.7081208229064941,0.4769110679626465,0.5889990329742432,0.4244447648525238,0.5349751114845276,0.39332693815231323,0.492597758769989,0.36685848236083984,0.4515193700790405,0.4951190650463104,0.5655374526977539,0.4323669970035553,0.5195128321647644,0.39115920662879944,0.47544869780540466,0.35968491435050964,0.43451082706451416,0.5174481868743896,0.578612208366394,0.45714741945266724,0.6549990773200989,0.44921162724494934,0.7407920956611633,0.45300528407096863,0.7947829961776733,0.539821445941925,0.6239029765129089,0.48933154344558716,0.6959640383720398,0.4811989963054657,0.751609206199646,0.48279836773872375,0.7857136726379395,V
0.6015171408653259,0.7855474352836609,0.5415306687355042,0.8111338019371033,0.4928872287273407,0.802226722240448,0.4598886966705322,0.7851779460906982,0.4461301267147064,0.7473356127738953,0.46693935990333557,0.6404321193695068,0.41186797618865967,0.5784596800804138,0.380440890789032,0.5372775793075562,0.35631677508354187,0.4956890642642975,0.4928312301635742,0.607244074344635,0.44393014907836914,0.521233856678009,0.41206687688827515,0.4622372090816498,0.3893781900405884,0.4082357585430145,0.5210770964622498,0.6037794351577759,0.4705737233161926,0.6223061084747314,0.4641190469264984,0.7107020020484924,0.4708695411682129,0.7691685557365417,0.5456804633140564,0.6303868889808655,0.5035484433174133,0.6622980833053589,0.49293676018714905,0.7236403822898865,0.4933089017868042,0.7695262432098389,V
0.596205472946167,0.8132874965667725,0.5478053092956543,0.8342689275741577,0.4992842376232147,0.8109878301620483,0.47384950518608093,0.7719157338142395,0.47020015120506287,0.7205724120140076,0.46369293332099915,0.6488009095191956,0.4147939383983612,0.5848342180252075,0.38432425260543823,0.5436958074569702,0.36049535870552063,0.5056847929954529,0.4921359717845917,0.6166345477104187,0.45570945739746094,0.5109671950340271,0.4274198114871979,0.4484958350658417,0.4063023626804352,0.39279282093048096,0.5259934663772583,0.6136384010314941,0.49114152789115906,0.5778064131736755,0.48676353693008423,0.6649081707000732,0.4910351634025574,0.7278409600257874,0.5572398900985718,0.634888231754303,0.5228595733642578,0.6199676394462585,0.5135297775268555,0.6778050661087036,0.514053225517273,0.7265602946281433,V
0.5975974202156067,0.8195098042488098,0.5497692823410034,0.8374847769737244,0.5019257664680481,0.7999158501625061,0.49116063117980957,0.7272448539733887,0.500769853591919,0.657214879989624,0.4649614095687866,0.653452455997467,0.4169110059738159,0.5913083553314209,0.38519513607025146,0.5499241352081299,0.36001911759376526,0.5109267830848694,0.49468979239463806,0.6152826547622681,0.4649112820625305,0.5011305809020996,0.4415992200374603,0.43117770552635193,0.42492690682411194,0.3684379756450653,0.5294307470321655,0.6081268787384033,0.5133621096611023,0.5299227833747864,0.5151069164276123,0.6088925004005432,0.5218076109886169,0.6729961633682251,0.563632071018219,0.6228945255279541,0.5422942638397217,0.5806507468223572,0.5381729006767273,0.6319667100906372,0.5410690903663635,0.6826513409614563,V
0.6101052165031433,0.8558497428894043,0.5607320666313171,0.8542559742927551,0.5208959579467773,0.7884581089019775,0.5309877991676331,0.6901489496231079,0.5491296052932739,0.6158062815666199,0.48144474625587463,0.6533403396606445,0.4356841444969177,0.5750020742416382,0.4039941728115082,0.5232838988304138,0.37775367498397827,0.4771697521209717,0.5152168273925781,0.6096809506416321,0.4892734885215759,0.4967728555202484,0.47150275111198425,0.4232170283794403,0.45765671133995056,0.35930463671684265,0.5531332492828369,0.6065712571144104,0.5497332811355591,0.5180761218070984,0.5578099489212036,0.5876269340515137,0.5661284327507019,0.6475872993469238,0.5900974273681641,0.6298837661743164,0.5810738205909729,0.5712762475013733,0.5802836418151855,0.6119862794876099,0.5823262333869934,0.6558000445365906,V
0.6105861067771912,0.8869126439094543,0.5597017407417297,0.8716613054275513,0.5307266116142273,0.7912571430206299,0.5533884763717651,0.6896497011184692,0.5748223662376404,0.6178382635116577,0.4927844703197479,0.658613383769989,0.45226410031318665,0.5603269934654236,0.42535001039505005,0.5003744959831238,0.40469667315483093,0.44757282733917236,0.530198335647583,0.6201537251472473,0.5099928975105286,0.4953129291534424,0.4969472587108612,0.4186457693576813,0.4888152778148651,0.3550132215023041,0.5681346654891968,0.6254172921180725,0.5773078203201294,0.5303525924682617,0.5831527709960938,0.5850985050201416,0.5893132090568542,0.639613687992096,0.60196453332901,0.6554926633834839,0.6044169068336487,0.5932013392448425,0.6041936278343201,0.62736576795578,0.6045795679092407,0.6695114970207214,V
0.6192352771759033,0.8755859136581421,0.5685370564460754,0.8594788312911987,0.538713812828064,0.7819430232048035,0.5660912990570068,0.6800217628479004,0.5906393527984619,0.6033670902252197,0.5072308778762817,0.639430820941925,0.46951353549957275,0.5334506630897522,0.4465346336364746,0.4696037173271179,0.42906272411346436,0.4134978950023651,0.544640302658081,0.6008802652359009,0.5259424448013306,0.4726189374923706,0.5162985920906067,0.3933061957359314,0.5114442706108093,0.32826364040374756,0.5796200633049011,0.6051056385040283,0.5862558484077454,0.5298424363136292,0.5939531326293945,0.5954657196998596,0.5987634062767029,0.6488219499588013,0.6121187806129456,0.6307110786437988,0.6154415607452393,0.5526444911956787,0.6151811480522156,0.5787116885185242,0.6118136048316956,0.6144855618476868,V
0.6304935812950134,0.8566786646842957,0.5844112634658813,0.8336307406425476,0.5578243732452393,0.7483623027801514,0.5888150334358215,0.6497434377670288,0.6185343861579895,0.5772508978843689,0.5292869806289673,0.6003376245498657,0.4957534372806549,0.4844628572463989,0.47680264711380005,0.41645556688308716,0.4613827168941498,0.3555549085140228,0.5685558915138245,0.5669141411781311,0.5562928318977356,0.434639036655426,0.5517956614494324,0.35225576162338257,0.5506631731987,0.2843240201473236,0.6017842888832092,0.574620246887207,0.6053984761238098,0.5172496438026428,0.6127346158027649,0.586161732673645,0.6157657504081726,0.6393870115280151,0.6336265206336975,0.5958740711212158,0.6391175985336304,0.5153602957725525,0.6404099464416504,0.5321359634399414,0.6354696750640869,0.565839946269989,V
0.6381138563156128,0.8388856649398804,0.5908342599868774,0.8056464791297913,0.5690893530845642,0.7150058150291443,0.6079493761062622,0.6277929544448853,0.6443900465965271,0.5672497749328613,0.5536090731620789,0.5501648187637329,0.5287880897521973,0.432090699672699,0.513762891292572,0.36268603801727295,0.5019330978393555,0.29996180534362793,0.5955690741539001,0.5296190977096558,0.5942338705062866,0.4066174626350403,0.5955533981323242,0.3351344168186188,0.5998539328575134,0.2742665112018585,0.6303499341011047,0.5453869104385376,0.6340449452400208,0.4880025088787079,0.6312020421028137,0.5526462197303772,0.629076361656189,0.6030041575431824,0.6632635593414307,0.5756232142448425,0.6697548627853394,0.4948256015777588,0.6681107878684998,0.526016891002655,0.6640395522117615,0.5714725255966187,V
0.6501999497413635,0.8234188556671143,0.6045944094657898,0.7800752520561218,0.5826827883720398,0.6868208646774292,0.6173202395439148,0.608404815196991,0.6568118929862976,0.5657219886779785,0.5922843813896179,0.5137875080108643,0.5770946145057678,0.4050266742706299,0.5678578615188599,0.338544636964798,0.5623460412025452,0.27865540981292725,0.6350758671760559,0.5094872117042542,0.6468364000320435,0.3945764899253845,0.6514371633529663,0.33440738916397095,0.6565598845481873,0.2829214930534363,0.6709902286529541,0.5382691621780396,0.6893129944801331,0.468146950006485,0.6754087209701538,0.5447483658790588,0.6659302711486816,0.6106221675872803,0.7009695768356323,0.5856056213378906,0.7031978368759155,0.52266526222229,0.6893720030784607,0.5688640475273132,0.67894446849823,0.6212487816810608,V
0.6744325160980225,0.8173644542694092,0.6298046708106995,0.7673555016517639,0.6121843457221985,0.6641533970832825,0.6500596404075623,0.6027466058731079,0.6934765577316284,0.5779730081558228,0.6478211879730225,0.486078143119812,0.6492092609405518,0.3861088454723358,0.6500842571258545,0.32129430770874023,0.6531389355659485,0.26569023728370667,0.6935253739356995,0.49772849678993225,0.7230937480926514,0.3821268081665039,0.7362902164459229,0.31282323598861694,0.7508216500282288,0.2538439929485321,0.7278085947036743,0.5439416170120239,0.7603891491889954,0.48280173540115356,0.7259539365768433,0.5585517883300781,0.7008954882621765,0.6188368797302246,0.7519489526748657,0.6098608374595642,0.7539812326431274,0.5814951658248901,0.7264631390571594,0.6285498142242432,0.7066647410392761,0.6687268614768982,V
0.6995174288749695,0.8238071799278259,0.6564949750900269,0.7718710899353027,0.6431421041488647,0.6663029789924622,0.6911057829856873,0.6213803887367249,0.7443104982376099,0.6093688011169434,0.7037378549575806,0.4749283194541931,0.7128909826278687,0.37067025899887085,0.720779299736023,0.2982633411884308,0.7299908399581909,0.23733244836330414,0.7487416863441467,0.49636173248291016,0.7956479787826538,0.3646053075790405,0.8236159682273865,0.28011125326156616,0.8496534824371338,0.2093256115913391,0.779836118221283,0.5539305210113525,0.8153116106987,0.5119154453277588,0.777384877204895,0.5862222909927368,0.7483726739883423,0.6461218595504761,0.7989986538887024,0.630286455154419,0.8063181638717651,0.5985888242721558,0.7698961496353149,0.6469718813896179,0.7382574677467346,0.6908979415893555,V
0.7203744649887085,0.853744626045227,0.6711688041687012,0.7936750054359436,0.6567468047142029,0.6949161887168884,0.706404447555542,0.6627917885780334,0.7635208368301392,0.6507225036621094,0.726432740688324,0.4925905764102936,0.7422536015510559,0.36391472816467285,0.7540277242660522,0.28332263231277466,0.769196093082428,0.20919477939605713,0.7792162299156189,0.5106716156005859,0.8346034288406372,0.38142848014831543,0.8719866871833801,0.2952607274055481,0.9063579440116882,0.21890853345394135,0.8108195662498474,0.5681400895118713,0.831310510635376,0.5568285584449768,0.7911152243614197,0.6398620009422302,0.7633309960365295,0.6953072547912598,0.8276719450950623,0.6416824460029602,0.8286570906639099,0.6386438608169556,0.7899608016014099,0.6962286829948425,0.7595497965812683,0.7360244989395142,V
0.7245225310325623,0.8768786787986755,0.6746376752853394,0.7991536259651184,0.662152111530304,0.7030279040336609,0.7138032913208008,0.673680305480957,0.7719317078590393,0.6675836443901062,0.7310620546340942,0.5056982040405273,0.750669002532959,0.3560909330844879,0.7647022604942322,0.2723039388656616,0.7826735377311707,0.19706594944000244,0.7844525575637817,0.5331929922103882,0.839904248714447,0.41242942214012146,0.8794455528259277,0.33556023240089417,0.9174909591674805,0.2650853395462036,0.8161161541938782,0.5946550369262695,0.8362370729446411,0.5754992961883545,0.7972090244293213,0.6547516584396362,0.7704915404319763,0.7039161324501038,0.8309484720230103,0.6750290989875793,0.8414083123207092,0.6618301868438721,0.804114043712616,0.7104982137680054,0.7725173830986023,0.7488002181053162,V
0.7166789770126343,0.8690295219421387,0.6703202724456787,0.8143045902252197,0.6510632038116455,0.7064276933670044,0.6973257660865784,0.670548141002655,0.7538650631904602,0.6646442413330078,0.7128470540046692,0.5025253295898438,0.718471884727478,0.381276398897171,0.7237569093704224,0.30211809277534485,0.7348376512527466,0.23585225641727448,0.7664363384246826,0.5210768580436707,0.8207167387008667,0.3911636769771576,0.8581385016441345,0.30610227584838867,0.8966172933578491,0.23076574504375458,0.7999170422554016,0.5786786675453186,0.8269680142402649,0.5847952365875244,0.7809601426124573,0.6672297120094299,0.748841404914856,0.7216411232948303,0.8178162574768066,0.6541597247123718,0.8139804005622864,0.6750867366790771,0.7781036496162415,0.7314692735671997,0.753360390663147,0.7680448889732361,V
0.7083681225776672,0.8855758309364319,0.656664252281189,0.8410669565200806,0.6301809549331665,0.7297700643539429,0.6675706505775452,0.6675317883491516,0.7170849442481995,0.6390242576599121,0.6560690402984619,0.5258393287658691,0.6327852010726929,0.41064363718032837,0.6223440766334534,0.337892085313797,0.61928391456604,0.2768177092075348,0.7082614898681641,0.5268988013267517,0.7329974174499512,0.39419475197792053,0.7478941082954407,0.3113507032394409,0.7652584314346313,0.24046273529529572,0.7462407946586609,0.5688875913619995,0.7717615365982056,0.512432336807251,0.7402836680412292,0.5922356843948364,0.7190490961074829,0.6564028263092041,0.7741292119026184,0.6331042051315308,0.7654578685760498,0.6147593855857849,0.7380806803703308,0.6664597392082214,0.7225732803344727,0.708541214466095,V
0.6952327489852905,0.871860921382904,0.6385716199874878,0.8390591144561768,0.5971590876579285,0.7623201608657837,0.6186366081237793,0.6825196146965027,0.6548119187355042,0.6238393187522888,0.5865371227264404,0.5534757375717163,0.5444597005844116,0.44265735149383545,0.51839679479599,0.3732268810272217,0.4997442960739136,0.312456876039505,0.6359382271766663,0.5364961624145508,0.6343032121658325,0.4021146595478058,0.6328609585762024,0.3294559717178345,0.6329954266548157,0.26720449328422546,0.6774245500564575,0.5607933402061462,0.6841070055961609,0.49005118012428284,0.6757875084877014,0.571046769618988,0.672228217124939,0.6416526436805725,0.7123925089836121,0.6089645028114319,0.7032743096351624,0.5654629468917847,0.6906836628913879,0.619747519493103,0.6858142018318176,0.674435019493103,V
0.6867215633392334,0.8511815071105957,0.6255900859832764,0.83382648229599,0.5764862895011902,0.7709409594535828,0.5832712054252625,0.6794081330299377,0.609889566898346,0.60517817735672,0.5416848063468933,0.6019585132598877,0.48381495475769043,0.5233679413795471,0.44719958305358887,0.4756312966346741,0.41771501302719116,0.4304196536540985,0.5823941826820374,0.5595720410346985,0.5555013418197632,0.42530539631843567,0.5358767509460449,0.34491467475891113,0.5216420292854309,0.27250051498413086,0.6244781017303467,0.5625331997871399,0.6120582818984985,0.47628775238990784,0.6189107298851013,0.5698278546333313,0.6296952366828918,0.6429266333580017,0.6666575074195862,0.5940596461296082,0.6496260762214661,0.5325848460197449,0.6440318822860718,0.5922914743423462,0.6458165645599365,0.6497177481651306,V
0.6804625391960144,0.8232182264328003,0.6214722990989685,0.8282564878463745,0.5674671530723572,0.7813847064971924,0.5665783882141113,0.6840154528617859,0.585077166557312,0.6004157066345215,0.5134702920913696,0.6395619511604309,0.44843047857284546,0.5851956605911255,0.40908291935920715,0.5515265464782715,0.3762744963169098,0.5191800594329834,0.545795202255249,0.5789470076560974,0.503124475479126,0.454553484916687,0.47328636050224304,0.3773452639579773,0.44997817277908325,0.31143856048583984,0.5861812233924866,0.5617432594299316,0.5720638632774353,0.4855984151363373,0.5892782807350159,0.5657157301902771,0.6063931584358215,0.6306788325309753,0.6293761134147644,0.5708028078079224,0.6149283647537231,0.5240957736968994,0.6191011667251587,0.5839490294456482,0.6274447441101074,0.6387075185775757,V
0.6853018999099731,0.8076865077018738,0.6249388456344604,0.823542058467865,0.5734739899635315,0.7811467051506042,0.5683446526527405,0.6795709133148193,0.577630877494812,0.592363715171814,0.5126743316650391,0.6608394980430603,0.44392913579940796,0.6220447421073914,0.3999963104724884,0.5985843539237976,0.3628832697868347,0.5767227411270142,0.5396241545677185,0.5933865308761597,0.4866473972797394,0.4856451749801636,0.45240211486816406,0.4218904674053192,0.42435720562934875,0.36604106426239014,0.5782175660133362,0.5682816505432129,0.5519838333129883,0.4954853951931,0.5771023035049438,0.5684606432914734,0.6010037064552307,0.6250355243682861,0.6224193572998047,0.5702699422836304,0.599582850933075,0.5218547582626343,0.6066837906837463,0.5731002688407898,0.6184878945350647,0.6192978620529175,V
0.6854990720748901,0.7830387353897095,0.6284628510475159,0.8053746223449707,0.5761330723762512,0.774884045124054,0.5649073719978333,0.6766944527626038,0.5680217742919922,0.5886433124542236,0.5080820322036743,0.6783159971237183,0.4371367394924164,0.6559004783630371,0.3919283449649811,0.6414960622787476,0.35429900884628296,0.6236208081245422,0.5301436185836792,0.6059039235115051,0.4756503999233246,0.5167551636695862,0.43984395265579224,0.45692718029022217,0.40929216146469116,0.40336304903030396,0.5635519623756409,0.569952130317688,0.5363622903823853,0.5028913021087646,0.5690986514091492,0.565567135810852,0.5990216135978699,0.6173897981643677,0.6035223603248596,0.5552618503570557,0.5772762298583984,0.515597403049469,0.5884587168693542,0.5573663711547852,0.6036109924316406,0.5976129174232483,V
0.6738709211349487,0.7635002136230469,0.6285481452941895,0.7983399629592896,0.5729777216911316,0.7789188623428345,0.5571038126945496,0.6816959977149963,0.5586695075035095,0.5871363878250122,0.4979987144470215,0.6905423402786255,0.42986860871315,0.6779950857162476,0.38756829500198364,0.6652551293373108,0.3495863974094391,0.6468116044998169,0.5148361325263977,0.6175332069396973,0.4599476456642151,0.5316661596298218,0.4300007224082947,0.4781779944896698,0.40123745799064636,0.42684406042099,0.5439323782920837,0.5746912360191345,0.4890444278717041,0.4985826015472412,0.45689135789871216,0.47220420837402344,0.429828017950058,0.4399358928203583,0.5828632712364197,0.5494279861450195,0.5395221710205078,0.5128002762794495,0.5536034107208252,0.553442120552063,0.5755984783172607,0.5876757502555847,V
0.6730350255966187,0.770129382610321,0.6231184005737305,0.8065476417541504,0.5715856552124023,0.787721574306488,0.5516100525856018,0.6950910091400146,0.5480519533157349,0.6094013452529907,0.4997374415397644,0.7126851677894592,0.4290422797203064,0.7075781226158142,0.38466644287109375,0.7044543623924255,0.3464975357055664,0.6958865523338318,0.5139480829238892,0.6390091776847839,0.454376220703125,0.5610000491142273,0.41438257694244385,0.5108211040496826,0.3805265426635742,0.4672427773475647,0.5419374108314514,0.5963860154151917,0.5139778256416321,0.5485333204269409,0.5474426746368408,0.5948236584663391,0.577913761138916,0.6319957375526428,0.5758025050163269,0.5702555775642395,0.5433939099311829,0.5294134020805359,0.5574596524238586,0.5657538175582886,0.5773999691009521,0.6027439832687378,V
0.6714137196540833,0.7697908878326416,0.6218054890632629,0.8078525066375732,0.5705862045288086,0.7966706156730652,0.5475475192070007,0.70920729637146,0.542126476764679,0.6244012713432312,0.49511969089508057,0.7287459969520569,0.4256521165370941,0.729322075843811,0.38164180517196655,0.7334011793136597,0.3443426787853241,0.7311336994171143,0.5080518126487732,0.6541053652763367,0.44761011004447937,0.5839990973472595,0.40699517726898193,0.5363696217536926,0.37229394912719727,0.4934806823730469,0.5360091924667358,0.6091418266296387,0.5076120495796204,0.5560066103935242,0.541141927242279,0.5993992686271667,0.5723161697387695,0.6358945965766907,0.5707868337631226,0.5806792378425598,0.5422500967979431,0.5431473851203918,0.5586445927619934,0.5781430602073669,0.5800623297691345,0.6123454570770264,V
0.6701357960700989,0.771871030330658,0.6212568283081055,0.809733510017395,0.5703830122947693,0.798604428768158,0.5478300452232361,0.7106006145477295,0.5417320132255554,0.6264790296554565,0.4962831139564514,0.735745370388031,0.4267429709434509,0.7365673184394836,0.3826060891151428,0.7398691177368164,0.3451650142669678,0.7368082404136658,0.5067701935768127,0.662034273147583,0.44566357135772705,0.5904752016067505,0.4057947099208832,0.5418087840080261,0.371824711561203,0.4967234432697296,0.5330244302749634,0.6171476244926453,0.5068470239639282,0.5619350671768188,0.5409399271011353,0.609561562538147,0.5713223218917847,0.6474931240081787,0.5672758221626282,0.5876594185829163,0.5389937162399292,0.5468785166740417,0.5560076236724854,0.5857028365135193,0.5773606896400452,0.6237350702285767,V
0.6719128489494324,0.7722068428993225,0.6229572892189026,0.8123049139976501,0.5707024335861206,0.7997623682022095,0.5478300452232361,0.710445761680603,0.5419291257858276,0.6259407997131348,0.496637225151062,0.735988974571228,0.42753344774246216,0.7351148128509521,0.3833271861076355,0.7376605868339539,0.3456086218357086,0.7341947555541992,0.5084164142608643,0.6602521538734436,0.4474191963672638,0.5874143838882446,0.4076254367828369,0.5409062504768372,0.37348800897598267,0.49719318747520447,0.5361648201942444,0.6142995953559875,0.5086656212806702,0.5561702251434326,0.5411190390586853,0.6027357578277588,0.5710699558258057,0.6394439935684204,0.572067379951477,0.5852078795433044,0.543915331363678,0.548183262348175,0.5598852634429932,0.5862627625465393,0.5806057453155518,0.6222203373908997,V
0.6737168431282043,0.7662432193756104,0.6256993412971497,0.807641327381134,0.573306143283844,0.7965691685676575,0.5503753423690796,0.7070004343986511,0.5439925193786621,0.6217735409736633,0.4978674054145813,0.729819118976593,0.4294516444206238,0.730521559715271,0.3851913809776306,0.7338719367980957,0.3471434712409973,0.7315380573272705,0.5097877383232117,0.6531320810317993,0.4492231607437134,0.5801136493682861,0.4100720286369324,0.5347139835357666,0.3761468231678009,0.4924197494983673,0.5376163125038147,0.605743408203125,0.5113531351089478,0.5513648986816406,0.5445067882537842,0.5986010432243347,0.5739994645118713,0.6342235803604126,0.5733045339584351,0.5749675631523132,0.5448236465454102,0.5447527170181274,0.5608174204826355,0.5849337577819824,0.5804892182350159,0.6201490163803101,V
